src,tgt
Parang may lamay sa grammy eh noh antamlay magsalita di ba kayo naka kaen,"It's like there's a wake at the Grammys, isn't it? So sluggish when speaking, didn't you guys get to eat?"
User talaga kayo 😭 di ba kayo aangat pag wla boys namin?,You guys are such users 😭 won't you succeed without our boys?
"Si la pobre de Evelyn y su pareja Wilson creo que se llama, está esperando unas disculpas de parte de este individuo que esperen sentados que de pie se van a cansar... (Todos tienen la culpa menos yo)","Poor Evelyn and her partner, Wilson I think his name is, are waiting for an apology from this individual, but they'll wait forever, they'll get tired standing... (Everyone else is at fault but me)"
"O 'di ba kung kailan 'di na tayo nagkikita sa school saka mo'ko ichachat, kung kailan emotionally unavailable ako atm 🙂","See? When we stop seeing each other at school, that's when you'll chat me up, when I'm emotionally unavailable atm 🙂"
"Il cane di BA       Io se fossi al suo posto 
#BarisArduç",BA's dog. Me if I were in his place. #BarisArduç
"Look whos on the side, si hakdog di ba","Look who's on the side, it's Hakdog, isn't it?"
"Guys! nakuha talaga,marunong umuwi si Steb pag 8pm kakain na sila e. Ibalik n'yo na, tatlo na mag bibigay ng reward please lang balik n'yo na 😭😭","Guys! He really got it, Steb knows how to come home by 8 PM because they're going to eat. Please bring him back, three people will give a reward, please just bring him back 😭😭"
Di ba pwede makita sa cctv?,Can't it be seen on CCTV?
JUST GOT SHIPMENT NOTIF FOR THE SIGNORA COSPLAY WHATS GOOD YALL,JUST GOT SHIPMENT NOTIF FOR THE SIGNORA COSPLAY WHATS GOOD YALL
Yessss,Yessss
"Umorder ako sa Shopee ng dress, a plain rust-colored dress. Na add to cart ko siya and na checkout, meaning available yung product. Aba, pinalitan ba naman ng ibang klase kasi wala daw stock and di nagsabi sa akin hahahaha tama naman mainis ako di ba?🙃","I ordered a plain rust-colored dress from Shopee. I added it to cart and checked out, meaning the product was available. But then, they replaced it with a different kind because they said it was out of stock and didn't even tell me! Hahahaha, I have every right to be annoyed, don't I? 🙃"
TEKA MARE NATUTUWA AKO PAG NANALO BA ALBUM MO PANALO RIN ANG INANG NATEN @oliviarodrigo PAKISAGOT BHIE MARAMING SALAMAT. PINOY KA NAMAN DI BA #GRAMMYs,"HOLD ON, BESTIE, I'M SO HAPPY! IF YOUR ALBUM WINS, OUR MOTHER WINS TOO, @oliviarodrigo. PLEASE ANSWER, BHIE, THANK YOU VERY MUCH. YOU'RE FILIPINO, AREN'T YOU? #GRAMMYs"
"DI BA!!! Less gastos!! Hahahahahaha. 
May isa ako ngayong sisimulan but tingnan natin kung maganda. Bata uli ang bida hahahaha balitaan kita if maganda HAHAHAHAHAHA",RIGHT?! Less expenses!! Hahahahahaha. I'm starting a new one now but let's see if it's good. The main character is a kid again hahahaha I'll let you know if it's good HAHAHAHAHAHA
kaya nga di ba ang tanga niyo lang @PBBabscbn,"That's why you're so stupid, isn't it? @PBBabscbn"
ratio is 3 wins over 5 AOTY noms omg,ratio is 3 wins over 5 AOTY noms omg
Bes isang nomination lang??,"Bes, only one nomination??"
oo beh 😭 maski folklore lps di nominated 😭,"Yes, beh 😭 even the Folklore LPS wasn't nominated 😭"
Di ba beh nanalo na yung folklore last year ng aoty?,"Didn't Folklore win AOTY last year, beh?"
"yes, pero sinubmit nya yung folklore long pond sessions for best music film pero snubbed","yes, but she submitted the folklore long pond sessions for best music film but it was snubbed"
"Ahh okay. 
Im expecting kase meron sya more than 2 nomination",Ahh okay. I was expecting her to have more than 2 nominations.
hindi ako iiyak,I won't cry.
maaawa ka kay ash for sure,"You'll feel sorry for Ash, for sure."
haynako!!!!!!! di ba pwedeng bawiin yung unang sinabi ko na lubusin nang saktan si ash? hahhaha,Oh my gosh! Can't I take back what I said earlier about letting Ash get hurt completely? Hahaha
HAHAHAHAH hindi na eh,HAHAHAHAH not anymore.
And i'm your guitar.
I play your music
Straight from the heart....
Ganyan Si VP Leni parang stasyon ng Radio nong late 80's aabangan mo talaga sa ganda ng mensahe.
Etong si El Nido parang Bombo radyo kada salita Dong.. tigi Dong Dong. Sakit sa tenga!😆🤣","You are the minstrel, And I'm your guitar. I play your music Straight from the heart.... VP Leni is like a radio station from the late 80s, you'd really look forward to her because of her beautiful message. This El Nido is like Bombo Radyo, every word is 'Dong... tigi Dong Dong.' It's painful to listen to! 😆🤣"
The Mellow Touch 94.7! Mas maganda mga radio stations nuon kesa ngayon. Isa pa yung City Lights 88.3. 🥺,The Mellow Touch 94.7! Radio stations were so much better back then than now. Also City Lights 88.3. 🥺
"mellow touch, istasyon ng mga motel di ba? 😂 puro love songs...","Mellow Touch, isn't that a motel station? 😂 All love songs..."
Hindi ko lang sure since hindi pako nakapasok sa motel. 😊,I'm not sure since I haven't been to a motel yet. 😊
"😂😂😂...medyo outdated na sila, kaya slim na ang chance sir...😂😂😂","😂😂😂...they're a bit outdated now, so the chance is slim, sir...😂😂😂"
LOL😆😂,LOL😆😂
Namomoblema pala si Eian. Bakit ayaw paalisin kanina hahahaha,Eian's having trouble. Why didn't they let him leave earlier? Hahahaha
Di ba,Right?
True hahshaha,True hahshaha
good morning to addam from xenoblade chronicles ii: torna: the golden country expansion dlc,good morning to addam from xenoblade chronicles ii: torna: the golden country expansion dlc
y’all r lucky I don’t have a capture card for my switch y’all do not wanna watch me play xenoblade I promise,y’all r lucky I don’t have a capture card for my switch y’all do not wanna watch me play xenoblade I promise
ano pa bang bago di ba? hmmp,"What else is new, right? Hmmp"
beli di ba mana kak wording nya KBL keren banget lhoo,"buy it, where's the cool KBL wording though?"
So mukhang ipupush talaga ng ABS-CBN ang limited episode and seasonal line up next year ha. New era of PH Television habit na talaga.,"So it looks like ABS-CBN will really push for a limited episode and seasonal lineup next year, huh. It's really a new era of PH Television habits."
Di ba they tried it before Sineserye ata yun at Komiks pero di gaanobg kibagat kasi 2 months na yung pinakamatagal?,"Didn't they try it before, Sineserye I think, and Komiks, but it wasn't that impactful because the longest was only 2 months?"
DI BA NILA NADESERVE?,DIDN'T THEY DESERVE IT?
"yung special request, dinalawa ngayong linggo. nakakaloka, di pa pinagsabay. di ba talaga makakapagwait yan ng weekend?","The special request, they did it twice this week. It's crazy, they didn't even do it together. Can't they really wait for the weekend?"
"into the i-land nanaman? Haha di ba kayo nagsasawa? 'cause same 😔 i miss hanbin yawa 
#throwbacktuesday","Into the I-Land again? Haha, aren't you guys tired of it? 'cause same 😔 I miss Hanbin, damn it. #throwbacktuesday"
"IKAW ANG HUDAS!
MISTRESS KA LANG- MANG AAGAW NG ASAWA!!
Sino si RONNIE SABA DAYAN? DRIVER MO DI BA?","YOU ARE THE JUDAS! YOU'RE JUST A MISTRESS - A HOMEWRECKER! Who is Ronnie Saba Dayan? YOUR DRIVER, ISN'T HE?"
"HUDAS!?? SINONG HUDAS? PPPSSSTTT FRAILTIES OF A WOMAN- DI BA IKAW ANG HUDAS—
  DRIVER MO MAYROON ASAWA PINATULAN MO?
GUSTONG MONG KAININ PALA IS WAS “ SABA VARIETY OF BANANAS”",JUDAS!?? WHO'S JUDAS? PSSSTTT FRAILTIES OF A WOMAN - AREN'T YOU THE JUDAS— YOU GOT INVOLVED WITH YOUR DRIVER WHO HAS A WIFE? YOU WANT TO EAT 'SABA VARIETY OF BANANAS' AFTER ALL!
i just know that the academy won’t let her win back-to-back but still!!! labyu congrats @taylorswift13,i just know that the academy won’t let her win back-to-back but still!!! labyu congrats @taylorswift13
AKSKSKS enough na ito,AKSKSKS this is enough
‘DI BA milagro na manalo but evermore deserves pERIODTTT,ISN'T IT a miracle to win but evermore deserves it PERIODTTT
POP VOCAL ALBUM SNUB CAN'T ACCEPT THIS THO,POP VOCAL ALBUM SNUB CAN'T ACCEPT THIS THO
TOTOO pero go olivia sweep this shit,TRUE but go Olivia sweep this shit
"Parang yung ibang housemates rin need magset ng boundaries sa pahihimasok sa buhay nina KD at Anji. Gets ko na concerned kayo sa kanila, pero you don't really know them pa. Hindi niyo alam kung ano ang foundation ng friendship nila. Kaya please lang, kawawa na sila emotionally.","It's like some other housemates also need to set boundaries on interfering with KD and Anji's lives. I get that you're concerned about them, but you don't really know them yet. You don't know the foundation of their friendship. So please, they're already emotionally hurting."
"Di ba sila naaawa kay Anji? Grabe yung iyak niya lalo na yung last part bago mag end yung stream. Natatakot siya sa sasabihin ng iba about sa kanya. Yung kinakatakutan niya, mismong sa bahay niya nararanasan.","Don't they feel sorry for Anji? Her crying was so intense, especially the last part before the stream ended. She's scared of what others will say about her. What she fears, she's experiencing right in her own house."
Di ko na tuloy alam kung gusto pa ba ni Anji yung ginagawa niya. Kung totoo ba niyang naeexpress yung sarili niya. O sumusunod nalang siya sa gusto ng housemates na gawin niya.  Hindi natin alam eh. Kasi takot siya mahusgahan. Kaya pls lang. Hayaan niyo siya matuto na siya lang.,I don't even know anymore if Anji still likes what she's doing. If she's truly expressing herself. Or if she's just following what the housemates want her to do. We don't know. Because she's afraid of being judged. So please. Let her learn on her own.
"Haphy ending naman 'to 'di ba? Kasi kung hindi, ipilit natin, pls 😭😭😭","This has a happy ending, right? Because if not, let's force it, please 😭😭😭"
Di ba nag open up si Anji ky Kyle..unlike nung una na sobrang dala ng bugso ng damdamin at sa ayaw nya may masabi si TJ.,Didn't Anji open up to Kyle... unlike before when she was overwhelmed with emotion and didn't want TJ to say anything.
"Sino ba ang nahnakaw kina Marcos? Ang AQUINO ang totoong nagnakaw sa kanila. Sila ang nagpasasa sa hindi kanila. WAG NGA KAYO TANGA! Manang mana kayo sa ina ninyo! 
Sayad sa lupa ang utak. Ipinagmamalaki ninyo? Ang talino di ba?","Who stole from the Marcoses? The AQUINOs are the real thieves from them. They indulged in what wasn't theirs. DON'T BE STUPID! You're just like your mother! Your brains are on the ground. You're proud of that? You're smart, aren't you?"
bakit puro kayo wtf di ba pwedeng wth naman🤕,Why are you all saying 'wtf'? Can't you say 'wth' instead? 🤕
badtrip padin umasa ako sa music video tapos dun sa last 3 categories wala pa sila ano yun? out of 7 isa lang di ba sila marunong tumingin mga takot lang ksi eh hays,"Still upset, I got my hopes up for the music video and then in the last 3 categories, they weren't there. What was that? Out of 7, only one? Don't they know how to look? They're just scared, huh, sigh."
tAngina niyo di ba kayo mag rereply,"DAMN YOU, AREN'T YOU GOING TO REPLY?"
"Kasi if it's not legit, the mere mention of St Luke's as the testing center, St Luke's could have reacted right away, di ba? But so far, wala namang ganoon...DESPERADA lang ba talaga sila na mapatalsik si BBM🤦🤦🤦","Because if it's not legit, the mere mention of St Luke's as the testing center, St Luke's could have reacted right away, right? But so far, nothing like that... Are they just really DESPERATE to oust BBM? 🤦🤦🤦"
butter wala sa song of the year? di ba kayo informed kung anong achievements ng butter??? gagi nood nood ng news at magcheck sa twitter mga hangal,"Butter not in song of the year? Aren't you informed about butter's achievements??? You idiots, watch the news and check Twitter, you fools!"
"Grocery scammers seem to be targeting opposition figures. Yesterday, someone ordered P100k worth of Metromart groceries under the name of presidential bet and VP Leni Robredo on a cash on delivery basis. The items have been returned and the riders were not charged. | @maracepeda","Grocery scammers seem to be targeting opposition figures. Yesterday, someone ordered P100k worth of Metromart groceries under the name of presidential bet and VP Leni Robredo on a cash on delivery basis. The items have been returned and the riders were not charged. | @maracepeda"
Bakit nandito pa ang mga ungas na rappler? Di ba kinansela na ng SEC ang lisensya nyo dahil mga fakenewsmaker kayo? Layas na kayo? Hindi namin kailangan ang media na bias kaya nga kulong mga kasamahan ninyo dahil sa fakenews na balita ninyo! Layas! Pweee!,"Why are these Rappler idiots still here? Didn't the SEC cancel your license because you're fake newsmakers? Get out! We don't need biased media, that's why your colleagues are jailed for your fake news reports! Get out! Pweee!"
Listen to her lmfao what the hell do you mean?,Listen to her lmfao what the hell do you mean?
The thing about the Turkey day games is this to me: Why would you not want your best teams playing on a day everybody is watching?,The thing about the Turkey day games is this to me: Why would you not want your best teams playing on a day everybody is watching?
Will never for the life of me understand how the lions and cowboys monopolized that entire audience and no one in the league really seems to care,Will never for the life of me understand how the lions and cowboys monopolized that entire audience and no one in the league really seems to care
Puro coffee date yaya ng mga to amputa siguro masyadong oa pagka manifest ko ng starbucks planner ah. di ba pwedeng gcash date na lang?,"All these people keep asking for coffee dates, damn, maybe I manifested the Starbucks planner too strongly. Can't it just be a Gcash date instead?"
TANGINA BAT DI BA KO NATUTO LECHE,"DAMN IT, WHY DIDN'T I LEARN, DAMN IT!"
"Looking for the UV Express Driver who brought me home. Since I was in pain and dazed, was not able to get hold of his name. 
But he was able to have a pic with me I remember.
Owe him a lot.  As I was alone there sprawled on the street.  Luckily he passed by and I flagged him.","Looking for the UV Express Driver who brought me home. Since I was in pain and dazed, was not able to get hold of his name. But he was able to have a pic with me I remember. Owe him a lot. As I was alone there sprawled on the street. Luckily he passed by and I flagged him."
"Magdala ka ng escort, yaman ka di ba? Dagdagan mo na din ng ambulansya.","Bring an escort, you're rich, aren't you? Add an ambulance too."
UY BEH AKOOOO .. hindi player,"HEY BEH, IT'S ME... not a player."
beh  bkt  😔😔😔😔😔😔😔😔  bkt  k  pa  nagreply,"Beh, why 😔😔😔😔😔😔😔😔 why did you reply?"
"inaupdate lang kita beh baka kasi sa susunod alam mo na, hindi pa rin ako player pero at least updated ka beh di ba say uwu nga kung agree ka 🥺🥺🥺🥺🥺🥺","I'm just updating you, beh, because next time, you know, I'm still not a player but at least you're updated, beh, right? Say uwu if you agree 🥺🥺🥺🥺🥺🥺"
u-uwu  🥺🥺🥺🥺🥺🥺🥺,u-uwu 🥺🥺🥺🥺🥺🥺🥺
"Non-athlete here pero to these organization/s, di ba kayo nababahala na how many sportsmen hace changed their citizenship because of our system? Peraan na lang? Hindi ba iko-consider how much the athletes spent their pockets while you're aiding them as small as grain of rice.","Non-athlete here but to these organization/s, aren't you concerned about how many sportsmen have changed their citizenship because of our system? Is it all about money now? Won't you consider how much the athletes spent their pockets while you're aiding them as small as a grain of rice."
"I refuse to think this is cultural, this is just straight up evil. To these officials, have some shame for once.","I refuse to think this is cultural, this is just straight up evil. To these officials, have some shame for once."
Gigil iiglip sana ako nabuwiset pa,"So annoyed, I was about to nap but got pissed off."
ANO NA MGA DI BA KUMAIN TO WALANG ENERGY,"WHAT'S UP WITH THESE PEOPLE, DIDN'T THEY EAT, NO ENERGY!"
DI BA UNG IBA PINAPAKITA,DON'T THEY SHOW OTHERS?
tamlay nyo naman di ba kayo kumain😕,"You're all so sluggish, didn't you eat? 😕"
"gago sa tahimik don sa studio pati pag lakad nung girl rinig nyawa, di ba kayo inaantok gan gagu","Damn, it was so quiet in the studio, you could even hear the girl walking, damn it, aren't you guys sleepy, damn it."
grey goose di ba chichirya yun ????,"Grey Goose, isn't that chips????"
Di ba? Hahaha! EKIS TALAGA,Right? Hahaha! IT'S A TOTAL NO.
"Sabi na may kapalit pag sobrang saya 😔
Okay na okay na cla,  di ba nila nakikita yun? Yun na ang iniiyakan ni anji eh, yung hindi nila maintindihan yung samahan ng KYJI, Hndi ma nya alam papano kikilos, saan lulugar.
@PBBabscbn pls help huhu may date pa cla eh 😁","I knew there was a catch after being so happy 😔 They're perfectly fine now, don't they see that? That's what Anji is crying about, that they don't understand KYJI's bond. She doesn't know how to act, where to fit in. @PBBabscbn pls help huhu they still have a date 😁"
"Kaya nga..huhu..sana this wednesday,okay pa rin ang pusong dilaw","That's why.. huhu.. I hope this Wednesday, the yellow heart is still okay."
Im so soft for this huhu 🥺🥺,Im so soft for this huhu 🥺🥺
Di ba 👉👈,Right? 👉👈
"35 years na po, madam VP. Mag-inang Aquino pa po ang nakaupo sa Malacañang. Ito pa rin po ang kinakanta ninyo?","It's been 35 years, Madam VP. The Aquino mother and child were still in Malacañang. Are you still singing this same tune?"
Baka alam mo kung saan itinago. Nakinabang din pamilya nyo sa pamilya ng magnanakaw di ba? 😂,"Maybe you know where it's hidden. Your family also benefited from the family of thieves, didn't you? 😂"
di ba nagkape tong mga announcer? 🥱,Didn't these announcers drink coffee? 🥱
before i sleep i just want to confess na im scared to end up like my clients asking if they will ever experience romantic relationships. theyre in their mid and late 20s to early and mid 30s; successful in careers but would still crave that romantic human experience :(,before i sleep i just want to confess na im scared to end up like my clients asking if they will ever experience romantic relationships. theyre in their mid and late 20s to early and mid 30s; successful in careers but would still crave that romantic human experience :(
rold uu masama akong tao pero deserve ko naman to ‘di ba? If my clients deserved it then ako siyempre XD,"Rold, yes, I'm a bad person, but I deserve this, don't I? If my clients deserved it, then of course I do XD"
di ba dapat ley miserab pronunciation don,Shouldn't 'Les Misérables' be pronounced differently there?
TANGINA TALAGA AKDUEJHSJWUSJAJA BOBO NG GRAMMYS AMPUTA DI BA KAYO MAALAM MAGSIDE STEP RIGHT LEFT TO MY BEAT,"DAMN THE GRAMMYS, YOU IDIOTS, DON'T YOU KNOW HOW TO SIDE STEP RIGHT LEFT TO MY BEAT?"
Kukulit naman kase di ba makaramdam na ayaw sa inyo mag open nung bata??,"They're so persistent, can't they tell the kid doesn't want them to open up?"
I DON’T KNOW ABOUT YOU BUT THIS IS HUGE,I DON’T KNOW ABOUT YOU BUT THIS IS HUGE
Let’s see next year hahaha,Let’s see next year hahaha
Depende sa kanya kasi hindi niya sinubmit Fearless di ba haha,"Depends on her because she didn't submit Fearless, right? Haha"
"SINO PANG MGA GISING, INTERACT MGA TEH","WHO ELSE IS AWAKE, INTERACT, LADIES?"
OKAY SINO BA NAMAN AKO PARA PANSININ 'DI BA?? 😓😓😓😓😓😓😓😓😓😓,"OKAY WHO AM I TO BE NOTICED, RIGHT?? 😓😓😓😓😓😓😓😓😓😓"
Biggest slap to that industry plant lol di ba kinaya buhatin?ㅋㅋㅋㅋㅋㅋㅋ,"Biggest slap to that industry plant lol couldn't carry it, could she? ㅋㅋㅋㅋㅋㅋㅋ"
Hu che cha sra paisy e Nu di ba wai harame e gatli di🙄😒,"Oh, so this is how it is? Isn't this too much?"
'di ba pwedeng maging grateful na lang siya,Can't he just be grateful?
di ba pedeng best americana album BE agad hahahaha antok na ko,"Can't it just be Best American Album right away, hahaha, I'm already sleepy."
this is why they're deprived of content they somehow deserved it,This is why they're deprived of content they somehow deserved it.
di ba?,Right?
i did my best naman di ba? but why is it still not enough?,"I did my best, didn't I? But why is it still not enough?"
Nag almusal naman siguro kayo di ba???,"You all had breakfast, right???"
"""di ba crazy ka""
HAHAHAHAHAHAHAHHA","""You're crazy, right?"" HAHAHAHAHAHAHAHAHHA"
di ba nagsubmit b3n&b3n sa best folk album??,Didn't Ben&Ben submit for best folk album??
"Dear RA, i think u need to include best kpop album now..
More inclusions di ba?
#GRAMMYs","Dear RA, I think you need to include best kpop album now.. More inclusions, right? #GRAMMYs"
"Kung ayaw niyo, Best OPM album na lang😂
#Grammys","If you don't want that, then Best OPM album it is, haha. #Grammys"
"2nd dose ko bukas at may class ako pero para 'to sa bts kaya why not 'di ba????
@BTS_twt deserve ko ang pag mamahala n'yo lods","My 2nd dose is tomorrow and I have class but this is for BTS so why not, right???? @BTS_twt I deserve your love, lods."
Emz vote for bts!!! billboard.com/music/awards/g…,"Ugh, vote for BTS!!! billboard.com/music/awards/g..."
JOKE ETO NA TALAGA LAST NA TO,"JOKE, THIS IS REALLY THE LAST ONE"
alam mo nababaliw na ako rito same tayo sa xiaojun at mark pero magko-commit ako sa sungchan at chenle😭😭hHAHHAHAHAH,"You know, I'm going crazy here, we're the same with Xiaojun and Mark but I'm going to commit to Sungchan and Chenle 😭😭 HAHAHAHAH"
Pucha wait typo ako HAHAHHAHAHAHAAHA basta yung una ko si chenle yung nakaupo na isa tas as of now ayan na,"Damn, wait, I have a typo HAHAHHAHAHAHAAHA It's just that my first one was Chenle, the one sitting, and as of now, there it is."
PAANO NAGING CHICK!!/1?!1??!😭😭😭PERO UNANG KITA KO TALAGA XIAOJUN NGA GAGU MUKHANG MAPAPAKAIN AKO NG KULANGOT AH,"HOW DID IT BECOME CHICK!!/1?!1??!😭😭😭 BUT MY FIRST SIGHT WAS REALLY XIAOJUN, DAMN, I LOOK LIKE I'M GOING TO EAT MY BOOGERS AH"
Hoy alam mo ba kanina yung una ko kasama talaga si chenle chick is yung nakaupo na isa sa,"Hey, you know earlier, my first one was really Chenle, chick is the one sitting in"
"kingina 'di ba masaya buhay ng mga 'to, tabi nyo na ako na jan","Damn, aren't these guys living a happy life? Move over, I'll take that."
'di ba 'to sunod sunod ponyeta??,"Isn't this supposed to be continuous, dammit??"
"grabe ka, cheat agad? 'di ba pwedeng kinabisado lang 😭 — HAHAHAHA so umulit curiouscat.qa/dospordoss22/p…","Wow, you immediately assume I cheated? Can't it just be that I memorized it 😭 — HAHAHAHA so you asked again curiouscat.qa/dospordoss22/p..."
bat for a while. di ba pwedeng forever nalang.,Why for a while. Can't it just be forever?
"""Hah!"", Jerry thought to himself. ""I look foot""","""Hah!"", Jerry thought to himself. ""I look foot"""
hey quick question WHAT,hey quick question WHAT
Uh,Uh
bet ko to may gcng p ba 😂,"I bet on this, is anyone still awake? 😂"
oct libra cuties,oct libra cuties
syempre 🏳💚 kaya nga lodibabes kita eh 😏 sept 27 libras lang naman red flag sa sign natin eh,"Of course 🏳💚 that's why you're my 'lodibabes' 😏 only Sept 27 Libras are red flags in our sign, anyway."
di ba dapat sept. 28 HAHAHA,Shouldn't it be Sept. 28 HAHAHA
😾😾😾 kakampe ako!,😾😾😾 I'm on your side!
Ang laki siguro problema ng mga to bakit walang sigla di ba kayo masaya sa mga nominated,"These people must have big problems, why are they so lifeless? Aren't you happy with the nominees?"
finally nag-college na siya sa bite me tapos gusto nyo na naman ibalik si siwat sa high school 🤣,finally he went to college in bite me and then you guys want to put siwat back in high school 🤣
di ba nonexistent pa si praram sa lm universe? grade 10 or 11 palang siya lol,Isn't Praram nonexistent in the LM universe yet? He's only in grade 10 or 11 lol
di ba pwedeng i-fast forward to? 😪,Can't we just fast forward this? 😪
yeah ikr 😔,yeah ikr 😔
"hindi ko man sure kung tama ang mga sagot ko, pero atleast tapos na 'di ba? need na agad magmove on kasi may mga susunod pa. sino ba naman kasi ako para bigyan ng materials na magagamit for quiz, 'di ba?? 🤗☺️😊🥰😍🤩😁😀😃😄😘🥰😍🤩🤗☺️😊😌😉🤭","I'm not sure if my answers are correct, but at least it's done, right? Need to move on immediately because there are more to come. Who am I anyway to be given materials to use for a quiz, right?? 🤗☺️😊🥰😍🤩😁😀😃😄😘🥰😍🤩🤗☺️😊😌😉🤭"
sa best childs album di ba sali ang hey tayo at bilie poco dyan,"In the best children's album category, aren't ""Hey Tayo"" and ""Billie Poco"" included?"
‘di ba siya masaya sa trabaho niya mag-announce,Isn't she happy with her job announcing?
GAG0H KA AHAHHAHAHAHAHAHAHAHHAHHAHA,YOU'RE AN IDIOT AHAHHAHAHAHAHAHAHAHHAHHAHA
ibigay kay cardi b ‘yang trabaho niya HAHAHAHHAHA,Give that job to Cardi B HAHAHAHHAHA
"Di ba pwedeng ilabas nalang yung list, bakit ba kasi live antok na ko beh😵","Can't they just release the list, why is it live? I'm sleepy, beh 😵"
im going insane everything about them looks promising i already have 3 biases wtf jfdjdkdjs the performances videos IM A CRYING MESS THEYRE SO GOOD 😭😭😭,I'm going insane everything about them looks promising I already have 3 biases wtf jfdjdkdjs the performances videos I'M A CRYING MESS THEY'RE SO GOOD 😭😭😭
im sure u already know what im talking about @tosunsets 😭,I'm sure you already know what I'm talking about @tosunsets 😭
"yes xh!!! 😭😭 gaon, jooyeon and gunil caught my eye first i cant wait to see more from them!! and i love their sound already?? looks promising","Yes, Xh!!! 😭😭 Gaon, Jooyeon and Gunil caught my eye first, I can't wait to see more from them!! And I love their sound already?? Looks promising."
PLEASE their vocals 🥲 what im looking forward to the most!! love the way they introduced the members too,PLEASE their vocals 🥲 what I'm looking forward to the most!! Love the way they introduced the members too.
di ba!! i like where this is going studj i beg,"Right?! I like where this is going, I beg."
Sana lahat ganito kabilis mag announce di ba,"I wish everyone announced this quickly, right?"
"""Before nga po, nangangarap lang kami na sana 'di ba in the future, makapag-perform tayo sa stage na ito. Marami na kami napanood na concerts sa Araneta before,” Josh said. 
@SB19Official #SB19
#Bazinga_SB19
news.abs-cbn.com/entertainme… via @ABSCBNNews","""Before, we only dreamed that, in the future, we could perform on this stage. We've watched many concerts at Araneta before,"" Josh said. @SB19Official #SB19 #Bazinga_SB19 news.abs-cbn.com/entertainme… via @ABSCBNNews"
down parrehhh 👀🤣,I'm down for it 👀🤣
🤣🤣🤣 getz na kita orb...kaso are gonna make suko na ba? susuka pero never susuko!!! 👀😁,"🤣🤣🤣 I get you now, orb... but are you going to give up already? I'll vomit but I'll never give up!!! 👀😁"
what do you do ba when have makulog? we make putol it di ba? 👀🤣🤣🤣,"What do you do when you're 'makulog'? We 'make putol it', right? 👀🤣🤣🤣"
"#SayWhat: A doctored image made the rounds on Facebook this weekend supposedly showing a caravan in Pampanga by supporters of @bongbongmarcos.
It's FAKE.",#SayWhat: A doctored image made the rounds on Facebook this weekend supposedly showing a caravan in Pampanga by supporters of @bongbongmarcos. It's FAKE.
May script na sila... Dilawan kuno yung nag upload to confuse them. Kasi daw deactivated na account. Marunong daw kasi silang manindigan sa post nila. E di ba bad deactivate din yung nag post na may pa drifit shirt pa.,They have a script... They'll say the uploader was 'Dilawan' (yellow/opposition) to confuse them. Because they said the account was deactivated. They claim they stand by their posts. But didn't the poster with the drifit shirt also deactivate?
"Huhu. TBH, this put all the blame to KD with the friendship that is happening. Di ba mutual yun? So HMs are now suggesting na tablahin totally ni Anji si KD? Di ko talaga maintindihan why they are blaming KD","Huhu. TBH, this put all the blame on KD with the friendship that is happening. Isn't that mutual? So HMs are now suggesting that Anji should totally ignore KD? I really don't understand why they are blaming KD."
hindi nya ba i2 nakikita 🤭,Doesn't he see this 🤭
who....SINO HUH,"Who.... WHO, HUH"
DI BA NYA MAKIKITA YARN???,WON'T HE SEE THAT???
GAGO OO NGA YAAN MO NA PUTANGINAG DMI DMAING TWTS EH,"IDIOT, YES, NEVERMIND, THERE ARE SO MANY TWEETS EH"
HAHAHAHAHAHHA HE MESSAGED ME 3 MINS AGO,HAHAHAHAHAHAHHA HE MESSAGED ME 3 MINS AGO
"o di ba?tatlong units nakaopen youtube ko recording acad pero dahil sa trauma dala ng ginawa nyo last year di ko kayang manood...huhu...
God is good, BTS will be nominated in various categories and will definitely win all of them this time!
💜💜💜💜💜💜💜","See? My YouTube is open on three units, recording for acads, but because of the trauma from what you did last year, I can't watch... huhu... God is good, BTS will be nominated in various categories and will definitely win all of them this time! 💜💜💜💜💜💜💜"
"Also, it should be a Boston issue. Not a state issue. The fact that my dad living 50 miles away is helping to fund bicycle paths in Boston is insane.","Also, it should be a Boston issue. Not a state issue. The fact that my dad living 50 miles away is helping to fund bicycle paths in Boston is insane."
"Your dad or your dad's neighbors likely benefit in one way or another from a thriving Boston economy.
The state needs to meet the needs of all of Mass. But Boston is a big part of those needs no matter how you break it down.",Your dad or your dad's neighbors likely benefit in one way or another from a thriving Boston economy. The state needs to meet the needs of all of Mass. But Boston is a big part of those needs no matter how you break it down.
That is a fair point. But how is spending money on bikers helping the economy? They aren’t paying things like an excise tax or registration fees.,That is a fair point. But how is spending money on bikers helping the economy? They aren’t paying things like an excise tax or registration fees.
Definitivamente YouTube me odia. Directo desmonetizado! Extracto del directo desmonetizado. Eso sí gracias por monetizarme el video de Juanca que generará 2 euros jajajaja!,"YouTube definitely hates me. Demonetized live stream! Demonetized live stream extract. But thanks for monetizing my Juanca video, it will generate 2 euros, hahaha!"
"Pues vaya con YouTube,  a un tío como tu que nos haces reír y ser felices te desmonetizan tus directos y a otros que solo saben dar pena y dar puyitas sibilinamente hasta le premian,  el mundo al revés, vamos!!!🤦‍♀️😘😘😘","Well, what's up with YouTube, a guy like you who makes us laugh and happy gets his live streams demonetized, while others who only know how to evoke pity and subtly throw shade even get rewarded. It's a topsy-turvy world, really!!! 🤦‍♀️😘😘😘"
"tuloy tuloy, di ba siya natutuyuan ng lalamunan 😭","Continuous, doesn't his throat get dry 😭"
Disgruntled ANC voters are easy to spot. 🤣🤣,Disgruntled ANC voters are easy to spot. 🤣🤣
Di ba hurdile di tlhopo tsa bo mayor,Isn't it the mayoral election hurdles?
Pink nails ni Neggy 💅😸,Neggy's pink nails 💅😸
Pusa mo yan dai?,"Is that your cat, dear?"
"Oo dai, bakit? 😁","Yes, dear, why? 😁"
Lakas mo maka krist dyan. Haha,You're really giving off Krist vibes there. Haha.
"Haha bakit si Krist dai, di ba pwedeng si Bright o Sunny na lang? 😂","Haha why Krist, dear, can't it just be Bright or Sunny instead? 😂"
"Mahilig din ba sa pusa si Bright?
Sino si Sunny? Ang kilala ko lang si mang sony sa kanto namin",Does Bright also like cats? Who's Sunny? The only Sunny I know is Mang Sony in our neighborhood.
"Haha oo dai, ragdoll pusa nya. Si Sunny yun yung unang bet ko na Thai actor..ang reason bakit ako pumuntang Thailand at nameet ko yung friend nya. Sya yung sa I'm fine thank u love u at sa My ambulance, si Bright yung batang Sunny don 😁","Haha yes, dear, he has a ragdoll cat. Sunny is the first Thai actor I liked... he's the reason why I went to Thailand and met his friend. He's the one in 'I'm fine, thank you, love you' and 'My ambulance', Bright is the young Sunny there 😁"
"Buenos días, me han vuelto a rechazar el verificado 🤷🏻‍♂️ No le caigo bien a @verified","Good morning, my verification has been rejected again 🤷🏻‍♂️ @verified doesn't like me."
"Javi, tu inténtalo una y otra vez hasta que se cansen y por pesao te lo den!! Jajajjaja es broma, pero "" El que lo sigue lo consigue"" así que paciencia algún día cuando menos te lo esperes te lo Dan, y si no hacemos un escrito pa que te lo den!! Mucha suerte 😘😘","Javi, keep trying over and over until they get tired and just give it to you for being persistent!! Hahaha, just kidding, but ""He who keeps at it achieves it"" so be patient, one day when you least expect it they'll give it to you, and if not we'll write them a letter to get it for you!! Good luck 😘😘"
"Por cierto, esta mañana me copiaron cutremente una noticia que tenía guardada en mi móvil desde hace CUATRO DÍAS. El canal plagiador sigue en las mismas en lugar de trabajar. A lo mejor se quiere comprar un BMW.","By the way, this morning a news story that I had saved on my phone for FOUR DAYS was shoddily copied. The plagiarizing channel is still doing the same thing instead of working. Maybe they want to buy a BMW."
Ahora que ya te la han robado te la puedo robar yo?,"Now that it's been stolen from you, can I steal it?"
Caris tu lo robas y si eso luego pides permiso.. jajaajj parodia👏👏👏 parodia 👏👏👏,"Dearest, you steal it and then ask for permission if you want... hahaha parody👏👏👏 parody 👏👏👏"
"El sábado, después de analizar el caso de Rittenhouse,  salseamos un rato con @Alazne_en_Clave, @MatrixProgre, y @thormyrerrante, y quería traer un estracto relacionado con @javieroliveira_ y la ton**ría que comenta cierto fandom por ahí sobre su coche 1/2
invidious.tiekoetter.com/-4EZdnb5Z9w","On Saturday, after analyzing the Rittenhouse case, we chatted for a while with @Alazne_en_Clave, @MatrixProgre, and @thormyrerrante, and I wanted to bring an extract related to @javieroliveira_ and the nonsense that a certain fandom comments about his car 1/2 invidious.tiekoetter.com/-4EZdnb5Z9w"
Yo aún diría más: ¿a partir de ahora hay que pedir permiso a Juanjus para teñirse el pelo?,"I'd go further: from now on, do you have to ask Juanjus for permission to dye your hair?"
"Pues entonces yo soy una lela, por que me tiño el pelo de amarillo👱‍♀️🤦‍♀️","Well then I'm an idiot, because I dye my hair yellow👱‍♀️🤦‍♀️"
"Si es así envidia pura y dura, nada más,  a él le gustará tener apalabrado su dinero que prefiere tener un coche que se cae a pedazos, para dar pena? Que gastarse los cuartos en un buen coche  e ir seguro cuando vaya de viaje...","If so, it's pure envy, nothing more. He might prefer to have his money saved up to have a car that's falling apart, to evoke pity? Instead of spending money on a good car and being safe when traveling..."
Bakit sa tuwing may sasabihin ako na nasa isip ko naka defense mode ka palagi. Di ba pwedeng sinasabi ko lang nasa isip ko kasi sasabog na ako kung wala akong mapag sasabihan??,"Why is it that every time I say what's on my mind, you're always on defense mode? Can't I just say what's on my mind because I'm about to explode if I don't have anyone to talk to??"
"yung nanay ng mga ito di ko makita since last night, ano ba pwede ipakain? puro mga matandang stray cats pinapakain ko. Naaawa na ako 😅
Eto na naman tayo sa baklang magaalaga ng mga iniwang anak ng mga straight.. charot. Send help 😵😵","I haven't seen the mother of these since last night, what can I feed them? I'm feeding only old stray cats. I feel so bad 😅 Here we go again with the gay man taking care of the abandoned children of straight people... just kidding. Send help 😵😵"
buy syringe yung pinaka maliit lang then milk.,Buy the smallest syringe and milk.
"okay so pwede kahit fresh milk lang di ba, kase baby pa naman? i have a syringe naman para sa vitamins ni Lily eh... thanks! 👍🥰","Okay, so fresh milk is fine, right, because they're still babies? I have a syringe for Lily's vitamins anyway... thanks! 👍🥰"
"Yep ok naman but if c-careerin mo you can buy milk na for kittens sa petshops. You're welcome.
Also rub them sa may pwet na area nila to stimulate mothers tongue licking them. Use towel nalang kasi mahihirapan sila mag poop if walang ganong licking sensation. ❤️","Yep, it's okay, but if you're serious about it, you can buy milk for kittens at pet shops. You're welcome. Also, rub their butt area to stimulate a mother's tongue licking them. Just use a towel because they'll have a hard time pooping without that licking sensation. ❤️"
"OK, cards on the table. I'm not a legal expert, so I can't tell you whether or not Kyle Rittenhouse broke the law. But I can tell you this. If he didn't break the law, we should change the law.
   -Stephen Colbert","OK, cards on the table. I'm not a legal expert, so I can't tell you whether or not Kyle Rittenhouse broke the law. But I can tell you this. If he didn't break the law, we should change the law. -Stephen Colbert"
Colbert has a security squad of probably a dozen dudes with guns. He has no business commenting on self-defense.,Colbert has a security squad of probably a dozen dudes with guns. He has no business commenting on self-defense.
Kelan na ba kasi ang announcement? Ready naman na tayong masurprise di ba? 🤭😁,"When is the announcement anyway? We're ready to be surprised, aren't we? 🤭😁"
"putangina pwede pala yung ganito, kanina pa ko palipat-lipat sa youtube tapos twitter","Damn, this is possible? I've been switching between YouTube and Twitter."
HAHAHAHAHAHAHAHAHAHHAHAHAJA pota same struggle,"HAHAHAHAHAHAHAHAHAHHAHAHAJA Damn, same struggle."
di ba? nagulat ako biglang lumiit eh potek pwede pala,"Right? I was surprised it suddenly got small, dang, it's possible."
"Bakit naman ba kase laging nangingielam si TJ sa mga loveteam.
Di ba nya pwedeng hayaan, dahil wala naman silang ginagawang masama.
#PBBKumuTransformers","Why does TJ always meddle with love teams? Can't he just leave them alone, since they're not doing anything wrong? #PBBKumuTransformers"
"Lasing na ba ang lahat?
Sana sabay-sabay tayo di ba?? x.com/i/spaces/1gqxvlmYvOjGB","Is everyone drunk? I hope we're all drunk together, right?? x.com/i/spaces/1gqxvlmYvOjGB"
May nauuna at may nahuhuli HAHAHAHHA parang nagrarace e,Some are ahead and some are behind HAHAHAHHA it's like a race.
BTS HELLO DI BA KAYO MAG LA LIVE JAN?,BTS HELLO AREN'T YOU GOING LIVE?
lo que hay que hacer para que te retiren una demanda #CarlotaFraude,what you have to do to get a lawsuit dropped #CarlotaFraude
"Esta tipa no sabe que hacer para sobresalir y seguir teniendo su silla en sálvame,  lo mismo habla por ☎️ con Dolores Vázquez que ahora dice que apoya a Olga. 
#CarlotaFraude","This woman doesn't know what to do to stand out and keep her seat on Sálvame. She talks on the phone with Dolores Vázquez, and now she says she supports Olga. #CarlotaFraude"
Huy di ba talaga uso bg music sa kanila parang last year meron naman,"Huh, isn't background music not a thing for them anymore? I remember there was some last year."
di ba pwede sabihin kay sir na nilindol yung lote kaya di ako makagawa ng floor plan,Can't I tell sir that the lot had an earthquake so I couldn't make the floor plan?
"grabe, sobrang bigat ng ka-partner ko. 🤩 ako lahat nag-solve sa math tapos ako rin nagpasa. 🤍🤍🤍","Wow, my partner is so heavy (to carry). 🤩 I solved all the math problems and I was also the one who submitted it. 🤍🤍🤍"
"charot lang, kasi bubuhatin niya naman ako sa case. 🤨 hehehe 'di ba? 😭😭😭 salamat sa buhat noong nakaraan, naka-98 tayo. 😭","Just kidding, because he'll carry me through the case anyway. 🤨 Hehehe, right? 😭😭😭 Thanks for carrying me last time, we got a 98. 😭"
"Good evening!
Maganda sales namin these days and di po makahanap ng ligaw na victim so dito na lng po :)
Comment below kung bakit deserve mo ng D-1 ticket (can choose 27 or 28). Ends 8:30am tomorrow
-Sera
@SB19Official #SB19","Good evening!
Our sales are good these days and we can't find any stray victims, so here we are :)
Comment below why you deserve a D-1 ticket (can choose 27 or 28). Ends 8:30 am tomorrow
-Sera
@SB19Official #SB19"
"Deserve po ng isang straight na fanboy makanood ng concert kase inaamin ko po, I was once a hater(not a basher cause I never bash them). Matagal napo akong silent fan I just don't Admit it pero wala, talagang nahumaling ako sa Sb19 and gumawa pa talaga ako ng twitter for them😆💙","A straight fanboy deserves to watch the concert because I admit, I was once a hater (not a basher because I never bash them). I've been a silent fan for a long time, I just didn't admit it, but oh well, I really fell for SB19 and even made a Twitter account for them 😆💙"
"2 concerts na po ang namiss ko, sana di ko na mamiss this time yung concert nila. I'm joining so many GA but none of them I won HAHAHA. Deserving naman po ako di'ba? Wala po talaga pa akong money para sa ticket e kase I'm just a student. Bawi nalang ako sa F to F Concert if ever","I've missed two concerts already, I hope I don't miss their concert this time. I'm joining so many giveaways but I haven't won any HAHAHA. I deserve it, right? I really don't have money for a ticket because I'm just a student. I'll just make up for it at a face-to-face concert if ever."
TANGINA TANGINA TANGINA TANGINA TANGINA KAGRUPO KO POTANGINA CARAT GAGO SI MINGYU PALA POTANGINA KAYA PALA FAMILIAR?? HELLO PO MAGING CLOSE PO TAYO PLEEK BUBUDOLIN KITA HUHUHUHUHUHUHU,DAMN DAMN DAMN DAMN DAMN MY GROUPMATES ARE DAMN CARATS DUMBASS IT'S MINGYU DAMN IT THAT'S WHY HE LOOKS FAMILIAR?? HELLO LET'S BE CLOSE PLEASE I'LL CONVINCE YOU TO BUY STUFF HUHUHUHUHUHUHU
PANO BA MAG APPROACH SA IRL CARAT POTANGINA DI BA OBV NA SI HOSHI PFP KO GRRRRRR,HOW DO I APPROACH AN IRL CARAT DAMN IT ISN'T IT OBVIOUS THAT HOSHI IS MY PFP GRRRRRR
"tamad kayo, 'di ba?
invidious.tiekoetter.com/GxUxTtdkW2E","You're all lazy, aren't you?
invidious.tiekoetter.com/GxUxTtdkW2E"
SINO NAGSABI SAINYO NA I-SNOBIN YUNG WILLOW?? HAAAA???? DI BA KAYO NAGANDAHAN SA LIFE WAS A WIILOW AND IT BENT RIGHT TO YOUR WIND HAAAA?? HAAAA? 😤,WHO TOLD YOU TO SNUB WILLOW?? HAAAA???? DIDN'T YOU LIKE 'LIFE WAS A WILLOW AND IT BENT RIGHT TO YOUR WIND' HAAAA?? HAAAA? 😤
"kahit preorders na bukas, kung di ako makakakuha ng pc ng mga bias ko, edi bye","Even if pre-orders start tomorrow, if I can't get PCs of my biases, then bye."
sana makakuha muna tayo ng chae para di na tayo bibili ng separate di ba 🥲🥲🥲,"I hope we can get Chae first so we don't have to buy a separate one, right? 🥲🥲🥲"
"Thank youuu!
Teka, di baligtag? Di ba dapat ako lilibre mo next year? 🤣😁","Thank youuu!
Hold on, isn't that backward? Aren't you supposed to treat me next year? 🤣😁"
pinag iisip pa ako ni woosung di ba pwede i-reveal nalang😭,"Woosung is making me think, can't he just reveal it? 😭"
just thinking about how many trainees did not get to debut just because they did not fit the image of the group the company wants😃 to think na ininstill sa kanila yung thot na makakadebut ka lang pag nagwork hard ka 🙃 (meritocracy) wll it's tru na kailangan nilang kumayod +,just thinking about how many trainees did not get to debut just because they did not fit the image of the group the company wants 😃 to think that they were instilled with the thought that you can only debut if you work hard 🙃 (meritocracy) well it's true that they need to hustle +
"at magwork hard sa early-mid stages ng trainee life para magimprove at makapasa sa monthly evaluation, pero sa later stage or phase ng trainee journey yung mismong before debut, kahit anong pagpapractice mo ng todo kung di ka bagay sa group na gusto nilang idebut+","and work hard in the early-mid stages of trainee life to improve and pass monthly evaluations, but in the later stage or phase of the trainee journey, specifically before debut, no matter how much you practice hard, if you don't fit the group they want to debut +"
"parang masasayang lang lahat. diba😭 may mga issue din about sa mga popular or known trainees na kesyo bakit umalis sila sa certain entertainment, may naviolate ba sila? ganon, di ba natin naisip na what if inalis lang sila kasi ayaw ng company sa appeal or image nila","it would all just go to waste, right? 😭 there are also issues about popular or known trainees why they left a certain entertainment company, did they violate anything? like that, haven't we thought that what if they were just removed because the company didn't like their appeal or image?"
andaming circumstances na madaming popular trainees ang umalis sa isang company then later mababalitaan na magdedebut na ng group yung company na yon. e.g yung time na andaming popular sm trainees na umalis sa SM noon den nabalitaan nalang natin idedebut na ang aespa. DIBA,"There are many circumstances where many popular trainees left a company, then later we would hear that the company would debut a group. E.g., the time when many popular SM trainees left SM back then, and then we just heard that Aespa would debut. RIGHT?"
di ko sinasabi na yun dahilan pero WHAT IF,I'm not saying that's the reason but WHAT IF
gusto ko talaga maging insider hahahah gusto ko malaman yung thought process ng mga teachers ng trainees at producers sa pagpili ng trainees na idedebut. napanood ko yung documentary ng stayc like legit sinasabi sa kanila na di sila nagwork hard masyado ganon 😭,"I really want to be an insider hahaha I want to know the thought process of the trainees' teachers and producers in choosing which trainees to debut. I watched StayC's documentary, like they were genuinely told that they weren't working hard enough or something 😭"
na di sila makakadebut kung ganyan ang performance nila. pero nung last evaluation na may tinanggal na isa at mahahalata mo talaga na di sya bagay sa image ng stayc PLS or psychology eme lang to na nasanay lang akong tignan ang stayc.,"that they wouldn't be able to debut if their performance was like that. but in the last evaluation, one person was removed, and you could really tell that she didn't fit StayC's image. PLEASE, or maybe this is just a psychology thing and I'm used to seeing StayC."
ok that's it for my TEDtalk,Ok that's it for my TEDtalk
"Ho letto su ig la storia di una bambina che, vagando per le strade di Istanbul per andare a trovare qualcuno, va a finire a casa di BA e trova davanti la porta G. 
E fa un selfie con lei.
Il culo di questa bambina. Davvero. Ha scoperto la tanaaaa","I read on IG about a little girl who, wandering the streets of Istanbul to visit someone, ends up at BA's house and finds G in front of the door. And she takes a selfie with her. That girl's luck. Really. She found the dennnn"
Minkiaaaa io me lo sono sognata stanotte... A una festa.. Porca troia.. Posso dirlo???,"Holy crap, I dreamed about him last night... At a party... Goddamn it... Can I say it???"
Devi ahahah,You have to hahaha
"Si può dire ""minchia che culo"" ?","Can I say ""holy crap, what luck""?"
È da 6 ore che lo urlo quindi figurati,"I've been screaming it for 6 hours, so imagine."
Coooosa? Dove lo hai letto?,Whaaat? Where did you read that?
Ig! Ti mando il link,IG! I'll send you the link.
Ma in che senso? Ma andiamo anche noi a girare per Istanbul così,What do you mean? Should we go wandering around Istanbul too?
"Ahahah noi, proprio perché abbiamo il cervello malato, non troveremmo proprio niente ahahahah la purezza di cuore e di intenti vince sempre. Ma non è il nostro caso 🤣🤣🤣🤣","Hahaha, we, precisely because we have sick minds, wouldn't find anything at all ahahahah purity of heart and intentions always wins. But that's not our case 🤣🤣🤣🤣"
Ma veramente? Brava la bambina🥰ma c'è una foto anche? 😉,Really? Good for the girl 🥰 but is there a photo too? 😉
Minkia che culo sta bambina,"Holy crap, that girl is so lucky."
"12? I’m at school in the middle of back bay right now, haven’t seen a bike since October.","12? I’m at school in the middle of back bay right now, haven’t seen a bike since October."
I work in the south end...I see 20 or so a morning near ruggles...no matter the weather..,I work in the south end...I see 20 or so a morning near ruggles...no matter the weather..
"Akala mo di masakit sakit sakin yung pinag sasabi mo saken🤨🤨🤨? Na patay Gutom ako🤨🤨? Bakit🤨🤨🤨? Di ba yun sa- masakit🤨🤨🤨🤨? Ikaw nga inuulam mo kalapati eh😒😒😒. Sabi nya ""Tara Ruella hulihin natin yung kalapati kuhain natin."" Oh siya yun😒😒siya yung pag sabihan mo","Do you think what you're saying doesn't hurt me 🤨🤨🤨? That I'm a glutton 🤨🤨? Why 🤨🤨🤨? Isn't that—painful 🤨🤨🤨🤨? You even eat pigeons 😒😒😒. She said, ""Come on, Ruella, let's catch those pigeons, let's get them."" Oh, that was her 😒😒 she's the one you should tell."
Legit ba yan?,Is that legit?
"Eh saan ba? Mukha bang suspicious yung doc? Di ba dapat may letterhead yan, bakit wala? Tapos normally may qr code din yan","Well, where is it then? Does the document look suspicious? Shouldn't it have a letterhead, why doesn't it? And normally it also has a QR code."
"when i say i'll secure en- album, i mean like this 🤣 WALA NA AKONG PAGLAGYAN MALIBAN JAN SA DAMITAN KO HAHAHA mahal to beh kaya dapat ingatan lalo na sa mga alagang pusa at aso dito. valid naman di ba? 🤣
@ENHYPEN_members @ENHYPEN #ENHYPEN","when i say i'll secure an album, i mean like this 🤣 I HAVE NO MORE SPACE EXCEPT IN MY CLOTHES CABINET HAHAHA these are expensive, so I should take care of them, especially from the pet cats and dogs here. It's valid, right? 🤣
@ENHYPEN_members @ENHYPEN #ENHYPEN"
awit ate yubg akin andun naaalikabok’sn HAHAHAHAHAHAHKSHAKAHK,"Aw man, mine is gathering dust over there HAHAHAHAHAHKSHAKAHK"
yung b:do ko ewan na kung ano status nun sa isang kabinet duuuun sa kabilang bahay hahahaha,"My B:DO, I don't know its status anymore, it's in a cabinet in the other house hahaha."
SO 9 PM KAMI NGAG LARO NG MAFIA GAME HANGANG NGAYON DI BA PADIN TAPIS NATAPOS KO NA MGA EXAM KO SILA DI BA PADIN 😅 KAYA BA MATAPOS TODAY 😭,SO WE STARTED PLAYING MAFIA GAME AT 9 PM AND IT'S STILL NOT OVER? I'VE FINISHED ALL MY EXAMS BUT THEY HAVEN'T 😅 CAN THEY FINISH TODAY 😭
3HRS NA PO SILANG NAGLALARO HANGANG NGAYON BUHAY PA DIN YUNG MAFIA,THEY'VE BEEN PLAYING FOR 3 HOURS AND THE MAFIA IS STILL ALIVE
lagi nalang😭,always 😭
NGAYON LANG NATAPOS 🤣,IT JUST FINISHED 🤣
lakas ng loob kong magpuyat tas second dose ko bukas 🤜🏻🤓,"I had the nerve to stay up late, and my second dose is tomorrow 🤜🏻🤓"
hala ka kahsjss ' di ba bawal yon😭😭 pero okay lang at least tamang tao po pinagpupuyatan,"Oh no, kahsjss 'isn't that not allowed 😭😭 but it's okay, at least you're staying up for the right person"
yes tamah,"yes, correct"
Di ba sila natatawa sa sarili nilang katangahan? Nakakahawa talaga ang pagiging OBOB😅 mana mana lang yan🤣😂,Don't they laugh at their own stupidity? Being dumb is really contagious 😅 it's just inherited 🤣😂
Tropa ni oskie yan...😂😂😂,That's Oskie's gang...😂😂😂
"Di ko rin alam, parang gusto na kita pakasalan","I don't know either, I just feel like marrying you."
Tanginang yan HAHAHHAHA wag naman ganon,Damn it HAHAHHAHA don't be like that.
HAHAHAHAHA di ba pwede idaan nalang sa kiss?,HAHAHAHAHA can't we just settle for a kiss?
Bakit mo ina-admit and ine-embrace ang pagkamasamang ugali? Di ba dapat binabago yan kung nakikita mo naman iyan sa sarili mo. No hate just saying. #RadikalAngMagmahal,"Why do you admit and embrace bad behavior? Shouldn't you change it if you see it in yourself? No hate, just saying. #RadikalAngMagmahal"
"Oh di ba? ang aga kong natulog
Tapos magigising lang ako ng hating gabi","Oh, right? I went to sleep so early, and then I'll just wake up in the middle of the night."
"bakit kasi nai-stop yung story kapag pinipindot,, 'di ba pwedeng next na????",Why does the story stop when you tap it? Can't it just go to the next one????
Hala bhie idol naten si Arthur Miguel di ba,"Oh bhie, Arthur Miguel is our idol, right?"
"Doug Jones, who had 62 saves in two seasons with the Astros, died from complications with COVID-19, according to former Astros and Indians teammate Greg Swindell.
chron.com/sports/astros/arti…","Doug Jones, who had 62 saves in two seasons with the Astros, died from complications with COVID-19, according to former Astros and Indians teammate Greg Swindell.
chron.com/sports/astros/arti…"
"So basically, he died with covid. Not of covid.","So basically, he died with covid. Not of covid."
the trauma u gave me tapos ganyan ka ngayon. ang tanda mo na di ba uso character development,"the trauma you gave me and now you're like this. you're so old, isn't character development a thing?"
Damo ko balon di ba usto nyo? Jk,"I have many wells, don't you want them? Jk"
17:17 OZ Tix Cutie 👉👈😅,17:17 OZ Tix Cutie 👉👈😅
"Wag kayo seryoso talaga ang ate Sheng😅
@SB19Official #SB19
#Bazinga_SB19","Don't take it seriously, ate Sheng is really serious 😅
@SB19Official #SB19
#Bazinga_SB19"
"Hahaha... @_Nahleng_ ohhh Di ba..
 Beke nemen..😂","Hahaha... @_Nahleng_ ohhh right..
Maybe...😂"
TARO SUNGCHAN TAEYONG MARK JAEHYUN JUNGWOO. SINO NAKA GREEN SA GITNA 😭,TARO SUNGCHAN TAEYONG MARK JAEHYUN JUNGWOO. WHO'S IN GREEN IN THE MIDDLE 😭
markk,Markk
Di ba si mark yung naka extend yung paa na naka upo hihu,"Isn't Mark the one with his leg extended, sitting? Hihu"
sha yong nakagreenn,he's the one in green
omggg sino tung naka all white na naka upo????,omggg who's the one in all white sitting???
"Lo más flipante es que en el chat le echaban la culpa a Javi por llamar a Enrique y a Enrique por llamar a Jordi. La culpa es de todos, menos de él. 🤦‍♀️","The most amazing thing is that in the chat they blamed Javi for calling Enrique and Enrique for calling Jordi. It's everyone's fault, except his. 🤦‍♀️"
Tienes toda la razón @Lia_RiOs18 👍,You're absolutely right @Lia_RiOs18 👍
"TANGINA NITONG MGA NANANAKOT, DI BA KAYO MAHAL NG MGA MAMA NIYO?😭😭","DAMN THESE PEOPLE WHO ARE SCARING ME, DON'T YOUR MOTHERS LOVE YOU? 😭😭"
kailangan gising tayo,we need to be awake
HOOOYY SHUTACCAAA. AUQQQ NAAAAAA😭😭,HOOOYY SHUTACCAAA. I DON'T WANT THIS ANYMOOOORE 😭😭
Di ba angst to e ansakit taena yan 🤧😭🥺,"Isn't this angst? It hurts so much, damn it 🤧😭🥺"
Tell me nga na may replay naman yung kelly clarkson show di ba??,"Tell me, there's a replay of The Kelly Clarkson Show, right??"
So relaxing... Pero mas relaxing Sana Kung sa pag balik ko sa elyu eh may matatawag na akong special someone di Yung lagi akong chaperone di ba :(,"So relaxing... But it would be even more relaxing if when I go back to Elyu, I'd have a special someone to call mine instead of always being a chaperone, right? :("
😭😭😭,😭😭😭
That’s just a lie. He posted pictures of a watermelon carved into the BLM fist.,That’s just a lie. He posted pictures of a watermelon carved into the BLM fist.
"If you're seeing some lunacy about a person of interest who was detained re: Waukesha, here's a brief window into how the right-wing disinfo machine works. It starts with Andy Ngo, of course. First, another reporter—not Andy—does the actual work of finding the POI's record. 1/x","If you're seeing some lunacy about a person of interest who was detained re: Waukesha, here's a brief window into how the right-wing disinfo machine works. It starts with Andy Ngo, of course. First, another reporter—not Andy—does the actual work of finding the POI's record. 1/x"
"Ngo then digs up a FB page allegedly belonging to the POI and posts some screenshots. But not before adding his own editorial slant, which at best could be described as inflammatory (if not outright false) and designed to get the attention of the online right. 2/x","Ngo then digs up a FB page allegedly belonging to the POI and posts some screenshots. But not before adding his own editorial slant, which at best could be described as inflammatory (if not outright false) and designed to get the attention of the online right. 2/x"
"On FB, the POI allegedly posted some antisemitic dreck, a cartoon about police brutality, and a photo of a mural of George Floyd. The latter two were enough for Ngo to say he'd posted ""in support of BLM causes."" Nowhere did he find anything directly linking the POI to BLM 3/x","On FB, the POI allegedly posted some antisemitic dreck, a cartoon about police brutality, and a photo of a mural of George Floyd. The latter two were enough for Ngo to say he'd posted ""in support of BLM causes."" Nowhere did he find anything directly linking the POI to BLM 3/x"
"There's no posts with a BLM hashtag (though Ngo added one in his tweet), or images of him attending/supporting BLM protesters, at least not that Ngo has found to date. For his audience, it doesn't matter. They've linked the POI to BLM. But take a look at the last sentence. 4/x:","There's no posts with a BLM hashtag (though Ngo added one in his tweet), or images of him attending/supporting BLM protesters, at least not that Ngo has found to date. For his audience, it doesn't matter. They've linked the POI to BLM. But take a look at the last sentence. 4/x:"
That seems quite damning! What Ngo doesn't say is that the FB post was from a cop (who was later fired) and bragged about being able to get away w/running over protesters b/c of the privileges afforded members of law enforcement Not the same thing! 5/x twincities.com/2016/02/17/st…,That seems quite damning! What Ngo doesn't say is that the FB post was from a cop (who was later fired) and bragged about being able to get away w/running over protesters b/c of the privileges afforded members of law enforcement Not the same thing! 5/x twincities.com/2016/02/17/st…
"So, to clarify, the suspect did post about running people over. Good to know.","So, to clarify, the suspect did post about running people over. Good to know."
di ba 3am???,isn't it 3 AM???
6AM 😭😭😭😭,6 AM 😭😭😭😭
"President Cyril Ramaphosa o re le ge a nyamiswa ke ka mokgwa wo ba somilego bjalo ka ANC go dikgetho tsa la pele November, dipoelo tse tsa go se kgahlise di ba rutile tse ntshu...
#sabcnews #moshate","President Cyril Ramaphosa says that although he is disappointed by how the ANC performed in the elections on the first of November, these unsatisfactory results have taught them many lessons...
#sabcnews #moshate"
"@vicegandako 🤔.....
Teka lang... 😅😊","@vicegandako 🤔.....
Just a moment... 😅😊"
"@vicegandako tinawag syang mercys3at.. 
So dun nakuha idea tungkol sa pamumuno?","@vicegandako she was called mercy seat..
So that's where the idea about leadership came from?"
@vicegandako di ba? Kung dun binabase.. ang ideya ng upuan. O ng pwest0.. kung sa pul!tika sa kanila nagumpisa? Ganon ba? Tama ba ko? 😅,@vicegandako right? If the idea of a seat or position is based on that.. if politics started with them? Is that it? Am I right? 😅
"@vicegandako
 so nung pinanganak si Krist0.. dun nagkasira sira ang samahan ng mgaRomano? Tama ba ko? Parang kasi sa Egypt may kinalaman din sila. Kaya yumaman ang ehipto noon.",@vicegandako so when Christ was born.. that's when the unity of the Romans fell apart? Am I right? Because it seems like they also had a hand in Egypt. That's why Egypt became rich back then.
BAKIT NAIBA YUNG CONCEPT NI HYUNJIN😭😭 😭 DI BA SIYA NAINFORM NA MAGPAPACUTE DAPAT?? 😭😭😭,WHY DID HYUNJIN'S CONCEPT CHANGE 😭😭 😭 WASN'T HE INFORMED THAT HE SHOULD BE CUTE?? 😭😭😭
"Happy 209,688 hours @lovekira______ ! Sana lalo ka pang maging cute! Chour. Lagi ko naman sinasabi sa'yo kung gaano ako ka proud sa'yo di ba? Huwag kakalimutan magpahinga otey? kapit lang ah walang iwanan! laaaabyoooow, noooooor!","Happy 209,688 hours @lovekira______ ! I hope you become even cuter! Just kidding. I always tell you how proud I am of you, right? Don't forget to rest, okay? Just hold on, no leaving each other! laaaabyoooow, noooooor!"
ilang minutes? 🙄,how many minutes? 🙄
Di na dapat yan manalo. It's time for him to rest. Di ba lagi nta sinasabi pagod na sya at he will resign,He shouldn't win anymore. It's time for him to rest. Doesn't he always say he's tired and he will resign?
ano english ng petchay,what's the english of pechay
di ba cabbage,isn't it cabbage
yung cabbage diba round yun,"Cabbage is round, isn't it?"
"gaga ka Brenda, ikay na fall ni Eian, maong niingon kang pa fall siya. HAHAHA loslos nimo bayota ka. Himu nasad kag issue","You're crazy, Brenda! Eian fell for you, that's why he said he's a 'pa fall' (someone who makes others fall for them). HAHAHA, you're full of it, you queer. You're creating another issue."
Di ba bwesit kaayo sya hahahaha giatay kolera kaayong dako murag gwapa feel jud nya patulan siyang eian. Dako jud kaayo siyag kasuko kang alexa🤣,"Isn't she so annoying? Hahahaha, damn, she's so utterly cholera-like (a severe form of annoying/disgusting) she thinks she's pretty and Eian would actually go for her. She really has a huge grudge against Alexa 🤣"
I love you 🥺🤍,I love you 🥺🤍
sobrang cute😭😭😭😭😭😭😭,So incredibly cute 😭😭😭😭😭😭😭
di ba huhuhu pampaGV for life huhu,"Right? Huhuhu, a mood booster for life, huhu."
Ang soft soft nya jan🥺😭,He's so soft there 🥺😭
hoi gagi anong 3am yung show?,"Hey, what the heck, the show is at 3 AM?"
DI BA USO MATULOG DITO,ISN'T SLEEPING A THING HERE?
"7am kst daw teh,,, tulog pa ren ako non","It's 7 AM KST, apparently, sis. I'll still be asleep then."
MAGWWATVH NALANG CGURO AKO NUNG REPLAY TEH,"I GUESS I'LL JUST WATCH THE REPLAY, SIS."
di ba pwede magdebut din enhypen sa pinas ganon liek nuba ASAP invite nyo naman to?@+#!,"Can't Enhypen debut in the Philippines too, like, come on ASAP, why don't you invite them?@+#!"
"Literally pointing out his appearance is racist now? Come on. They’re flagrantly guilty, but don’t bring race into it.","Literally pointing out his appearance is racist now? Come on. They’re flagrantly guilty, but don’t bring race into it."
Di ba pwedeng shownu nalang? 😭,Can't it just be Shownu instead? 😭
"I don’t know, why my heart is heavy😭. Unlike the first and second concerts, I was excited for me and myself only. Now, nalulungkot ako sa mga Apo’TIN ko na di mkanood ng ZoneCon.😭😭😭🙏🙏🙏","I don’t know, why my heart is heavy 😭. Unlike the first and second concerts, I was excited for me and myself only. Now, I feel sad for my Apo’TINs (fans) who can't watch ZoneCon. 😭😭😭🙏🙏🙏"
"Enjoy the concert granny deserve mo mag enjoy, di ba nga pamilya tayo cliche man to granny pero pag masaya ka sa araw na un granny sasaya na rin kamiii, iiiiloveeeeeeyouuuuuu grannyyyyyyy","Enjoy the concert, granny, you deserve to enjoy it. Aren't we family? It might be cliché, granny, but if you're happy that day, granny, we'll be happy too. Iiiiloveeeeeeyouuuuuu grannyyyyyyy."
"pls ano ba problema nila sa pagiging similar 😭 kung ganon kagaling idol nila, bakit takot sila sa copycats 😭 takot ba sila masapawan? ganon ba kalaki hatak nung new gg? HAHAHAHAHAHHAHA","Please, what's their problem with being similar 😭 If their idols are that good, why are they afraid of copycats 😭 Are they afraid of being overshadowed? Is the new girl group's pull that strong? HAHAHAHAHAHHAHA"
"GRABE HAHAHAHAHAHAHAHAHA sisihin pa ba nila nanay grabeeee.. also sa styling, hindi ba common naman na kasi yon na naghihiraman idols sa stylists 😭 + kaya nga “their group set a trend” eh, di ba nila inexpect na di gagayahin yon? istg ang babaw 😩","OMG HAHAHAHAHAHAHAHAHA they'll even blame the mother, seriously... also with the styling, isn't it common for idols to borrow from stylists 😭 + that's why 'their group set a trend,' right? Didn't they expect that it would be copied? I swear, it's so shallow 😩"
exactly 😭 its not like that fashion style is only made for bp jusko kakaloka 😭 binibig deal nila lahat halatang mga uhaw sa cb jk,"Exactly 😭 It's not like that fashion style is only made for BP, good heavens, it's crazy 😭 They're making a big deal out of everything, clearly desperate for a comeback, jk."
"HAHAHAHHAAA kala ko nagprepare na? Halaaa. sobrang higpit kasi ng yg sa cb, kawawa din fans ☹️","HAHAHAHHAAA I thought they already prepared? Oh no. YG is so strict with comebacks, the fans are suffering too ☹️"
"LOOK: Presidential aspirant Ferdinand Marcos Jr.’s negative cocaine test result. 
Marcos took the drug test following President Rodrigo Duterte’s claim that a presidential bet is a cocaine-user. (📸Marcos chief-of-staff Vic Rodriguez) | @DYGalvezINQ","LOOK: Presidential aspirant Ferdinand Marcos Jr.’s negative cocaine test result. 
Marcos took the drug test following President Rodrigo Duterte’s claim that a presidential bet is a cocaine-user. (📸Marcos chief-of-staff Vic Rodriguez) | @DYGalvezINQ"
well sa mga ayaw maniwala pwede naman kayo mag file ng petition...ganyan naman uso ngayon di ba 😂😅,"Well, for those who don't want to believe, you can always file a petition... that's what's popular now, right? 😂😅"
"Di ba interlude yun ng resonance???
#NCT #NCT_Universe 
@NCTsmtown","Isn't that an interlude from Resonance???
#NCT #NCT_Universe 
@NCTsmtown"
What fcukery is this now? Is there nothing she won't try? 🤭🤭🤭,What fcukery is this now? Is there nothing she won't try? 🤭🤭🤭
Ung last na may ganto di ba natalo? So lam na this… 😂😂😂,"The last time someone had this, didn't they lose? So, you know what this means... 😂😂😂"
POTANGINA DI BA SI MIMIYUUUUHHHH YARN?!?!?! #BNSJejevility2021D2,"HOLY CRAP, ISN'T THAT MIMIYUUUUHHHH?!?!? #BNSJejevility2021D2"
AWEEE. Why? Di ba holiday sainyo pag ganyan?,AWEE. Why? Isn't it a holiday for you guys when that happens?
oh di ba sheeet that's why I'm having deja vu kanina because of that waking up scene 😭😭 namiss ko si nana liit,"Oh, isn't that why I was having deja vu earlier because of that waking up scene 😭😭 I miss little Nana."
"⚠️⚠️OZ 2 DAY CONCERT PASS GA⚠️⚠️
simple ulit. Click the link and drop your twitter username! Link closes 6PM Friday. FAVOR! screenshot naman kayo ng votes nyo sa RAWR tapos reply nyo dito. Labyu
@SB19Official #SB19
#RAWRAwards2021 #RAWRATIN
#Bazinga_SB19
forms.gle/Cd4UZPnyijjx8uHe7","⚠️⚠️OZ 2 DAY CONCERT PASS GA⚠️⚠️
Simple again. Click the link and drop your Twitter username! Link closes 6PM Friday. FAVOR! Please screenshot your votes on RAWR and reply them here. Love you
@SB19Official #SB19
#RAWRAwards2021 #RAWRATIN
#Bazinga_SB19
forms.gle/Cd4UZPnyijjx8uHe7"
"Raffle pala to! Haha randomizer, di ba nakalimutan ko pa sabihin Lolol
@SB19Official #SB19
#RAWRAwards2021 #RAWRATIN
#Bazinga_SB19","Oh, this is a raffle! Haha, randomizer. Didn't I forget to mention it? Lolol
@SB19Official #SB19
#RAWRAwards2021 #RAWRATIN
#Bazinga_SB19"
"At paanu kaya nila ginawa yan? They invited themselves went to the lab and demanded they be tested?
Pwede ba yan?","And how did they do that? They invited themselves, went to the lab, and demanded to be tested?
Is that even allowed?"
"Di ba tawag doon ay ‘partners in crime’? At kung manalo sila, ganoon din sila? Hayssss.","Isn't that called 'partners in crime'? And if they win, they'll be the same? Sighs."
ano ba yaaan ang daldal naman neto di ba to nakakahalatang wala kong pake sa mga pinagsasabe niya😔😔😔😔,"Oh my god, this person is so chatty. Don't they realize I don't care about anything they're saying? 😔😔😔😔"
ugali huh,"Mannerisms, huh?"
sorry na totoo naman e,"I'm sorry, but it's true."
"😢
di kasama sa lahat ng plans 😟
puro sa kanya & kay ** 😣
pano ako? 😭
di ba ako part ng life niya? 😟","😢
Not included in all plans 😟
All about him & ** 😣
What about me? 😭
Am I not part of his life? 😟"
"Korek beshy, at hindi lang sa isang artist nangyari yan, marami na sila.. kung mahalaga din ang artist nyo sa inyo, PROTECT them too... Kawawa naman ang Mental Health kapalit ng isang contrata, kung sa bagay pwede nyo ibalik yan, kasi pinirmahan nila yan at alam nila consequences","Exactly, bestie. And it didn't just happen to one artist, there are many of them... if your artist is important to you, PROTECT them too... Their mental health shouldn't be sacrificed for a contract. Although, you can always revert it, because they signed it and know the consequences."
"nyan bago pa sila pumirma.. pero... kung walang ganyang klaseng kontrata wala din silang pipirmahan di ba? 🙃
Sana gumaya n ang pilipinas sa Korea, China at Thailand.. Purely talent lang, khit sino pwede ipareha, basta maychemistry.. wala ng respect respect sa Elte jusko! 🤣","before they signed it... but... if there wasn't that kind of contract, they wouldn't sign it, right? 🙃
I wish the Philippines would follow Korea, China, and Thailand... purely talent, anyone can be paired, as long as there's chemistry... no more 'respect' for the Elite, good heavens! 🤣"
bat 3 agad HAHHAHAHA di ba kayo marunong mag count chz,"Why 3 immediately HAHAHAHA Can't you count, just kidding."
"Thank you so much for the TP and support you have showered this afternoon, dAndifam, Brownies, KoDrea fam. Really appreciate the overflowing love you guys give everyday. Gonna continue making all of you proud. Xoxo 💓✨
KODREA SAYINGGOODBYE MCON 
#KoDreaSGMediaCon
#SayingGoodbye","Thank you so much for the TP (Twitter Party) and support you have showered this afternoon, dAndifam, Brownies, KoDrea fam. Really appreciate the overflowing love you guys give everyday. Gonna continue making all of you proud. Xoxo 💓✨
KODREA SAYINGGOODBYE MCON 
#KoDreaSGMediaCon
#SayingGoodbye"
"‘DI BA USO SA INYO ANG MAGPAKALMA??😩😩😩
#KoDrea","ISN'T CALMING DOWN A THING FOR YOU GUYS?? 😩😩😩
#KoDrea"
"help me choose 😖 1, 2, 3, or 4??","Help me choose 😖 1, 2, 3, or 4??"
"'di ba pwedeng lahat, maybe 3 or 4😭😭😭","Can't it be all of them, maybe 3 or 4 😭😭😭"
isa lang po talaga 😖,"Only one, please 😖"
"uhhhhh, 3 na nga lang, 3 din sa iba eh😌😌😌","Uhhhh, just 3 then, it's 3 for others too 😌😌😌"
saw this one sa tl tas what if hindi pala si jungwoo yung bowl cut...si sungchan pala? t7s unit with sungtaro nga,Saw this on my timeline and what if the bowl cut wasn't Jungwoo... what if it was Sungchan? t7s unit with Sungtaro.
"WAG MO NA GULUHIN UTAK KO TE 😭😭 bakit ko pa ba to nabasa huhu nakikita ko na tuloy si sungchan, pero di ba siya yonf after sa person na nasa swing???","DON'T CONFUSE MY BRAIN, SIS 😭😭 Why did I even read this, huhu, now I'm seeing Sungchan, but wasn't he the one after the person on the swing???"
HAHAHAHAHAHAHAHAHAHA TE AKO RIN GULONG GULO NA yung person after swing parang si taro based sa hair color e tas negative effect ewan ko ba nasakit na ulo ko HAHAHAHAHAHAHAHAHAHA,"HAHAHAHAHAHAHAHAHA SIS, I'M CONFUSED TOO. The person after the swing looks like Taro based on hair color, and negative effect, I don't know, my head hurts already HAHAHAHAHAHAHAHAHAHA"
ipinapaubaya ko na sa sm na linawin tonight 🧍 HAHHAHAHHA,I'm leaving it to SM to clarify tonight 🧍 HAHHAHAHHA
"Wait bakit parang si renjun, sungchan, shotaro, taeyong, mark, jaehyun and jungwoo 😭😭😭","Wait, why does it look like Renjun, Sungchan, Shotaro, Taeyong, Mark, Jaehyun, and Jungwoo 😭😭😭"
maniwala ka sakin wala si rj jan 😭😭😭,"Believe me, RJ isn't there 😭😭😭"
Parang sya yung nakasakay sa isa pang swing(?) Pero parang si taeil din yon eh 😭😭,"It looks like he's on another swing(?), but it also looks like Taeil 😭😭"
naisip ko din yan pero titigan mo maigi 😭😭😭 si shotaro yon 😭😭😭,"I thought of that too, but look closely 😭😭😭 It's Shotaro 😭😭😭"
HA PERO DI BA SI SHOTARO YUNG NAKAUPO SA GITNA??? SI SUNGCHAN KATABI NYA TAS SI MARK YUNG SA KABILA???,BUT ISN'T SHOTARO THE ONE SITTING IN THE MIDDLE??? SUNGCHAN NEXT TO HIM AND MARK ON THE OTHER SIDE???
NAUR PARA SAKIN HA FROM LEFT TO RIGHT SHOTARO SUNGCHAN MARK TAEYONG TAEIL JAEHYUN JUNGWOO,"NAUR, FOR ME, FROM LEFT TO RIGHT: SHOTARO, SUNGCHAN, MARK, TAEYONG, TAEIL, JAEHYUN, JUNGWOO."
HINDI KO NA RIN ALAM 😭😭😭NAVIVISUALIZE KO NA KUNG SINO SINO BASTA ANG SURE TAYO ANDYAN SI JUNGWOO DI NAMAN MAITATANGGI,"I DON'T EVEN KNOW ANYMORE 😭😭😭 I'M VISUALIZING WHO IS WHO, BUT WHAT WE'RE SURE OF IS JUNGWOO IS THERE, YOU CAN'T DENY THAT."
grabe ung puso ko bakit ung tatlo pinagsabay sana dinamay niyo na si lods di ba? HAHAHAHAH,"Oh my heart, why did they pair those three? They should have included Lods, right? HAHAHAHAH"
porke naka gaming chair eh streamer na di ba pedeng pampabilis lang to ng computer hahahahaha,"Just because he has a gaming chair, he's a streamer? Can't it just be to speed up the computer, hahahaha?"
day 8659484 of living with my fucking annoying neighbours. they having a party every week and on a fucking weekday too???? di ba kayo napapagod. tanginang yan,Day 8659484 of living with my fucking annoying neighbors. They're having a party every week and on a fucking weekday too???? Don't you guys get tired. Damn it.
Dapat ikaw magbantay ky bbm magpa drug test ha para alam mo😂adik ka talaga😂 go go go kuya kaya mo yan😂,"You should be the one to watch BBM get a drug test so you'll know 😂 You're really an addict 😂 Go go go Kuya, you can do it 😂"
"Look whose talking..... 
Supporter ng addict at magnanakaw ay magnanakaw at addict din. Same feather flocks together nga di ba?","Look who's talking..... 
Supporters of an addict and a thief are also thieves and addicts. Birds of a feather flock together, right?"
At don’t worry mas mukha ka din magnanakaw😂 sge iyak na😂,"And don’t worry, you look more like a thief too 😂 Go ahead and cry 😂"
"Supporter ng magnanakaw. "" Ang magnanakaw ay kapatid ng singungaling"" so sino ka dun?","Supporter of a thief. ""A thief is a sibling of a liar"" so which one are you?"
Hahahahaaa relax lang po😌 baka mkakasohan ka libel nyan😂 pero ok lang yan sge kaya mo yan kuya ikaw naman mas mukha adik kesa ky bbm hahhahahahahaa,"Hahahahaa, just relax 😌 You might get sued for libel 😂 But it's okay, go ahead, Kuya, you look more like an addict than BBM, hahhahahahahaa."
Talaga ba? picture mo nga.,Really? Show me a picture.
"Hindi pa tapos ang cocaine issue ni Bongbong Marcos. Kasi it takes only three days for the body to expel cocaine residue. Nagsalita si Duterte tungkol dito ng Thursday, Nagpatest si Bongbong ng Monday or on the fourth day.","Bongbong Marcos's cocaine issue isn't over yet. Because it only takes three days for the body to expel cocaine residue. Duterte spoke about it on Thursday, Bongbong got tested on Monday or on the fourth day."
"Grabe, pati result ng Drug Test Fake. Kung talagang gusto nya patunayan na nagpa Drug Test sya, ipakita nya sa media habang kinukunan sya ng specimen or yung mismong Hair nya nalang para mas accurate. #bbmcocaineking","Seriously, even the Drug Test result is fake. If he really wants to prove that he got a Drug Test, he should show it to the media while his specimen is being collected or just his actual hair for more accuracy. #bbmcocaineking"
Aguy daming bobo tlaga🤦🏻‍♀️ kung umiyak nalang napakinabangan pa luha😌,"Oh dear, so many stupid people 🤦🏻‍♀️ If they cried instead, their tears would've been more useful 😌"
"@skybi18_ Suggest mo sa amo na magpakuha ng Specimen in Public kung talagang wala syang tinatago. I am not a duterte fan either, pero mukhang reliable ang source nya. na addict ang kandidato mo na pamilya ng magnanakaw.","@skybi18_ Suggest to your boss to get a specimen in public if he really has nothing to hide. I am not a Duterte fan either, but his source seems reliable. That your candidate, from a family of thieves, is an addict."
Wag kang magpahalata na BOBO at TANGA 🤦🏻‍♀️,Don't reveal that you are STUPID and FOOLISH 🤦🏻‍♀️
"@skybi18_  Result can be reproduce easily. Show the proof that the specimen sample was really came from him, sa magnanakaw.....","@skybi18_ Result can be reproduced easily. Show the proof that the specimen sample was really came from him, you thief....."
Kahit ano pa sabihin mo ikaw talaga mas mukhang drug adik at magnanakaw kesa ky bbm hahahaha partida hndi ka nagpa drug test😂 sge libre drop drug test dito😂,"Whatever you say, you really look more like a drug addict and a thief than BBM, hahahaha, and you didn't even get a drug test 😂 Go ahead, free drug test here 😂"
"Lahat ng nakaka laban ng dds at bbm supporters pinaparatangang addict. eh yung amo mo nga ang sinabihan ni duterte na addict di ba? Saan utak mo? sababay, kung may utak ka maiisip mo ba sumupporta sa addict na magnanakaw?","Everyone who opposes DDS and BBM supporters is accused of being an addict. But wasn't it your boss who Duterte called an addict, right? Where's your brain? At the same time, if you had a brain, would you think of supporting an addict and a thief?"
"Congrats po former Senator Ferdinand Marcos Jr. sa pagiging negative.
Kaso bakit parang wala sa Ususan Taguig yung St. Luke's Medical Center or baka di lang nadetect ni Google? Charot!","Congrats, former Senator Ferdinand Marcos Jr., on being negative.
But why does it seem like St. Luke's Medical Center isn't in Ususan Taguig, or maybe Google just didn't detect it? Just kidding!"
"Not trying to defend Blengblong but ususan taguig talaga yung address ng st lukes sa taguig based sa kanilang drug test reports images online, Ganyan din ang itsura walang logo ng st lukes. Halos magkaka mukha ang reports ng drug test sa mga hospitals.","Not trying to defend Blengblong, but Ususan, Taguig is indeed the address of St. Luke's in Taguig based on their drug test reports images online. It looks similar, without the St. Luke's logo. Most hospital drug test reports look alike."
Just to show how far is Ususan Taguig from ST Lukes BGC (17 minutes drive),Just to show how far Ususan Taguig is from ST Lukes BGC (17 minutes drive)
Huwag ipairal ang katangahan tulangvng Bobang si Leni. Itanong mo sa DOH.,Don't let stupidity prevail like the foolish Leni. Ask the DOH.
"Bakit kailangan mo idrag ang name ni Leni?
Eh si Bobong Marcos ang nagsubmit ng drug results di ba.
WE ARE JUST TRYING TO PROVE USING GOOGLE THAT USUSAN IS WAY WAY FAR FROM ST LUKES BGC!
You are trying to cover the ineptness of your candidate Boy Recto!","Why do you need to drag Leni's name into this?
Bongbong Marcos submitted the drug results, right?
WE ARE JUST TRYING TO PROVE USING GOOGLE THAT USUSAN IS WAY WAY FAR FROM ST LUKES BGC!
You are trying to cover the ineptness of your candidate Boy Recto!"
Tanga! Check mo ngayon sa St Lukes bago ka bumaka ng mabaho mong bunganga. Tanga tanga talaga kayo ng bobang si Leni Robeedo.,Idiot! Check St. Luke's now before you open your foul mouth. You and the foolish Leni Robredo are truly stupid.
"Kuyaaaa, i don't have to check because i live just next to St Lukes BGC, and i pass by Ususan on the way to my office you know. 
Soooo, hindi po ako tanga !
Have you looked at the mirror lately, ""mirror mirror on the wall, lahat ba ng katangahan ni Bobong Marcos sinasakyan ko?""","Kuyaaaa, I don't have to check because I live just next to St. Luke's BGC, and I pass by Ususan on the way to my office, you know. 
Soooo, I am not stupid!
Have you looked at the mirror lately, ""mirror mirror on the wall, do I embrace all of Bongbong Marcos's stupidity?"""
Research muna bago putak! 🤮🤣,Research first before you yap! 🤮🤣
bat stage 3 agad may di ba aq napanood.. HAHAHAHA,Why stage 3 already? Did I miss something? HAHAHAHA
😂😂😂 di ba both sayo??,😂😂😂 Isn't it both for you??
"this day has been so tiring. i'm glad that it's almost over now. anyway, good evening.","This day has been so tiring. I'm glad that it's almost over now. Anyway, good evening."
"you did well, sai. good eve!","You did well, Sai. Good evening!"
"thank you, zayle. how is your night so far?","Thank you, Zayle. How is your night so far?"
"oks lang, i'm happy because my friends are getting married. how about you? magrest ka na niyan ah","It's okay, I'm happy because my friends are getting married. How about you? You should rest now, okay?"
that's great! sending my congratulations to your friends. today has been productive so i feel good. and i'm currently resting so you don't have to worry about that.,That's great! Sending my congratulations to your friends. Today has been productive so I feel good. And I'm currently resting so you don't have to worry about that.
pahingi naman ng tutorial kung paano maging productive,Can you give me a tutorial on how to be productive?
i don't know if i'm qualified to give advice about that... i usually just force myself to do whatever i have to do. 😂,I don't know if I'm qualified to give advice about that... I usually just force myself to do whatever I have to do. 😂
"HAHAHHAHAHHAAHA ang mahalaga naging productive, di ba?","HAHAHHAHAHHAAHA The important thing is you were productive, right?"
that's true pero labag talaga sa loob ko 'yung pagiging productive. 😂,"That's true, but being productive really goes against my will. 😂"
"malapit ng mag dec, konting kapit nalang lods","It's almost December, just hang in there, pal."
"""Turning Ahmaud Arbery into a victim after the choices that he made does not reflect the reality of what brought Ahmaud Arbery to Satilla Shores in his khaki shorts with no socks to cover his long, dirty toenails.""- Laura Hogue, attorney for Gregory McMichael #AhmaudArbery","""Turning Ahmaud Arbery into a victim after the choices that he made does not reflect the reality of what brought Ahmaud Arbery to Satilla Shores in his khaki shorts with no socks to cover his long, dirty toenails.""- Laura Hogue, attorney for Gregory McMichael #AhmaudArbery"
"And yet, we cannot call the humans Kyle Rittenhouse shot ""victims."" 🤦‍♂️","And yet, we cannot call the humans Kyle Rittenhouse shot ""victims."" 🤦‍♂️"
"Correct, because that was a self-defense case. As you can see, in murder cases, “victim” is routinely used.","Correct, because that was a self-defense case. As you can see, in murder cases, “victim” is routinely used."
"Wait lang gyu, sure ka na? Tutulog na dapat? Di ba pwedeng basa comment ka muna.","Wait a minute, are you sure? Are you going to sleep already? Can't you read comments first?"
Di ba blinding lights was the most streamed song in 2020 tas it got robbed,Wasn't Blinding Lights the most streamed song in 2020 and it got robbed?
"Gagi gandang bata ni Tyronia, favorite ni Lord!","Damn, Tyronia is such a beautiful child, the Lord's favorite!"
di ba ko magandang bata pamela? 🥺,"Am I not a beautiful child, Pamela? 🥺"
Where does the mainstream media in any way refer to Rittenhouse as a white supremacist in reporting,Where does the mainstream media in any way refer to Rittenhouse as a white supremacist in reporting?
The fucking president of the United States did,The fucking president of the United States did.
Is Joe Biden a reporter lol,"Is Joe Biden a reporter, lol?"
Do you seriously not see the echo chamber that goes on between Biden and the MSM?,Do you seriously not see the echo chamber that goes on between Biden and the MSM?
Di ba pwedeng mayaman nalang agad?,Can't I just be rich already?
di ba si chenle ung naka vest </3,Isn't that Chenle in the vest </3
Luh sino ka naman dyan? HAHAHA bat ba parang ang laki ata ang galit mo sakin ghourl?,"Who are you, seriously? HAHAHA Why do you seem to have such a big grudge against me, girl?"
Eya HAHAHHAHAHAHAAH grabe sa ganda may h8r hahhahahaahahahah,"Eya HAHAHHAHAHAHAAH So beautiful, yet she has haters hahhahahaahahahah"
Grabe ang hirap naman mag joke dito delulu na agad  HAHAHAHHA,"Wow, it's so hard to make a joke here; they'll immediately call you delulu HAHAHAHHA"
Hoy hala gagi di nya ba alam na mejo sensitive yung pag gamit ng de*u*u word na yan kasi may nabasa akong thread minsan dito like di daw sya basta basta ginagamit.,"Hey, seriously, doesn't she know that using the word 'delulu' is a bit sensitive? Because I once read a thread here saying it shouldn't be used casually."
Di ba pwedeng nagjojoke lang ako alam ko pa rin naman limitations ko as a fan e. As long as na hindi ko naman siguro iniinvade yung privacy ni hyuck it's fine diba??,"Can't I just be joking? I still know my limitations as a fan. As long as I'm not invading Hyuck's privacy, it's fine, right??"
"Oo naman eya, fan ka e. You are just admiring him. Grabe lang yang nag say out sayo","Of course, Eya, you're a fan. You are just admiring him. That person who called you out is really something."
🧋🧋🧋 didn’t know that boba emoji exists!! 😂,🧋🧋🧋 didn’t know that boba emoji exists!! 😂
cute di ba haha 🫔 ito mukhang lumpia 🤣,"Cute, right? haha 🫔 This looks like lumpia 🤣"
de gagi sino ba naman ako para mapanood yung vlive nila di ba,"Seriously, who am I to watch their vlive, right?"
Rip,RIP
sakit so much,It hurts so much
kapipindot ko lang naghohoranghae na yung dalawa 🥲,I just clicked it and the two are already doing the 'horanghae' pose 🥲
SAKWT di k naabutan,"Damn, I didn't catch it."
fly high,Fly high
"at least, may sinusuyo pa rin. di ‘ba? HAHAHAHAHA","At least, there's still someone to appease, right? HAHAHAHAHA"
"Pero doki, yung mga nakapirma po kaninong employees po sila?","But, doc, whose employees are those who signed?"
"Yun nga, if hindi ganyan yung format ng SLMC, at kanila yung mga pumirma, di ba dapat may advisory na ang @StLukesMed kung ano ba talaga.","Exactly, if that's not SLMC's format and those who signed are their employees, shouldn't @StLukesMed have an advisory about what's really going on?"
"Presidential bet Bongbong Marcos claims he tested negative in a “cocaine test” after President Duterte claimed a presidential bet is using cocaine. 
But unlike other bets, Marcos didn’t test with PH drug agency, stoking speculations his test was fake. 
newsinfo.inquirer.net/151882…","Presidential bet Bongbong Marcos claims he tested negative in a “cocaine test” after President Duterte claimed a presidential bet is using cocaine. But unlike other bets, Marcos didn’t test with PH drug agency, stoking speculations his test was fake. newsinfo.inquirer.net/151882…"
Critics have pointed out that the report released to the media was not in the top hospital’s letterhead and that the hospital’s address was wrong.,Critics have pointed out that the report released to the media was not in the top hospital’s letterhead and that the hospital’s address was wrong.
Sandale! Kelan pa nalipat ang Ususan sa BGC?,Wait! Since when was Ususan transferred to BGC?
May kinalaman kaya si Mocha dyan?,Does Mocha have something to do with that?
Imbestigahan natin hehehe. Pero may Medical Center ang Ususan di ba?,"Let's investigate, hehehe. But Ususan has a Medical Center, right?"
Bakit ipinipilit ng mga supporters ni Narcos na magpadrug test rin si VP eh sabi naman hindi yun magiging cause for dq di ba? Labasan na lang ng SALN at mas may saysay pa.,"Why are Narcos' supporters insisting that the VP also undergo a drug test when it was said that it wouldn't be a cause for disqualification, right? Just release the SALN; that would be more meaningful."
"si jr ang need , required mag pa drug test dahil pin pointed xa ni mr ejk. at dapat televise un proseso. di un sila lng kakaalam. why drag another candidates while he is the suspected drug user. wla talaga sa hulog si jr.","Junior (Bongbong Marcos) is the one who needs and is required to take a drug test because Mr. EJK (Duterte) specifically pointed him out. And the process should be televised, not just for them to know. Why drag another candidate when he is the suspected drug user? Junior is really out of line."
"""Kung kami ganito, dapat kayo din. Alangan namang kami lang. Damay-damay na."" 🤣🤣🤣🤪🤪🤪","""If we're like this, you should be too. It shouldn't just be us. Let's all suffer together."" 🤣🤣🤣🤪🤪🤪"
"Never ako magseselos ky Kuya Ben..di ba Babe, Kuya naten sya?? Di ba Kuya Ben?😆😆","I'll never be jealous of Kuya Ben... right, Babe, he's our Kuya?? Right, Kuya Ben? 😆😆"
clyden. yung highlighted sana ahhahaha,"Clyden. The highlighted one, please, ahhahaha."
sabi na crush mo 'ko eh /j /nsrs,I knew you had a crush on me /j /nsrs
'di ba crinushback na kita,Didn't I crush you back?
Tanginang mga tao to HAHAHAHAHAHAHA DI BA KAYO MASAYA SA BUHAY NIYO?????,What the hell is wrong with these people HAHAHAHAHAHAHA AREN'T YOU HAPPY WITH YOUR LIVES?????
"haha ikaw pala si RUTH, you recently had your Birthday di ba?? hahaha how was it??","haha, so you're RUTH, you recently had your Birthday, right?? hahaha how was it??"
"""I know, Ken. At gustong gusto ko rin na samahan ka sa laban mo. Gustong gusto kong hawakan ang kamay mo hanggang sa makawala ka sa kumpanya mo. Kung ako lang, kayang kaya ko Ken.""
Justin stopped for a second before inhaling deeply, ""Pero nadadamay kasi ang anak ko... anak mo.""","""I know, Ken. And I really want to be with you in your fight. I really want to hold your hand until you can break free from your company. If it were just me, I could totally do it, Ken."" Justin stopped for a second before inhaling deeply, ""But my son is getting involved... our son."""
"Justin covered his face with his hands while letting out loud sobs. He tried to calm himself before continuing.
""Hindi ko kayang makitang nasasaktan si Sebby sa tuwing idinedeny mo kami, Ken. Hindi ko alam kung anong isasagot ko sa tuwing nagtatanong siya. Ang h-hirap, sobra.""","Justin covered his face with his hands while letting out loud sobs. He tried to calm himself before continuing. ""I can't bear to see Sebby getting hurt every time you deny us, Ken. I don't know what to answer every time he asks. It's so hard, truly."""
"Ken doesn't know what to say. Hinayaan na lang niya si Justin na magsalita at ilabas ang nasa dibdib niya.
""Kung ako lang, kaya kong tiisin 'yung sakit eh pero kahinaan ko ang anak ko. K-Kung nakita mo lang siya kanina, Ken... s-sobra siyang nasaktan. Mahal na mahal ka niya eh.""","Ken doesn't know what to say. He just let Justin speak and express what was in his heart. ""If it were just me, I could endure the pain, but my son is my weakness. I-If only you saw him earlier, Ken... h-he was so hurt. He loves you so much."""
"At this point, Ken is also in tears. Nag-uunahan ang mga luha niya sa pagtulo nang mapagtantong nakita ni Sebby ang balita tungkol sa kaniya.
""J-Jah... I'm sorry...""
""You don't have to be, Ken. Biktima ka rin ng company mo. Ang sakin lang, Sebby is too young for this mess.""","At this point, Ken is also in tears. His tears raced down his face as he realized Sebby had seen the news about him. ""J-Jah... I'm sorry..."" ""You don't have to be, Ken. You're also a victim of your company. My only point is, Sebby is too young for this mess."""
"Ken wants to defend his situation and convince Justin that none of it will ever happen again. However, he knew things will be a lot more difficult once he start his fight with Mr. Lee.
""S-So anong gusto mong mangyari, Jah?""
""I'll leave this country with Sebby. Ilalayo ko siya.""","Ken wants to defend his situation and convince Justin that none of it will ever happen again. However, he knew things will be a lot more difficult once he starts his fight with Mr. Lee. ""S-So what do you want to happen, Jah?"" ""I'll leave this country with Sebby. I'll take him far away."""
"If Ken is a vase, maybe this is his breaking point. His heart is shattered into pieces as he tries to digest what Justin is trying to suggest.
""I-Ilalayo mo sakin si S-Sebby? I-Iiwan niyo a-ako?""
Ken's breathing became tighter. It feels like there's a lump in his throat.","If Ken is a vase, maybe this is his breaking point. His heart is shattered into pieces as he tries to digest what Justin is trying to suggest. ""Y-You'll take S-Sebby away from me? A-Are you leaving me?"" Ken's breathing became tighter. It feels like there's a lump in his throat."
"""I think this is the best for Sebby. Hangga't hindi pa okay, hangga't magulo pa, lalayo muna kami. Ayoko siyang madamay sa gulo mo Ken. Ginawa ko ang lahat para mabuhay nang normal ang anak ko. Gusto ko siyang lumaki sa payapang lugar. At hindi 'yun mangyayari rito, Ken.""","""I think this is the best for Sebby. Until things are okay, until the chaos subsides, we'll leave for a while. I don't want him to get caught up in your mess, Ken. I did everything for my son to live a normal life. I want him to grow up in a peaceful place. And that won't happen here, Ken."""
"When Sebby came into Justin's life, he already promised himself that he will be a father above anything else. He dedicated his life for Sebby and nothing is more important than his son. Not even his own boyfriend.
""P-Paano ako, Jah? H-Hindi ko kaya. Sasama ako, lumayo tayo.""","When Sebby came into Justin's life, he already promised himself that he will be a father above anything else. He dedicated his life for Sebby and nothing is more important than his son. Not even his own boyfriend. ""W-What about me, Jah? I-I can't. I'll come with you, let's leave together."""
"Justin shook his head, ""Tapos ano? Tatakasan mo lang ang lahat? Unresolved problems will eventually haunt you down in the long run. If you don't face your battle now, it might cause you greater loss in the future. Naiintindihan mo ba ako?""
Ken wanted to say yes, but he can't.","Justin shook his head, ""Then what? You'll just run away from everything? Unresolved problems will eventually haunt you down in the long run. If you don't face your battle now, it might cause you greater loss in the future. Do you understand me?"" Ken wanted to say yes, but he can't."
"""No. Hindi mo ilalayo si Sebby, Jah. May karapatan naman siguro akong tumutol kasi anak ko rin siya? I will do everything to fix this as soon as possible. No one's leaving.""
Minsan lang hindi sumang-ayon si Ken. Minsan lang niya gamitin ang awtoridad niya bilang ama ni Sebby.","""No. You're not taking Sebby away, Jah. I think I have the right to object because he's my son too? I will do everything to fix this as soon as possible. No one's leaving."" It was rare for Ken to disagree. It was rare for him to use his authority as Sebby's father."
"Maraming posibleng mangyari kung hahayaan niyang lumayo ang mag-ama niya. Naiintindihan niya ang punto ni Justin ngunit marami pang ibang paraan.
""Poprotektahan ko kayo, lalo na si Sebby. Hindi mo siya pwedeng ilayo sa akin. H-Hindi ko kaya, I'm sorry. He will stay here.""","Many things could happen if he let his son and Justin leave. He understood Justin's point, but there were many other ways. ""I will protect you, especially Sebby. You can't take him away from me. I-I can't, I'm sorry. He will stay here."""
"Justin shut his eyes off. Frustration is written all over his face. He's too tired explaining himself to Ken.
""Poprotektahan mo siya? Paano? Eh itali ka nga lang ng boss mo, wala ka nang magawa? Kanina, habang pinapanood ni Sebby 'yung balita... nasaan ka para protektahan siya?""","Justin shut his eyes off. Frustration is written all over his face. He's too tired explaining himself to Ken. ""You'll protect him? How? When your boss just ties you down, you can't do anything? Earlier, while Sebby was watching the news... where were you to protect him?"""
"Hindi rin gusto ni Justin na makipagsumbatan kay Ken. Ayaw niyang mag-away pa sila nang malala ngunit kung magmamatigas ito ay hindi siya magpapatalo. 
""I was out there... fighting to be here, Jah. Fighting to be with you. Tapos ang gusto mo pala eh iwan na lang ako rito?""","Justin didn't want to argue with Ken either. He didn't want them to fight any worse, but if Ken was stubborn, he wouldn't back down. ""I was out there... fighting to be here, Jah. Fighting to be with you. And now you want me to just be left here?"""
"It's frustrating when both of you understand each other's argument but none of you want to lose. Ken and Justin have their own reasons to fight for their right to Sebby.
""Tingin mo ba talaga gusto kong iwan ka na lang? That's bullshit, Ken. I'm doing this for Sebby! Ano ba?""","It's frustrating when both of you understand each other's argument but none of you want to lose. Ken and Justin have their own reasons to fight for their right to Sebby. ""Do you really think I want to just leave you? That's bullshit, Ken. I'm doing this for Sebby! What the hell?"""
"""And I'm doing this for Sebby as well! Sa tingin mo ba ay gugustuhin pa nung bata na maranasan ulit iyong hindi kumpletong pamilya? If only you knew how much Sebby wants a complete a family—""
Justin immediately interrupted Ken, ""Alam ko! More than anyone, Ken... alam ko 'yan.""","""And I'm doing this for Sebby as well! Do you think the child would want to experience an incomplete family again? If only you knew how much Sebby wants a complete family—"" Justin immediately interrupted Ken, ""I know! More than anyone, Ken... I know that."""
"""Iyon naman pala eh. Tapos gusto mo siyang ilayo sakin? No, I won't let you. Dito lang kayo, walang aalis.""
'Di na napigilan ni Justin ang luha niya dahil sa sobrang inis na nararamdaman. He's used to deciding on his own when it comes to Sebby but now is a different situation.","""Then that's it. And you want to take him away from me? No, I won't let you. You both stay here, no one's leaving."" Justin couldn't hold back his tears anymore due to the intense annoyance he was feeling. He's used to deciding on his own when it comes to Sebby, but now is a different situation."
"Kahit gustong ipagdamot ni Justin si Sebby, alam niyang may karapatan din talaga si Ken.
""Please, Ken... I don't want my son to suffer the way I do. Just let us go,"" Justin pleaded with tears in his eyes.
It hurts Ken more than anything but he cannot lose his only strength.","Even though Justin wanted to keep Sebby to himself, he knew Ken also had rights. ""Please, Ken... I don't want my son to suffer the way I do. Just let us go,"" Justin pleaded with tears in his eyes. It hurts Ken more than anything, but he cannot lose his only strength."
"""Jah, intindihin mo rin naman ako—"" Ken was cut down with a small voice coming from behind.
""Bad ka, Dada! Pwamis kaw, di mo paiyak Taytay ko... pwamis kaw, di mo siya saktan. Bad ka, Dada! I hate you!""
It was Sebby. The eyes that usually glow are now covered with tears.","""Jah, please try to understand me—"" Ken was cut down with a small voice coming from behind. ""Bad, Dada! You pwomised you wouldn't make my Taytay cry... you pwomised you wouldn't hurt him. Bad, Dada! I hate you!"" It was Sebby. The eyes that usually glow are now covered with tears."
"The kid is crying nonstop. When Ken tried to hold Sebby, he ran towards Justin's direction. Ipinulupot nito ang sarili sa hita ng Taytay niya.
""B-Bad kaw, Dada... You lied eh pwamis kaw Sebby... A-Away mo Taytay ko, paiyak mo siya... D-Di mo na kami lalabs eh. I-I hate you...""","The kid is crying nonstop. When Ken tried to hold Sebby, he ran towards Justin's direction. He wrapped himself around his Taytay's legs. ""B-Bad, Dada... You lied, you pwomised Sebby... You h-hurt my Taytay, you made him cry... Y-You don't love us anymore. I-I hate you..."""
"The word pain is not enough to describe what Ken feels right now. Hearing that his own son hates him, it broke his heart more than what happened in the last three days.
""N-No, Sebby... It's not like that. H-Hindi ko brineak 'yung promise ko, nag-uusap lang kami ni Taytay mo.""","The word pain is not enough to describe what Ken feels right now. Hearing that his own son hates him, it broke his heart more than what happened in the last three days. ""N-No, Sebby... It's not like that. I-I didn't break my promise, Taytay and I are just talking."""
"Ken tried walking closer to Sebby but the kid just cried even louder, repeating the words 'I hate you' pertaining to his Dada.
""S-Sebby... No, don't h-hate me. Lalabs ko kayo ni Taytay mo, hmmm? Please, baby...""
Sebby shook his head aggressively, ""Alis na kaw! Yaw ko na sa'yo!","Ken tried walking closer to Sebby but the kid just cried even louder, repeating the words 'I hate you' pertaining to his Dada. ""S-Sebby... No, don't h-hate me. I love you and your Taytay, hmmm? Please, baby..."" Sebby shook his head aggressively, ""Go away! I don't want you anymore!"""
"Contrary to what Sebby is saying, Ken moved even closer to hold his son but Sebby pushed him away.
""Wag kaw lapit samin, yaw ko sa paiyak Taytay ko. Dada pwamis kaw Sebby eh! Di kaw tupad pwamis mo, yayaw ko na sa'yo...""
Sebby is crying too hard kaya pumagitna na si Justin.","Contrary to what Sebby is saying, Ken moved even closer to hold his son but Sebby pushed him away. ""Don't come near us, I don't like you making my Taytay cry. Dada, you pwomised Sebby! You didn't keep your pwomise, I don't want you anymore..."" Sebby is crying too hard, so Justin stepped in between them."
"""Leave, Ken. Wag ka nang lumapit,"" pakiusap ni Justin. Ken can't believe what he's hearing.
""J-Jah, ano ba? You should be explaining to Sebby what's really happening—""
Ken was again cut down by his own son, ""W-Wag kaw sigaw Taytay ko. Tama na, l-leave na kaw...""","""Leave, Ken. Don't come any closer,"" Justin pleaded. Ken can't believe what he's hearing. ""J-Jah, what are you doing? You should be explaining to Sebby what's really happening—"" Ken was again cut down by his own son, ""D-Don't shout at my Taytay. Stop it, j-just leave..."""
"Lalong lumakas ang iyak ni Sebby at mukhang nahihirapan na itong huminga kaya naman umupo na si Justin upang patahanin ang anak.
""Baby... Sebby? Stop crying na, Taytay is fine oh. I'm not crying na. Shhh na baby ko...""
But the kid is still crying which made Justin worried.","Sebby's crying grew louder and he looked like he was having trouble breathing, so Justin sat down to comfort his son. ""Baby... Sebby? Stop crying now, Taytay is fine, see. I'm not crying anymore. Shhh now, my baby..."" But the kid is still crying which made Justin worried."
"""Umalis ka na, Ken. Parang awa mo na. Sebby will not stop crying while you're here.""
Ken couldn't accept it. Sa isip niya ay kaya pa niyang patahanin ang anak kaya muli siyang lumapit pero mas lalong umiyak ang bata.
""Ken, ano ba?! I said, leave! Umalis ka na! Iwan mo na kami!""","""Leave, Ken. Please. Sebby will not stop crying while you're here."" Ken couldn't accept it. In his mind, he could still calm his son, so he approached again, but the child cried even louder. ""Ken, what are you doing?! I said, leave! Get out! Leave us!"""
"""N-No... Sebby—""
""He has an asthma, okay?! Kapag inatake siya dahil sa pagmamatigas mo, I swear to God. I will never forgive you, Ken.""
Sandaling natigilan si Ken bago napatingin sa anak na mukhang nahihirapan nang huminga. Ken grabbed his hair out of frustration.
""Damn it!""","""N-No... Sebby—"" ""He has asthma, okay?! If he has an attack because of your stubbornness, I swear to God. I will never forgive you, Ken."" Ken paused for a moment before looking at his son who seemed to be struggling to breathe. Ken grabbed his hair out of frustration. ""Damn it!"""
"Kahit labag sa loob ay tumayo si Ken at dire-diretsong lumabas ng bahay. He doesn't want Sebby to suffer longer just because he wanted to fix things right away.
Nang makarating sa labas ay sinuntok niya ang isang puno malapit sa sasakyan na kinaroroonan ni Josh.","Though against his will, Ken stood up and walked straight out of the house. He doesn't want Sebby to suffer longer just because he wanted to fix things right away. Upon reaching outside, he punched a tree near the car where Josh was."
"""FUCK THIS LIFE, FUCK EVERYTHING!""
Kulang ang salitang galit sa nararamdaman ni Ken ngayon. Galit sa sarili, galit sa boss niya, at galit sa taong gumulo sa mga plano niya.
Matapos ang ilang suntok ay kusang tumigil si Ken sa labis na panghihina. Napaupo siya habang umiiyak.","""FUCK THIS LIFE, FUCK EVERYTHING!"" The word 'anger' is not enough for what Ken is feeling right now. Angry at himself, angry at his boss, and angry at the person who messed up his plans. After several punches, Ken voluntarily stopped, overwhelmed by weakness. He sat down, crying."
"""I'm sorry, bun. I'm sorry, baby."" Ken whispered under his breath. He is crying miserably for who-knows-how-long. Ang tanging alam lang ni Ken ay nasasaktan siya higit pa sa sakit na naramdaman niya noong nakipaghiwalay siya kay Justin.
""Ken! Anong nangyari sa'yo?"" It was Josh.","""I'm sorry, bun. I'm sorry, baby."" Ken whispered under his breath. He is crying miserably for who-knows-how-long. The only thing Ken knows is that he is hurting more than the pain he felt when he broke up with Justin. ""Ken! What happened to you?"" It was Josh."
"Ken cracked a bitter laugh, ""Olats, dre. Napaiyak ko lang mag-ama ko, tangina. Sakit pala 'no? Marinig sa mismong anak mo na hate ka niya? Gago, dre. Para akong sinagasaan ng sampung truck, ang sikip ng dibdib ko.""
Josh knew immediately that the talk didn't end well.","Ken cracked a bitter laugh, ""I lost, man. I just made my son and Justin cry, damn it. It hurts, right? To hear your own child say they hate you? Dude, it's like I was run over by ten trucks, my chest feels so tight."" Josh knew immediately that the talk didn't end well."
"Lumapit si Josh at tinabihan ang kaibigang nakaupo sa gilid ng kalsada. ""Anong plano mo?""
Umiling si Ken nang paulit-ulit, ""Ewan. Gusto ko lang naman mabuhay nang payapa at tahimik kasama ng pamilya ko. Ganoon ba talaga iyon kahirap? Mabigat ba ang hiling ko?""","Josh approached and sat beside his friend, who was seated by the roadside. ""What's your plan?"" Ken shook his head repeatedly, ""I don't know. I just want to live peacefully and quietly with my family. Is that really so hard? Is my wish too much?"""
"Josh tapped his friend's back. He doesn't know what to say but he knows what his friend needs.
""Tara sa loob ng sasakyan. Magpahinga ka muna.""
After few more minutes, Ken wiped his tears away.
""Tara sa condo ko."" 
And with that, they drove their way to Ken's place.","Josh tapped his friend's back. He doesn't know what to say but he knows what his friend needs. ""Let's go inside the car. Get some rest first."" After a few more minutes, Ken wiped his tears away. ""Let's go to my condo."" And with that, they drove their way to Ken's place."
"Upon arrival, unang hinanap ni Ken ay ang spare phone niya. He dialed a number.
""Hello, Detective Grey? Long time no talk. I need you to do something for me.""
Ken knew what he needs to do. Instead of crying at the corner, he knows he needed to start a long overdue fight.","Upon arrival, Ken first looked for his spare phone. He dialed a number. ""Hello, Detective Grey? Long time no talk. I need you to do something for me."" Ken knew what he needs to do. Instead of crying at the corner, he knows he needed to start a long overdue fight."
"--
Another four days had passed. Ken got busy fixing and preparing things for whatever he is planning to do.
""Yow, nandito na ang pogi. Saan tayo today?"" Bungad ni Josh nang makapasok siya sa condo ni Ken.
The latter fixed the files he received today, ""Tara. Ako magdadrive.""","-- Another four days had passed. Ken got busy fixing and preparing things for whatever he is planning to do. ""Yow, the handsome one is here. Where are we going today?"" Josh greeted upon entering Ken's condo. The latter fixed the files he received today, ""Let's go. I'll drive."""
"Sa loob ng ilang araw ay kapansin-pansin ang pagiging seryoso ni Ken. Halos hindi ito mabiro ni Josh dahil parang anytime ay bubuga ito ng apoy. Tulad na lang ngayon.
""Hoy, nakakunot nanaman ang noo mo. Mukha ka na talagang gurang nyan.""
""Shut up, Santos. I'm driving.""","In the past few days, Ken's seriousness was noticeable. Josh could barely joke with him because it seemed like he would breathe fire anytime. Just like now. ""Hey, your forehead is wrinkled again. You're really starting to look old."" ""Shut up, Santos. I'm driving."""
"Oh di ba? Anong connect ng pagdadrive sa pagkunot ng noo? Napaismid na lang si Josh at tumingin sa labas ng bintana. Napansin niyang hindi pamilyar ang daan na tinatahak nila.
""Hindi mo ba talaga sasabihin kung saan ang punta natin? Baka itanan mo na ako ah, hindi ako ready.""","See? What's the connection between driving and having a furrowed brow? Josh just sneered and looked out the window. He noticed that the road they were taking was unfamiliar. ""Aren't you really going to tell me where we're going? You might elope with me, you know, I'm not ready."""
"Sandaling sinamaan ng tingin ni Ken si Josh bago muling itinuon ang paningin sa daan. Josh giggled upon seeing his friend's reaction.
""Chill, init ng ulo eh.""
Josh knew why Ken is acting this way. Ikaw ba naman ang itaboy ng anak mo, makakangiti ka pa ba?","Ken glared at Josh for a moment before refocusing on the road. Josh giggled upon seeing his friend's reaction. ""Chill, you're so short-tempered."" Josh knew why Ken is acting this way. If your own child pushed you away, would you still be smiling?"
"Josh wanted to clear the air even for a while but he thought that it's quite impossible given Ken's current situation.
Matapos ang mahigit isang oras ay pumasok sila sa hindi familiar na subdivision. Tiningnan pa ni Josh ang paligid ngunit wala talaga siyang kilalang taga-roon.","Josh wanted to clear the air even for a while but he thought that it's quite impossible given Ken's current situation. After more than an hour, they entered an unfamiliar subdivision. Josh looked around but he didn't know anyone living there."
"Magtatanong na sana siya nang huminto si Ken sa harap ng isang bahay. Dire-diretso itong bumaba ng sasakyan at tatlong beses nagdoorbell.
Nang walang lumabas ay muling pinindot ni Ken ang doorbell. Sinaway na siya ni Josh.
""Hoy, dahan-dahan. Parang may galit sa doorbell ah.""","He was about to ask when Ken stopped in front of a house. He immediately got out of the car and rang the doorbell three times. When no one came out, Ken pressed the doorbell again. Josh warned him, ""Hey, slow down. It's like you're mad at the doorbell."""
"Ken just rolled his eyes and continued pressing the doorbell. After few seconds, the door opened.
""Sino ba 'yan? Hindi ka ba makapaghintay?!""
Napasipol si Josh nang mapagtanto kung sino ang pinuntahan nila. It's Xander. Hindi naman pala sa doorbell galit, doon sa may-ari pala.","Ken just rolled his eyes and continued pressing the doorbell. After a few seconds, the door opened. ""Who is it? Can't you wait?!"" Josh whistled when he realized who they came to see. It's Xander. So he wasn't mad at the doorbell after all, but at the owner."
"""What the fuck are you doing here?"" Kunot noong tanong ni Xander. Napangisi naman si Ken.
""Papapasukin mo ako o gusto mong mapahiya sa labas ng bahay mo?"" 
The tension between the two gave a little excitement to Josh. He wants to see what will happen to this sudden meet up.","""What the fuck are you doing here?"" Xander asked with a frown. Ken, on the other hand, smirked. ""Are you going to let me in, or do you want to be embarrassed outside your house?"" The tension between the two gave a little excitement to Josh. He wants to see what will happen to this sudden meet up."
"Wala nang nagawa si Xander kung hindi ang pagbuksan ng pinto sina Ken at Josh. Ayaw naman niyang gumawa ng eksena sa labas ng bahay.
Nang makapasok sa loob ay agad ding nagsalita si Ken, ""Mmm, you're living in a pretty decent house. You're also a CPA, am I right?""","Xander had no choice but to open the door for Ken and Josh. He didn't want to make a scene outside his house. Once inside, Ken immediately spoke, ""Mmm, you're living in a pretty decent house. You're also a CPA, am I right?"""
"Xander is confused with Ken's actions but he still managed to answer, ""Yeah. Ano bang kailangan mo?""
""You're a CPA working in an auditing firm with a good reputation. Bet you're earning bigger than the minimum wage. Tama ba?""
Ken plastered a smile to Xander— a sarcastic one.","Xander is confused with Ken's actions but he still managed to answer, ""Yeah. What do you need?"" ""You're a CPA working in an auditing firm with a good reputation. Bet you're earning bigger than the minimum wage. Am I right?"" Ken plastered a smile to Xander— a sarcastic one."
"""I don't understand your point. Pwede bang umalis na lang ka—""
Natigilan si Xander sa biglaang pagtawa ni Ken. Naglakad ito papalapit sa kaniya at pagkatapos ay tumigil sa mismong harapan niya.
""Maayos naman ang sweldo mo, bakit kailangan mong huthutan ng pera ang kumpanya ko?""","""I don't understand your point. Can you just leave—"" Xander stopped at Ken's sudden laugh. He walked closer to him and then stopped right in front of him. ""Your salary is decent, so why did you have to extort money from my company?"""
"Xander was taken aback by Ken's question. He immediately turned his head away. ""Anong pinagsasasabi mo? Wala akong alam sa ibinibintang mo.""
Ken laugh sarcastically, ""Really, Xander? Wala kang alam sa mga litrato naming kumalat sa internet?""
Xander stepped back, ""Wala.""","Xander was taken aback by Ken's question. He immediately turned his head away. ""What are you talking about? I don't know anything about what you're accusing me of."" Ken laughed sarcastically, ""Really, Xander? You don't know anything about the photos of us that spread on the internet?"" Xander stepped back, ""No."""
"Ken let out a playful smirk. Lumayo siya nang kaunti at kinuha ang envelope na ipinadala sa kaniya kaninang umaga.
""You mean, hindi ikaw 'to? Eh sino siya? Kakambal mo?""
Inilapag ni Ken isa-isa ang mga litrato ni Xander na kuha habang nakasunod siya sa pamilya ni Ken.","Ken let out a playful smirk. He moved back a little and took out the envelope he received this morning. ""You mean, this isn't you? Then who is he? Your twin?"" Ken laid out, one by one, Xander's pictures taken while he was following Ken's family."
"Nanlaki ang mga mata ni Xander nang makita ang mga pictures niya, ""S-Saan mo nakuha ang mga iyan?""
Nagkibit balikat naman si Ken, ""How does it feel, Xander? Ang makita mo ang mga litrato mong hawak ng ibang tao?""
Unti-unting nawala ang ngisi sa mukha ni Ken.","Xander's eyes widened when he saw his pictures, ""W-Where did you get those?"" Ken just shrugged, ""How does it feel, Xander? To see your pictures in someone else's hands?"" The smirk slowly faded from Ken's face."
"Akmang kukunin ni Xander ang mga pictures pero pinigilan siya ni Ken at itinulak palayo.
""Fuck, akin na 'yan! Wala kang karapatang—""
""Wala akong karapatang kunin ang mga screenshots mula sa CCTV na nakakita sa katarantaduhang ginagawa mo sa pamilya ko?"" Pagtutuloy ni Ken.","Xander was about to grab the pictures but Ken stopped him and pushed him away. ""Fuck, give me that! You have no right—"" ""I have no right to take screenshots from the CCTV that caught the crazy things you're doing to my family?"" Ken finished."
"Nagtiim ang bagang ni Ken sa tindi ng pagpipigil niya na huwag masuntok ang lalaking nasa harapan niya.
""I am doing what you did to us, Xander. Mas malala pa nga 'yung ginawa mo eh. Galit na galit ka na sa lagay na 'yan? Now, imagine how much I am raging inside right now.""","Ken clenched his jaw, trying hard not to punch the man in front of him. ""I am doing what you did to us, Xander. What you did was even worse. You're already that angry? Now, imagine how much I am raging inside right now."""
"Ken hired a detective to look upon the root of the issue. He wanted to make sure that he's fighting the right person. When the photos arrived earlier, all he can feel is the thirst to have his revenge.
Lumapit si Ken at kinwelyuhan si Xander, ""You ruined my plans, alam mo ba?""","Ken hired a detective to look upon the root of the issue. He wanted to make sure that he's fighting the right person. When the photos arrived earlier, all he can feel is the thirst to have his revenge. Ken walked closer and grabbed Xander by the collar, ""You ruined my plans, did you know that?"""
"Xander's eyes darkened along with a sarcastic laugh, ""At alam mo rin bang ikaw ang unang nanira ng plano sa ating dalawa? Sabi ko naman sa'yo, 'di ba? Hindi pa tayo tapos. Now, we're even.""
Di alam ni Ken kung saan siya kumukuha ng maraming pasensya pero malapit na itong maubos.","Xander's eyes darkened along with a sarcastic laugh, ""And do you know that you were the first one to ruin our plans? I told you, didn't I? We're not done yet. Now, we're even."" Ken didn't know where he was getting so much patience, but it was almost depleted."
"Josh can see fire in the eyes of Ken. He wants to stop him before he can do something that might worsen the situation but when he saw how much Ken is holding back, Josh knew he could trust Ken's decisions.
""Hindi patas ang ginawa mo, Xander. Dinamay mo ang pamilya ko.""","Josh can see fire in the eyes of Ken. He wants to stop him before he can do something that might worsen the situation but when he saw how much Ken is holding back, Josh knew he could trust Ken's decisions. ""What you did wasn't fair, Xander. You involved my family."""
"Tila mas lalo pang nang-asar si Xander nang bahagya itong tumawa at matamang tumitig sa mga mata ni Ken.
""Ano bang gusto mo? Suntok para maging patas? Sige na, gawin mo na. Oh baka naman masyado kang mahina—""
Napapikit si Xander nang iangat ni Ken ang kamao niya.","Xander seemed to taunt him even more as he let out a slight laugh and stared intently into Ken's eyes. ""What do you want? A punch to make it fair? Go ahead, do it. Or maybe you're just too weak—"" Xander's eyes closed as Ken raised his fist."
"Isa. Dalawa. Tatlo. 
Ilang segundo pa ang lumipas ngunit walang naramdamang suntok si Xander. Nang imulat niya ang mga mata ay nakita niyang nasa ere pa rin ang kamao ni Ken habang masama ang titig sa kaniya.
""O-Oh? Bakit hindi mo ituloy?! Duwag ka naman pala eh.""","One. Two. Three. A few more seconds passed but Xander didn't feel a punch. When he opened his eyes, he saw Ken's fist still in the air, glaring at him. ""O-Oh? Why don't you go through with it?! You're just a coward, aren't you?"""
"Ngumisi si Ken at itinulak palayo si Xander, ""Wala pa nga, nauutal ka na eh. Sinong duwag sa atin? Isa pa, masyadong magaan kung susuntukin lang kita.""
Kinuha ni Ken ang mga litrato at ipinasok sa envelope bago nagpatuloy.
""I'd rather see you in court than in a hospital.""","Ken smirked and pushed Xander away, ""I haven't even started, and you're already stuttering. Who's the coward between us? Besides, punching you would be too easy."" Ken took the photos and put them back in the envelope before continuing. ""I'd rather see you in court than in a hospital."""
"Xander raised an eyebrow, trying to hide his nervousness. ""Anong ibig mong sabihin?""
""Ang ibig kong sabihin, hindi ako patas gumanti. Walang salitang patas lalo na sa mga taong tulad mo. Maling mali ka ng binangga, Xander.""
Ken plastered a smile before turning his back.","Xander raised an eyebrow, trying to hide his nervousness. ""What do you mean?"" ""What I mean is, I don't get even fairly. There's no such thing as fair, especially with people like you. You messed with the wrong person, Xander."" Ken plastered a smile before turning his back."
"Pero matapos ang dalawang hakbang ay tumigil si Ken at muling lumingon kay Xander.
""Ah oo nga pala, I forgot to ask. Magkano ang nakuha mong pera kay Mr. Lee kapalit ng mga litrato namin?""
Muling nangunot ang noo ni Xander ngunit agad din siyang ngumisi bilang tugon.","But after two steps, Ken stopped and looked back at Xander. ""Ah, yes, I forgot to ask. How much money did you get from Mr. Lee in exchange for our photos?"" Xander frowned again but immediately smirked in response."
"""You guess,"" pang-aasar ni Xander pero umiling lamang si Ken at bahagyang ngumisi.
""Wala akong panahong manghula pero sana naman malaki ang nakuha mo sa kaniya. Mmm, maybe big enough to start your own auditing firm? Or maybe just enough to get you out of this country?""","""You guess,"" Xander teased, but Ken just shook his head and smirked slightly. ""I don't have time to guess, but I hope you got a lot from him. Mmm, maybe big enough to start your own auditing firm? Or maybe just enough to get you out of this country?"""
"Nang mapansing naguguluhan na si Xander ay nagpakawala ng tawa si Ken.
""Oh, sorry. Nakalimutan kong sabihin. I stumbled upon my investigation that you accepted multiple bribes from your clients? Tsk tsk. Your boss is really upset when he heard this. Not a good a example ah.""","Noticing Xander's confusion, Ken let out a laugh. ""Oh, sorry. I forgot to mention. I stumbled upon my investigation that you accepted multiple bribes from your clients? Tsk tsk. Your boss is really upset when he heard this. Not a good example, huh."""
"Xander's eyes widened. Unable to speak, Ken continued talking.
""Biruin mo nga naman? Kaibigan ko pala ang boss mo? Mmm, he's my senior during high school days. Napagkwentuhan ka nga namin yesterday eh at may pinapasabi siya sa'yo.""
Ken plastered a sweet smile to Xander.","Xander's eyes widened. Unable to speak, Ken continued talking. ""Imagine that? Your boss is actually my friend? Mmm, he's my senior from high school. We even talked about you yesterday, and he has something to tell you."" Ken plastered a sweet smile to Xander."
"""Sabi niya, ienjoy mo na lang daw 'yung leave mo. Wag ka na raw babalik kasi hindi ka na nila kailangan sa company. Mmm, ano pa ba? Ah! Your license... What will happen if they file a lawsuit against you? Tsk tsk. Good luck, I guess?""
Ken was enjoying Xander's state of misery.","""He said, just enjoy your leave. Don't bother coming back because they don't need you in the company anymore. Mmm, what else? Ah! Your license... What will happen if they file a lawsuit against you? Tsk tsk. Good luck, I guess?"" Ken was enjoying Xander's state of misery."
"""H-Hayop ka! Ang sama sama mo—""
Ken stared directly at Xander's eyes before cutting his rants, ""You ruined my career first. Hindi ba patas lang na sirain ko rin 'yung sa'yo?""
Nananatiling seryoso si Ken, bakas ang iba't ibang emosyon bago nito binitiwan ang huling linya niya.","""Y-You animal! You're so evil—"" Ken stared directly at Xander's eyes before cutting his rants, ""You ruined my career first. Isn't it fair that I ruin yours too?"" Ken remained serious, various emotions evident on his face before he delivered his final line."
"""If you happen to survive all the lawsuits, prepare to leave this place immediately. Dahil hangga't nakikita kita sa paligid ko, hinding hindi kita titigilan. Run as far as you can, Xander. Hindi talaga ako patas gumanti.""
With that, Ken turned his back and started walking away.","""If you happen to survive all the lawsuits, prepare to leave this place immediately. Because as long as I see you around, I will never stop. Run as far as you can, Xander. I really don't get even fairly.""
With that, Ken turned his back and started walking away."
"--
Ilang araw nang tahimik ang bahay nina Justin. Sebby is not talking like the usual. Justin thought that maybe his son is still affected by the fight he had with his father.
""Sebby, let's eat.""
""Mmmkay po, Taytay.""
Palaging ganyan, tipid magsalita. Parang walang gana.","It's been quiet in Justin's house for days. Sebby isn't talking like usual. Justin thought maybe his son was still affected by the fight he had with his father.
""Sebby, let's eat.""
""Mmmkay po, Taytay.""
It's always like that, he speaks sparingly. He seems to have no appetite."
"While eating, Justin decided to talk to Sebby. Mukhang kalmado na rin naman ito at mababa na ang emosyon.
""Nak, are you still mad at your Dada?""
Kahit naman naiinis si Justin sa sitwasyon, hindi niya kayang magalit si Sebby kay Ken. He knows how much it pained his boyfriend.","While eating, Justin decided to talk to Sebby. He seemed calm now and his emotions were no longer running high.
""Son, are you still mad at your Dada?""
Even though Justin was annoyed by the situation, he couldn't bear for Sebby to be angry with Ken. He knows how much it pained his boyfriend."
"Sebby dropped his spoon and fork followed by a pout. He didn't answer his Taytay's question so Justin had to ask another question.
""Hindi mo ba siya namimiss? Ilang days na natin siyang hindi nakikita. Are you okay with it?""
Nagulat si Justin nang bigla na lang umiyak si Sebby.","Sebby dropped his spoon and fork, followed by a pout. He didn't answer his Taytay's question, so Justin had to ask another one.
""Don't you miss him? We haven't seen him for days. Are you okay with that?""
Justin was surprised when Sebby suddenly started crying."
Ngayon ko lang nalaman na may 1 hour limit lang ang IG live wtf???,I just found out there's only a 1-hour limit on IG live wtf???
Samedt.. di ba umaabot ng 1 hour ig lives ni kibum at taem?? Hahahahaha,Same... don't Kibum and Taemin's IG lives last longer than 1 hour?? Hahahahaha
Oo hahahaha. Anyare jan kay Jinki? 😂,Yeah hahahaha. What happened to Jinki? 😂
Di daw nakapremium si jinki ahahaha charot di ko rin alam,"Apparently Jinki doesn't have premium ahahaha just kidding, I don't know either"
"Okey lang tutal mapropromowt naman mga campaigns 
Kesa naman maging 'far left', di ba? 
Screw the poor! Pagibig ang radikal!","It's fine, at least campaigns will be promoted.
Rather than being 'far left', right?
Screw the poor! Love is radical!"
:(,:(
Sinusuportahan ko si bong go ung asawa ni duterte 🤣🤣🤣🤣😅,"I support Bong Go, Duterte's wife 🤣🤣🤣🤣😅"
I have a great laugh at this.,I have a great laugh at this.
Haha di ba . 🤣🤣,Haha right. 🤣🤣
"Maraming sizes ang mga film. Tapos, during sa shoot, ang kinukuha ng kamera mga still photos na nakakabit sa reel. Kumikilos siya kasi umiikot yung reel habang may ilaw sa likod. Kaya nga moving pictures di ba?","Films come in many sizes. Then, during the shoot, the camera captures still photos attached to the reel. It moves because the reel rotates while there's a light behind it. That's why they're called moving pictures, right?"
"ginusto mo yan hazel mae di ba, shutacca kasi","You wanted that, Hazel Mae, didn't you? Shut up because..."
Pati mga endorsements for starlets pinatulan? Gipit na gipit ba?,Even took on endorsements for starlets? Are you that desperate?
"Oo, dati pa nga yun di ba, so starlet pa sila nun? Hindi kung kailan ka tumanda …","Yes, that was even from before, right? So they were starlets back then? Not just when you get old..."
Pag matanda na hindi na pwede mag two piece or magpose ng sexy? Ano selective?,"When you're old, you're not allowed to wear a two-piece or pose sexy anymore? What, is it selective?"
"Di ba iba rin gobyerno yung dole akap namin sabi wala pa daw budget.. oh ginamit ninyo muna sa election…mahiya naman Sana kayo Hindi. Ninyo nga kami matulugan OFW ipaglaban makuha natarapat samin tulong, pati tan maliit na halaga para sa amin makapag umpisa . Hindi maibigay","Isn't it a different government? Our DOLE AKAP (aid) said there's no budget yet... Oh, you used it for the election first... You should be ashamed. You can't even help us OFWs fight to get the aid we deserve, even a small amount for us to start over. It can't be given."
Kawawang OFW Hindi kayang tulugan ng gobyerno. Ng pilipinas…wala daw budget.. mga sinugaling.. hawak ninyo ayaw ninyo Lang ibigay tlaga sa OFW,"Poor OFWs, the Philippine government can't help them... they say there's no budget... liars... you have it, you just don't want to give it to OFWs."
ano ba mas magandang pob sa nct sg? ktown pob or aladin pob?,What's a better POB for NCT SG? Ktown POB or Aladin POB?
same lang naman sila 'di ba..,"They're the same, aren't they?"
hindi ko sure.. ㅠㅠ,I'm not sure.. ㅠㅠ
"lamig, pwedeng pa hug?","It's cold, can I get a hug?"
'di ba uso kumot sayo,Aren't blankets a thing for you?
uso naman pero iba pag may ka hug HAHAHAHAHA,"They are, but it's different when you have someone to hug HAHAHAHAHA"
"OohH Jivaaa!! supon ubo lang,Antibiotic agad??? di ba pwede mga OTC drugs mo na kaloka","OohH Jivaaa!! Just a cough, and immediately antibiotics??? Can't you use your OTC drugs, it's crazy."
"Ano naman saiyo kung buntis ako di ba may Erica ka na
-Dom
#THATHSecretIsOut
@KapusoBrigade 
@encabattalionkb","What's it to you if I'm pregnant, you have Erica already, right?
-Dom
#THATHSecretIsOut
@KapusoBrigade 
@encabattalionkb"
pinanood ko ulit bung butter performance nila sa AMAs tapos ayun ult ko si Jungkook pero kapag onstage talaga ang lakas ng hatak ng rapline nakakabaliw,"I rewatched their Butter performance at the AMAs and while Jungkook is my ultimate, the rap line really has a strong pull on stage, it's insane."
DI BA ATE 🤣. MEDYO LUMIKO NA NAMAN TAYO NG LANDAS HAHAHAHA,"ISN'T IT, ATE 🤣. WE'VE GONE OFF TRACK AGAIN HAHAHAHA"
"Boleh nder, aku mau 🥺","Yes, I want to 🥺"
Yung naghintay ka.. Okay lang mahal ko parin kayo 🤧,"You waited... It's okay, I still love you all 🤧"
Okay na yan sa enhypen ka naghintay atleast di ba di sa maling tao,"That's okay, you waited for Enhypen, at least it wasn't for the wrong person, right?"
TAMA TAMA TAMA 😭,RIGHT RIGHT RIGHT 😭
Si crush po pinipili ko,I'm choosing my crush.
😂😂😂😂 ay di ba part ng choices yun?,"😂😂😂😂 Oh, isn't that part of the choices?"
lah nakantahan ko si tita G HUHUHU,"Omg, I sang for Tita G HUHUHU"
Ang galing nyo po atee! And ang ganda po ng mga songs nyoo! Kayo din po yung sa THNKS sa spotify di ba?,"You're so good, atee! And your songs are beautiful! You're also the one from THNKS on Spotify, right?"
Maraming SLMT po🥺💖 yes po ako rin yun😬,"Thank you very much 🥺💖 Yes, that's me too 😬"
Halaaa atee! Ang galing mo talagaa! Palagi po akong naiiyak at namonotuvate pag naririnig ko sa playlist ko yun! 💙💙 Good luck po sa Djooky! 😊,Halaaa atee! You're really amazing! I always cry and feel motivated when I hear it on my playlist! 💙💙 Good luck with Djooky! 😊
minsan ✌ HAHAHAHAHAHAHA CAPRI,Sometimes ✌ HAHAHAHAHAHAHA CAPRI
pati b nmn ikw ireject aq s bgay cno b nmn aq 'di ba isa lang nmn aqng dinosaur rorororor🦖🦖🦖,"Even you will reject me? Anyway, who am I, right? I'm just a dinosaur rorororor🦖🦖🦖"
"ilang beses na pinag tagpo ngunit di tinadhana! 
WeTueStay with MahMygz
#MAHMYGZ4LIFE","Met many times but not destined to be! 
WeTueStay with MahMygz
#MAHMYGZ4LIFE"
"Ang saklap lang di ba?
WeTueStay with MahMygz
#MAHMYGZ4LIFE","It's just so unfair, isn't it?
WeTueStay with MahMygz
#MAHMYGZ4LIFE"
"Di ba pwede ikaw nalang  jowain? Hehe #AskZT
x.com/i/spaces/1mnxedbmOQqJX","Can't I just be your partner? Hehe #AskZT
x.com/i/spaces/1mnxedbmOQqJX"
I honestly thought that was Gaon hahahahaha,I honestly thought that was Gaon hahahahaha
Di ba eh nung nakita oo last week akala ko nandun yung chain thing niya hahaha,"Right? When I saw it last week, I thought the chain thing was there hahaha"
"di ba yung iba parang di masyado nae-enjoy yung gala w friends/cousins pag kasama yung mama, samin mas nag-eenjoy sila pag kasama mama q HSKAHAHAHA di raw kasi kj ganorn","Isn't it true that some people don't enjoy outings with friends/cousins as much when their mom is with them? For us, they enjoy it more when my mom is with us HSKAHAHAHA they say she's not a killjoy or something."
"like lahat kami bagets tas yung mama q lang yung parent na sumama pak. pati yung di invited sa gala namin, sumasama 😭","Like all of us are young and my mom is the only parent who came, perfect. Even those not invited to our outing come along 😭"
ayon skl kamiss gumala na hindi puro mall lang. umay sa mall puta wala bang ibang view dyarn,"So yeah, I just shared that. I miss going out somewhere that isn't just a mall. I'm sick of malls, f*ck, isn't there any other view around here?"
"For tonight's pahavs, simply reply to this tweet pogi pics of Louie taken from your tv screen while watching TWBU! Use the official HT and tagline. More entries, more chances of winning! 
@aldenrichards02 
#TWBUSurfaceTension
ALDENxTWBU NewDay","For tonight's giveaways, simply reply to this tweet with handsome pics of Louie taken from your TV screen while watching TWBU! Use the official HT and tagline. More entries, more chances of winning! 
@aldenrichards02 
#TWBUSurfaceTension
ALDENxTWBU NewDay"
"Syempre may pa beso, nakangiti ka Louie kasi masaya ka di ba?
ALDENxTWBU NewDay
#TWBUSurfaceTension
 #AldenRichards
@aldenrichards02","Of course there's a kiss, you're smiling, Louie, because you're happy, right?
ALDENxTWBU NewDay
#TWBUSurfaceTension
 #AldenRichards
@aldenrichards02"
"and also ""ngay"" HAHAHA","and also ""ngay"" HAHAHA"
hOY TOTOO SO MUCH AHAHAHAHAHA,HOY THAT'S SO TRUE AHAHAHAHAHA
HAHAHAHAH DI BA 😭,HAHAHAHAH ISN'T IT 😭
"Siguro pag ni reveal nya na jowa ka nya
Ewan ko nalang sayo","Maybe when he reveals you're his girlfriend
I don't know about you then"
Ano ba yan para namang di kilala bat ta tatakpan ng buko?😂,"What's that? It's like no one knows him, why cover him with a coconut? 😂"
Sayang naman yung mama mary fez kung tatakpan lang di ba 🤗,"It would be a waste of the Mama Mary face to just cover it up, right 🤗"
@BLACKPINK  Ano ba naman yung mag live kayo ‘di ba 🥺,"@BLACKPINK Why don't you guys go live, right? 🥺"
sino to di ata ako makakatulog di ba to dream??? parang si mark yung nasa gitna but it cant be mark if new unit to,"Who is this, I might not be able to sleep, isn't this a dream??? It looks like Mark is in the middle, but it can't be Mark if this is a new unit."
baka yung lineup ng u title track?,Maybe the lineup for U title track?
baka nga U lang sana u lang hahaha,"Maybe it's just U, I hope it's just U hahaha"
baka dream talaga kasi.. synchronization of dream? eme,"Maybe it's really Dream because... synchronization of Dream? Haha, just kidding."
di ba pedeng ikaw naman yung magpagaan ng loob ko? hindi yung magiging isa ka rin sa reason kung bat mabigat yung loob ko?,Can't you be the one to lighten my mood for once? Instead of being another reason why I feel down?
taena kasi ang hirap hirap na haha,"Damn, it's just so hard haha"
"spoti rp ak blm premiyum. udah dua bulan egk bayar.
bismillah ada yg peka","My Spotify RP isn't premium yet. Haven't paid for two months.
Hopefully someone understands."
"pesen di ba langgananmu nanti aku bayar, cepatttt","Order from your subscription, I'll pay for it later, quicklyyyy"
atau kalo mau beli di spoti langsung terserah,"Or if you want to buy directly from Spotify, whatever."
"So may teaser na mamaya, di ba?","So there's a teaser later, right?"
🤡,🤡
Gawain ng immatured at adik yan gaya ng amo mo. Mahuhuli din ang gumawa non tapos sasabihin hiniram ang celpon o na hack ang account. Familiar? Panay bbm supporters di ba? Pikit.,"That's what immature and addict people like your boss do. The one who did that will be caught and then they'll say the phone was borrowed or the account was hacked. Familiar? All BBM supporters, right? Close your eyes."
nakakainis kase eh di ba pwede na privacy nalang un?,"It's annoying because, isn't that supposed to be private?"
short hair or curly hair sksksks,short hair or curly hair sksksks
Totoo baa huhuhu di ba hindi bagay yung short hair sksksksk 🥲🥲,"Is that true, huhuhu, short hair doesn't suit me, sksksksk 🥲🥲"
"Join our senior anchor @RicoHizon now on #TheFinalWord.
💻 Facebook bit.ly/3l13Ucf
📱 Live stream cnn.ph/1LXc9jG
📺 Free TV ch. 9, Cignal ch. 10, Sky Cable ch. 14","Join our senior anchor @RicoHizon now on #TheFinalWord.
💻 Facebook bit.ly/3l13Ucf
📱 Live stream cnn.ph/1LXc9jG
📺 Free TV ch. 9, Cignal ch. 10, Sky Cable ch. 14"
"BOSES Pilipinas Convenor Imelda Deinla: Based on our survey, we found that many of our Filipino youths who are of voting age are very susceptible to fake news and they can’t distinguish between fake news and real news.","BOSES Pilipinas Convenor Imelda Deinla: Based on our survey, we found that many of our Filipino youths who are of voting age are very susceptible to fake news and they can’t distinguish between fake news and real news."
"RELATED: Certain segments of the Filipino youth were found to be more likely to fall for misleading or false information, according to a survey led by the Ateneo School of Government. 
cnnphilippines.com/news/2021…","RELATED: Certain segments of the Filipino youth were found to be more likely to fall for misleading or false information, according to a survey led by the Ateneo School of Government. 
cnnphilippines.com/news/2021…"
"Deinla: Normally, most of this fake news are mimicking new from media outlets. They tweak quote cards released by mainstream media and they use this to serve their own purpose","Deinla: Normally, most of this fake news are mimicking news from media outlets. They tweak quote cards released by mainstream media and they use this to serve their own purpose"
Deinla: Prolonged exposure to fake news lowers capacity to detect fake news,Deinla: Prolonged exposure to fake news lowers capacity to detect fake news
"Deinla: It is the responsibility of social media companies to detect, combat fake news... We really need the help of social media companies","Deinla: It is the responsibility of social media companies to detect, combat fake news... We really need the help of social media companies"
"Deinla: We are seeing the continuing misinformation, disinformation. Especially during this time, it is important for social media companies to assist the country that we minimize the proliferation of fake news during election time.","Deinla: We are seeing the continuing misinformation, disinformation. Especially during this time, it is important for social media companies to assist the country that we minimize the proliferation of fake news during election time."
"Deinla: It’s not just the responsibility of Comelec to combat fake news. We expect, as well, the candidates not to spread fake news.","Deinla: It’s not just the responsibility of Comelec to combat fake news. We expect, as well, the candidates not to spread fake news."
hahaha may premyo nga na cherry mobile si bbm for spreading his vlog di ba o ayan ano gagawin nyo dyan eh No 1 spreader yan? #NoToMarcosDuterte2022 #NoToFakeNews #NoToRevisionism #NoToNarcosJr,"Hahaha, BBM even has a Cherry Mobile prize for spreading his vlog, right? So what will you do about that? He's the No. 1 spreader! #NoToMarcosDuterte2022 #NoToFakeNews #NoToRevisionism #NoToNarcosJr"
Di ba ko sanay da puyatan hmp,"I'm not used to staying up late, hmp."
"choose your fighter
sa wala💚 o sa meron💛? 
Sabong Na This","Choose your fighter:
For nothing 💚 or for something 💛?
Cockfight now!"
Parang si Edward lang tong si Ben. Di ba binoboto ni Edward si kisses noon kasi di sya pinapansin o kaya kapag ng seselos.  😂,Ben is like Edward. Didn't Edward vote for Kisses back then when she ignored him or when he got jealous? 😂
what was my icon when we became moots?,What was my icon when we became moots?
moots na tayo bago pa yang icon na yan di ba 😭,"We were already moots before that icon, weren't we? 😭"
"#BOYCOTTMZETxAPTxGMA261
Kinikilig sila eh panis n panis n un,nun Isang bwan p un n shoot,may nangyari b,napainlove b ni drykunotnuo c A,di ba hinde?
#BOYCOTTMZETxAPTxGMA261","#BOYCOTTMZETxAPTxGMA261
They're giddy, but that's so stale, it was shot a month ago. Did anything happen? Did Drykunotnuo make A fall in love? No, right?
#BOYCOTTMZETxAPTxGMA261"
parang long flight yung kay johnny???,Johnny's looks like a long flight???
sameee pansin ko din!,"Sameee, I noticed that too!"
"di ba unang kita ko, long flight agad naisip ko","Right? The first time I saw it, I immediately thought long flight."
Now kahit gustong gusto ko lang humiga at matulog hindi ko magawa kasi kelangan ko pa pataehin itong aso tas papakainin ko pa siya. Putangina lang di ba? Di porket ako usually nag-aalaga sa aso na to ibig sabihin non wala na kayong responsibilidad. Tangina naman.,"Now, even though I really want to just lie down and sleep, I can't because I still need to let this dog pee and then feed him. It's just f*cking ridiculous, right? Just because I usually take care of this dog doesn't mean you all have no responsibility. Goddamn it."
Lasing na ako yung tipong ang lakas ko na magsalita tas namamanhid na katawan ko pero ang una kong ginawa pagkauwi yung magpakain at magpaihi ng aso. Tas magtataka kayo kung bakit malayo loob ko sa inyo? Eh ganon naman ginawa nyo sakin simula pagkabata.,"I'm already drunk, the kind where I'm talking really loud and my body is numb, but the first thing I did when I got home was feed and let the dog pee. Then you'll wonder why I'm distant from you? Well, that's what you've done to me since childhood."
Putangina lang kasi. Nakakapagod yung ganto. Araw araw na lang.,It's just f*cking exhausting. Every single day.
Di ba turon 😆 HAHAHAH,Isn't it turon 😆 HAHAHAH
Gusy ano na di parin kayo tapos😭😭 hanggang saan ba yan ha  di ba talaga kayo napapagod pumatol ofc nakikiusap na tama na pero anong ginawa niyo wala diba ang hirap kasi sa inyo ang titigas ng ulo ewan ko sa inyo dapat hayaan niyo na sila kasi mapapagod din yan sila mygod🤔🤦🏼‍♀,"Guys, what's up? You still haven't finished 😭😭 How far will this go, huh? Don't you ever get tired of engaging? Of course, I'm begging you to stop, but what did you do? Nothing, right? The problem with you is you're so stubborn. I don't know about you, you should just let them be because they'll get tired eventually, my god🤔🤦🏼‍♀"
sige harutan pa di ba ang saket nung nawala eme hahaha good evening ate nin,"Go ahead and play around, but it hurts so much when it's gone, just kidding hahaha good evening ate nin"
"idc, bahala ka. U change naman na di ba?","I don't care, it's up to you. You've changed anyway, right?"
I will wait for St. Lukes OFFICIAL STATEMENT than making mere speculation regarding with BBM drug test result. It is unfair to be one sided. Yes! He lied about his credentials but let’s wait for St. Lukes 😊 to prove that it is fake or not.,I will wait for St. Luke's OFFICIAL STATEMENT than making mere speculation regarding with BBM drug test result. It is unfair to be one sided. Yes! He lied about his credentials but let’s wait for St. Luke's 😊 to prove that it is fake or not.
But how can we be sure na sa kanya talaga yung urine o kung ano man specimen? It’s like bigla nalang syang may drug test. Dapat gumaya na lang sya kina Lacson. Hindi yan ganyan. Hahahahah. Bopols kasi si BBM. 🤪,But how can we be sure that the urine or whatever specimen is really his? It's like he suddenly had a drug test. He should have just followed Lacson. Not like this. Hahahahah. BBM is stupid. 🤪
Nakapag pa drug test ka na ba ? Pag drug test Yung ihi mo kukunin dun MISMO sa CR at sasamahan ka Ng guard to ensure na sayo Yung urine.,"Have you undergone a drug test yet? During the drug test, your urine will be collected directly from the restroom, and a guard will accompany you to ensure the urine is yours."
HAHAHAHAHA. Wala man lang lumabas na picture si Marcos na nasa SLMC sya? So how are you so sure? Home service? May guard pa din yun?,HAHAHAHAHA. No pictures of Marcos at SLMC came out? So how are you so sure? Home service? Was there still a guard?
Hindi po nya hilig mag invite Ng media Di tulad Ng ibang candidates na dapat may photo op.,"He doesn't like inviting media, unlike other candidates who need a photo op."
"Asus. Wala man lang kahit stolen? Oh eh di ba madami daw kayo, according sa mga BBM tards? Hahahahahah. Don’t waste your time on me. Cocaine user pa din si BBM para sakin. Bye.","Oh, come on. Not even a stolen shot? Oh, but didn't you say there were many of you, according to the BBM tards? Hahahahahah. Don't waste your time on me. BBM is still a cocaine user to me. Bye."
It's your OPINION po. I just addressed your question about the authenticity of the specimen since I underwent drug test before.,It's your OPINION. I just addressed your question about the authenticity of the specimen since I underwent a drug test before.
"Ay, same kayo? Okay. Wag na mag drugs hah. Bye.","Oh, you're the same? Okay. Don't do drugs, okay? Bye."
"Bsta Leni Supporter, bulok!","As long as it's a Leni Supporter, they're rotten!"
"Basta BBM tards, bobo! 💁🏻‍♀️","As long as it's BBM tards, they're stupid! 💁🏻‍♀️"
Hi kung my time ka siguro visit mo st luke's and verify mo kung talagang pumunta si bbm para mag pa test hahaha,"Hi, if you have time, maybe visit St. Luke's and verify if BBM really went there for a test, hahaha."
Sino kaya un Di ba drawing,Who do you think that is? Isn't it just a drawing (not real)?
Makikisali ako kasi may mga st. lukes medical results din ako pero bat mas sosyal ung akin? Mwahahaha chour,"I'll join in because I also have St. Luke's medical results, but why are mine more 'sosyal'? Mwahahaha, just kidding."
Hahahahah. Sakin din may header at napaka vibrant ng colors. Nakita ko lang tweet mo. 🤪,Hahahahah. Mine also has a header and the colors are so vibrant. I just saw your tweet. 🤪
Di ba??? Kung ako sa kanya magrereklamo ako bat walang header ung results ko hahaha eme. Yey hi!,"Right??? If I were him, I'd complain why my results don't have a header, hahaha, just kidding. Yay, hi!"
Pano sya nagnakaw ng boto?,How did he steal votes?
Hindi naman sya nagnakaw ng boto. Na recount naman ulit sya. It's also the decision of court na walang nakawang na nangyari.,He didn't steal votes. He was recounted again. It's also the court's decision that no stealing occurred.
"Kapag hindi ayon sa gusto nyo, dilawan agad? Hindi rin kayo marunong rumespeto sa desisyon ng korte? E pano naman pala aahon ang bansa kung kayong mga taga suporta e hindi nirerespeto ang desisyon ng korte.","If it's not according to your liking, it's immediately 'yellow'? You don't know how to respect the court's decision either? So how will the country progress if you supporters don't respect the court's decision?"
"Wala naman. Malakas lang kayong magparatang ng walang ebidensya at mahilig kayong gumawa ng kwento. 
Kung manalo man ang sinusuportahan mo, sana di kayo baliwalain kapag nakaupo na. 
Tandaan, magnanakaw is always magnanakaw. BOW!","Nothing. You are just loud in making accusations without evidence and you love making up stories.
If your supported candidate wins, I hope you won't be disregarded once they are in power.
Remember, a thief is always a thief. PERIOD!"
Di naman ako defensive. Na offend ka lang 😂 totoo naman na magnanakaw pamilya nya diba? Anong mali dun?,"I'm not being defensive. You just got offended 😂 It's true that his family are thieves, right? What's wrong with that?"
Nagcomment ako kasi nagtatanong ako na pano ba nagnakaw ng boto? Ni wala ka ngang maipakitang ebidensya. Di naman apektado. Kasi nahihilig kayo sa mga fake news. 😂😂😂 pati fake diploma?,I commented because I'm asking how he stole votes. You can't even show any evidence. It's not affected. Because you're fond of fake news. 😂😂😂 Even a fake diploma?
"I've done my part. Kaya nga tinatanong kita, sa paano sya nagnakaw ng boto. I also need to hear your side. Baka naman may nakita reliable source of news na ninakaw nga nya yung boto. Baka ikampanya ko pa si LBM kung magkaganon.","I've done my part. That's why I'm asking you, how did he steal votes? I also need to hear your side. Maybe you saw a reliable source of news that he indeed stole the votes. I might even campaign for LBM if that's the case."
"Ayy hala di ba sila LBM ang magnanakaw? Di nga sila makatuntong sa US 😂 kasi may kaso sila 😂 
Tsaka may sarili nga talaga kayo ng reality ano? Pa check up ka na baka iba na yan.","Oh, wait, aren't LBM and his family the thieves? They can't even set foot in the US 😂 because they have cases 😂
And you really have your own reality, don't you? Get yourself checked, it might be something else."
"since weapon ng graynoma next ep si Hayi, gsto ko lang malaman bakit wala pading WORLD TOUR sa spotify.","Since Hayi is the weapon of Graynoma in the next episode, I just want to know why there's still no WORLD TOUR on Spotify."
SA TOTOO LANG,HONESTLY
ano kaya problema no 😢,I wonder what the problem is 😢
Takang taka rin ako kasi ayun lang wala di ba?,"I'm also really confused because that's all, right? Nothing else?"
hindi ata naisama sa select all nung inupload. 😭🤣,I guess it wasn't included in the 'select all' when it was uploaded. 😭🤣
usto ko lang naman manood ng tiktok kaso parang may mali... di ba dapat nag aaral ako ngayon?,"I just want to watch TikTok, but something feels wrong... shouldn't I be studying right now?"
wag na magaral😎,Don't study anymore 😎
TAMAH YAN 🤩,THAT'S RIGHT 🤩
"Di ba wala na ang Aldub?
Si Maine may Arjo na",Isn't Aldub over? Maine is already with Arjo.
May problema ba tayo ha Kim Namjoon???!?? 😅🔥,"Do we have a problem, Kim Namjoon?!?? 😅🔥"
Ang lapad ng likod!,What a broad back!
Aparador levels na sya 😱😅,He's like a cabinet now 😱😅
Biglang nag bulk up di ba? Katuwa!,"He suddenly bulked up, right? How amusing!"
de gagu di ba nya naintindihan yung sinabi ni javi?,"Seriously, didn't he understand what Javi said?"
"Paimpress agad di ba pwede sweet
#THATHSecretIsOut
KapusoBrigade 
@MulawinBatalion","Immediately trying to impress, can't it just be sweet?
#THATHSecretIsOut
KapusoBrigade 
@MulawinBatalion"
"Kung ni post mo yan di ba, flex mo jowa mo yawa ka","If you posted that, right, you're flexing your partner, you're annoying."
"ULITIN KO! 
Survey lang!? Okay lang ba mag message sa EX? May ire recommend lang sana ako na kanta?","LET ME REPEAT! 
Just a survey!? Is it okay to message an ex? I just wanted to recommend a song?"
ok lng yan😃,It's fine 😃
Di ba may paparinig lang naman ako na kanta eh 👉👈,"I just want to play a song for them, right? 👉👈"
tama2x 😃🤣 paparinig lng naman wala n man meaning🙂,"Exactly 😃🤣 just playing a song, it doesn't mean anything 🙂"
Curious talaga ako kung bakit akala nyo babae ako nong una.  HAHAHHA,I'm really curious why you all thought I was a girl at first. HAHAHHA
"naaalala ko na naman na sinabi ko sayo ""congrats ate!"" HAHAHAHAHAHHA kasi di'ba mostly nga sa artists na JSL's is babae HAHAHAHAH","I remember saying to you, ""congrats, ate!"" HAHAHAHAHAHHA because, you know, most JSL artists are girls HAHAHAHAH"
"THE MANILA BULLETIN PRESIDENTIAL SURVEY (Nov. 19-21, 2021)
From Nov. 19 to Nov. 21, 11:59 pm, to get the pulse of the nation at a particular moment in time, we are asking our readers to share with us which candidate they will vote for as President if the elections were held now.","THE MANILA BULLETIN PRESIDENTIAL SURVEY (Nov. 19-21, 2021)
From Nov. 19 to Nov. 21, 11:59 pm, to get the pulse of the nation at a particular moment in time, we are asking our readers to share with us which candidate they will vote for as President if the elections were held now."
Doon nlng ako sa Leni lugaw. Masarap na may kasama pang pagmamahal,I'll go with Leni Lugaw. It's delicious and comes with love.
Aanhin mo yang pag mamahal mo kung manalo yang lugaw nyo? Maraming babayarang utang na loob yan sa partido 🤣 baka pati malacañang maibenta,What good is your love if your 'lugaw' wins? She'll have many debts of gratitude to the party 🤣 they might even sell Malacañang.
"Sino ba nagbenta ng Pilipinas sa China? Im sure di si VP Leni. Lugaw si Leni, ano si BBM? Cocaine?","Who sold the Philippines to China? I'm sure it wasn't VP Leni. Leni is 'lugaw,' what is BBM? Cocaine?"
"You forgot these,  lutang; idiot; inpiration is druglord; brother is druglord; Diretso sa personal account ang mga budget which is forbidden; Corrupt; mang mang; Goal: just to destroy Marcos family; a member of Liberal Party na mga tongong corrupters; Leni is the Cory 2.0;scammer",You forgot these: scatterbrained; idiot; inspiration is druglord; brother is druglord; budget goes straight to personal account which is forbidden; corrupt; ignorant; goal: just to destroy Marcos family; a member of Liberal Party who are corrupt fools; Leni is the Cory 2.0; scammer.
"Idiot??? Lawyer po sya? Si BBM po, dropout na sinungaling pa. Naexplain nya rin kung bakit sa personal account nya pumasok ang donation for her candidacy and all accounted and reported accordingly. Ang alam ko pong forbidden ay ang illgotten wealth ng Marcos, killing, tax evasion","Idiot??? She's a lawyer, sir? BBM, on the other hand, is a dropout and a liar. She also explained why the donation for her candidacy went into her personal account and that it was all accounted for and reported accordingly. What I know is forbidden is the ill-gotten wealth of the Marcoses, killing, and tax evasion."
I don't care about those cases because it has been almost 30 years dragging down the people who saved the Philippines from Communists and Rebellions. Did the yellowshit win once out of the  cases? Nope,I don't care about those cases because it has been almost 30 years dragging down the people who saved the Philippines from Communists and Rebellions. Did the yellowshit win once out of the cases? Nope.
Yes po. Kaya nga po convicted si Imelda di ba??? Wag po kasi puro tiktok. :),"Yes, sir. That's why Imelda was convicted, right??? Don't just rely on TikTok. :)"
"puro kayo poso, 'di ba pwedeng kidney ko naman jk","You're all about 'poso' (deep well), right? Can't it be my kidney for once, just kidding."
di ba!!!,Right?!?
"- 🛒
are u my filo or intl oomf ❔","- 🛒
are you my Filipino or international oomf ❔"
omg 'di ba halata ahhahasjjskaj😭😭,"OMG, isn't it obvious? Ahhahasjjskaj😭😭"
"Pansin nyo ba? Bakit kapag BBM caravan bihira ang 4-wheeler vehicles, mas maraming motorsiklo/bike. Bakit kapag kay VP Leni maraming 4-wheeler? 🤔","Have you noticed? Why is it that during BBM caravans, there are rarely 4-wheeler vehicles, mostly motorcycles/bikes? Why is it that with VP Leni, there are many 4-wheelers? 🤔"
Pano mo nasabi? May conclusion? Di ba nagtatanong?,How did you say that? Do you have a conclusion? Aren't you just asking?
"Itinuloy ang laplapan sa twbu. High na high c direk yan ang gsto nya. Di  pa rin nkkakilig ginawang bold star c A at c kunot noo sabik na sabik din. Ay Ewan epic daw. Saan banda?
#BOYCOTTMZETxAPTxGMA259","The kissing scene in TWBU continued. The director was super high, that's what he likes. It's still not exciting, they turned A into a bold star and the frowning guy was also very eager. Oh, I don't know, they say it's epic. Where exactly?
#BOYCOTTMZETxAPTxGMA259"
Not good to.the eyes of minors no moral values laplapan pa more plus bedscene anu naiba wala naman di ba mag pahinga lang sila pero walang nabago sa gusto ng direktor kaya #BOYCOTTTWBUGMA,"Not good for the eyes of minors, no moral values, more kissing plus bed scene, what's different? Nothing, right? They just rest, but nothing has changed in what the director wants, so #BOYCOTTTWBUGMA"
@stphnmntflcn di ba nag aaya ka?HAHAHAHAHAH,@stphnmntflcn didn't you invite me?HAHAHAHAHAH
"first off they should specify what specific test for cocaine did they do, and 2nd, as a person who lived near BGC, di ba Ususan sa may Garden of Memories un? anlayo sa St Lukes ah which is in Fort Bonifacio but please correct me if I’m wrong","First off, they should specify what specific test for cocaine they did, and second, as a person who lived near BGC, isn't Ususan near Garden of Memories? That's far from St. Luke's, which is in Fort Bonifacio, but please correct me if I’m wrong."
Para may additional reference ka.,For additional reference.
"I see. so they don’t usually say what kind of test they do huh, basta test kit lang.","I see. So they don't usually say what kind of test they do, huh? Just a test kit."
"read the result din kasi po, look at the lowest part na sabing doh generated report. kaya po lumalakas si bbm dahil po sa mga katulad niyo eh, react agad bago intindi.","Also, please read the result, look at the lowest part where it says 'DOH generated report'. BBM is gaining popularity because of people like you, who react immediately before understanding."
Boang😂,Crazy 😂
"O di ba, tapos ang tanga, di nag-ingat🤦‍♀️
#TWBUSurfaceTension
ALDENxTWBU NewDay
#AldenRichards @aldenrichards02","Oh, see, and then he's so stupid, he wasn't careful 🤦‍♀️
#TWBUSurfaceTension
ALDENxTWBU NewDay
#AldenRichards @aldenrichards02"
"I swear I'll never leave again - Keshi
I dedicate this song to myself kasi sino ba naman ako para alayan ng awitin di ba? Huhuhuhuhuhu","I swear I'll never leave again - Keshi
I dedicate this song to myself because who am I to be serenaded, right? Huhuhuhuhuhu"
masarap ba? bakit may pickles,Is it delicious? Why does it have pickles?
tweet about it if ma try mo i’m curious 🤣🤣,"Tweet about it if you try it, I'm curious 🤣🤣"
may nakita kasi ako na hilaw pa raw manok sa loob kaya nagdadalawang isip ako,"I saw that the chicken inside was still raw, so I'm having second thoughts."
di ba mcdo yung first na may ganito?,Didn't McDonald's have this first?
kfc lang alam ko HAHAHA,I only know KFC HAHAHA
oo nga noh 🤣 masarap din yun,"Oh, right 🤣 that's delicious too"
ohmygosh di ba kayo tumatanggap ng small amoubt😭,"Oh my gosh, don't you accept small amounts😭"
tumatanggap po,We accept.
natanggap poo kahit piso oks na,"We accept even one peso, that's fine."
Alam ko namang pag wala na namang jowa yan ichchat na naman ako nito HAHAHAHSHSH bahala ka dyan you had your chance 😌,"I know that if he doesn't have a girlfriend again, he'll just message me HAHAHAHSHSH It's up to you, you had your chance 😌"
Kilala mo di ba HAHAHAHAHA,"You know him, right? HAHAHAHAHA"
tangina di ba sila nag woworry talaga na lahat ng ilabas ng mga marcos pinaghihinalaan sa sorang kasinungalingan nila hahahahahaha,"Damn, aren't they really worried that everything the Marcoses release is suspected because of how much they lie? Hahahahahaha"
Shhizzz. Yung aksidente mong nabuksan yung gc niyo kung saan 'di ka nagpaparamdam. 😩😵😂🤦🙋,Shizzz. You accidentally opened your group chat where you haven't been active. 😩😵😂🤦🙋
GC nga di ba. GC. 😠😠😠,"It's a GC, right? A GC. 😠😠😠"
"""ano ba dpat gawin ng kamao na to, di ba dpat protektahan ang ate mo?"" Peru wla nmn nagawa to💔😭 #ViralConfessions @RCDNarratives","""What should this fist do, shouldn't it protect your older sister?"" But it couldn't do anything 💔😭 #ViralConfessions @RCDNarratives"
"tru iba klase mga jax stans. nakakaintimidate pa sila slight kasi very serious nila tlga xD
tapos eto ako na vito girl na natatanga na din tlg sa desisyon sa buhay. pota 😅","True, Jax stans are different. They're a bit intimidating because they're really serious xD
And here I am, a Vito girl, also getting stupid about life decisions. Damn 😅"
di ba hahahahahaha ganda lang tlg ambag natin haha chz,"Right, hahahahahaha, we only contribute beauty, haha, just kidding."
tara sa,Let's go to
kamuka ng tatay ni yanna,Looks like Yanna's father.
tangina nadamay pa tatay ko,"Damn, my father got dragged into this."
ano b stan twt ng tatay mo,What's your father's stan twt?
@Ravindr26565736,@Ravindr26565736
thanvina mo di ba kabit mo yan,Isn't she your mistress?
mali,wrong
"JUST IN: Presidential aspirant Bongbong Marcos says he took a cocaine test yesterday, Nov. 22.
He says he doesn’t ‘feel alluded to’ when President Rodrigo Duterte said that a presidential hopeful is a cocaine user. | via @jacquemanabat #Halalan2022","JUST IN: Presidential aspirant Bongbong Marcos says he took a cocaine test yesterday, Nov. 22.
He says he doesn’t ‘feel alluded to’ when President Rodrigo Duterte said that a presidential hopeful is a cocaine user. | via @jacquemanabat #Halalan2022"
"READ: Here's the full statement of presidential aspirant Ferdinand ""Bongbong"" Marcos Jr. after taking the drug test. | via @jacquemanabat","READ: Here's the full statement of presidential aspirant Ferdinand ""Bongbong"" Marcos Jr. after taking the drug test. | via @jacquemanabat"
"LOOK: Marcos camp spokesperson Atty. Vic Rodriguez submits the presidential aspirant’s drug test result to PDEA, NBI, & PNP. | via @jacquemanabat
(📷: BBM Camp)","LOOK: Marcos camp spokesperson Atty. Vic Rodriguez submits the presidential aspirant’s drug test result to PDEA, NBI, & PNP. | via @jacquemanabat
(📷: BBM Camp)"
FULL STORY: Marcos says he took drug test after Duterte cocaine blind item bit.ly/3DLZ2Ps,FULL STORY: Marcos says he took drug test after Duterte cocaine blind item bit.ly/3DLZ2Ps
LOOK: Drug test report of presidential aspirant Bongbong Marcos shows he is negative for cocaine. (📷: Marcos camp) #Halalan2022 | via @jacquemanabat,LOOK: Drug test report of presidential aspirant Bongbong Marcos shows he is negative for cocaine. (📷: Marcos camp) #Halalan2022 | via @jacquemanabat
"Even before President Duterte’s so-called blind item, Marcos Jr already took a test at the PNP Crime Laboratory on November 10. He’s negative for shabu and marijuana.
(📷: BBM Media Bureau) | via @jacquemanabat","Even before President Duterte’s so-called blind item, Marcos Jr already took a test at the PNP Crime Laboratory on November 10. He’s negative for shabu and marijuana.
(📷: BBM Media Bureau) | via @jacquemanabat"
"ano ang rason at nagpa-drug test siya noong Nov. 10? para saan ang drug test na yan? di naman requirement yan bilang kandidato, di ba?","What was the reason he took a drug test on Nov. 10? What was that drug test for? It's not a requirement for a candidate, is it?"
cno ba naman aq para icrushback di ba?,"Who am I to be crushed back, right?"
uy nu to,"Hey, what is this?"
"Lmao di ba nila alam grabe yung ibang kfanscommunities na tuwing pirate concept plang ateez that time, maraming ayaw sa concept nayun. :/// Masama magnakaw","Lmao, don't they know that many K-Pop fan communities disliked the pirate concept whenever ATEEZ did it back then? :/// Stealing is bad."
HA PANO YUN? UMABOT SA PRESENT GANON 😥,"HUH, HOW DID THAT HAPPEN? IT REACHED THE PRESENT? 😥"
di ba ang weird nung situation nila na ewan 😭 ?? ok tama team dencio pa rin,"Isn't their situation just weird, I don't know 😭 ?? Okay, Team Dencio it is."
where is hyunjae...,where is hyunjae...
oo nga where is he ba kasi huhuhu so ano naspoiled lang tayo nung maverick after nun waley na 🥲,"Exactly, where is he, huhuhu? So, were we just spoiled by Maverick and then nothing? 🥲"
para next month na pala yung mga post niyang sunod-sunod nong promotion days pa ng maverick :((,"So, his consecutive posts during the Maverick promotion days were actually for next month :(("
sinanay lang pala tayo saglit after nun wala na huhu naisip ko na yan eh sabi na nga ba :(,"They just made us happy for a bit, and then nothing, huhu. I already thought of that, I knew it :("
"oh di ba, pinasaya lang tayo saglit tapos naghost na naman...","Oh, see? They just made us happy for a bit and then ghosted us again..."
Kumusta po ba ang buhay nyo nung si Ferdinand E. Marcos po ang Pangulo ng Pilipinas po?,How was your life when Ferdinand E. Marcos was the President of the Philippines?
Kailangan maglakad ng malayo para lang makabili ng bigas sa Kadiwa.,You had to walk far just to buy rice at Kadiwa.
Yun nakalimutan ko na KADIWA nga pala yung tawag dun kung saan pipila Nanay ko para sa bigas nung panahon ng martial law kasi nagkakaubusan ng bigas.,"Oh, I forgot that's what it was called, KADIWA, where my mother used to line up for rice during martial law because rice was scarce."
Oo tapos gusto nila pasalamat tayo! Hayup di ba!,"Yes, and then they want us to be thankful! Isn't that ridiculous!"
okay so my sticker jewel case album already came and pulled a dotae omg but guess what i don't remember at all ordering this album,okay so my sticker jewel case album already came and pulled a dotae omg but guess what i don't remember at all ordering this album
GUSTO KO YANG TAEYONG PC NA YAN HOY,"I WANT THAT TAEYONG PC, HEY!"
uy di ba taeyong din na pull mo?? teka sticker album ba yon?,"Hey, didn't you also pull a Taeyong? Wait, was that a sticker album?"
Nd siya from jewel case HAHAHAAH,It's not from a jewel case HAHAHAAH
ahh keri na at least inuwian hahah first tyong pc ko rin ata 'to huhu,"Ahh, it's fine, at least I got one hahaha, I think this is my first Tyong PC too huhu."
Tapos na po ako jaan 🤧🤧,I'm done with that 🤧🤧
Masakit nga 🤧 my natutonan nman🤧,It hurts 🤧 but I learned something 🤧
😂😂 Di ako mapanakit.. Ako lang yong sinasaktan nila 😔😔,😂😂 I don't hurt people.. They're the ones who hurt me 😔😔
"I mean sa relasyon 😂😂
Pag sa ibang sitwasyon my nasaktan din akong damdamin 😌😌","I mean in relationships 😂😂 In other situations, I've also hurt feelings 😌😌"
Magjojowa pa din ako bahala ka jan 😌😌 hahahaha,"I'm still going to date, I don't care about you 😌😌 hahahaha"
"Wahahaha raulo 😂😂😂
Sabi ko saU knina turoan mo muna ako ulit pano pag jowa na karapat dapat..","Wahahaha, you're crazy 😂😂😂 I told you earlier to teach me again how to find a deserving partner.."
Yan na nga ang problema jan sa sinasabing sakal 😂😂 nkakasakal ba yong wlang time😂😂nakakasakal ba yong sasabihin mo lang na ganetong hrs wlang paramdam 😂😂,That's exactly the problem with what they call 'suffocating' 😂😂 Is it suffocating to have no time? 😂😂 Is it suffocating when you just say that at certain hours there's no communication? 😂😂
"Instant pa ako sa instant noodles 😌😌
Pag sa jowa kasi di ko pinaparanas sa knya yong kakausapin lang kita pag gusto ko lang kasi ako khit gano pa ako kabusy paglalaanan tlaga kita ng oras 😌😌 napag aralan ko na nga paano maging matigas minsan ng di taU abusohin😌😌","I'm even instant with instant noodles 😌😌 When it comes to a partner, I don't make them feel like I'll only talk to them when I want to, because no matter how busy I am, I'll always make time for you 😌😌 I've already learned how to be tough sometimes so we don't get taken advantage of 😌😌"
Alam mo kailangan din kasi natin minsan ang magpakabato para di taU abusohin lalo na pag subra taUng lambot 😌😌😌naranasan ko na yan kasi 😌😌😌tas minsan sa subrang bait natin madalas inaabuso 😌😌kaya ayaw ko ng mangyari pa yon ulit 😌😌,"You know, sometimes we need to be like a stone so we don't get taken advantage of, especially if we're too soft 😌😌😌 I've experienced that 😌😌😌 and sometimes when we're too kind, we often get abused 😌😌 that's why I don't want it to happen again 😌😌"
Ako my pagkapusong mamon din nman pero minsan kailangan magmatigas lalo na pag subra subra yong ginagawa 😌😌 pero marunong pa din akong magpakumbaba at magpatawad😌😌,"I also have a soft heart, but sometimes I need to be tough, especially when things go too far 😌😌 but I still know how to be humble and forgive 😌😌"
"Yes di ko kayang magtanim ng galit or sama ng loob 🥺🥺
Mas lalo ko pang pinagpray yong mga taong nagawan ako ng mali.. Di ba sabi ng Lord kung makapito man nagkasala saU, makapitongpotpito mo din tong patatawarin 😌😌 ganon paniniwala ko kaya di ko kayang mgtanim ng galit 😌","Yes, I can't hold grudges or resentment 🥺🥺 I even pray more for the people who wronged me.. Didn't the Lord say if someone sins against you seven times, you should forgive them seventy-seven times 😌😌 that's my belief, so I can't hold grudges 😌"
"I just received the pins I ordered for my sweaters. Huhu Comfy outfit but with a Bangtan touch 🥺💜
#BTS #BTSARMY #TriviaLove",I just received the pins I ordered for my sweaters. Huhu Comfy outfit but with a Bangtan touch 🥺💜 #BTS #BTSARMY #TriviaLove
Omg gandaaaa!!,"Omg, so beautiful!!"
Di ba? Super nagulat ako meron Trivia Loooove 🥺,Right? I was super surprised there was Trivia Love 🥺
Yesss! I love that line so much! Yung WAB Eternal pin din super nice 🥺 where did you buy plssss,Yesss! I love that line so much! The WAB Eternal pin is also super nice 🥺 where did you buy it plssss
I’ll DM you the links!,I’ll DM you the links!
"Ganduhhhhh, parang gantong design nalang gusgo ko dun sa rug","So beautiful, I think I just want a design like this for the rug."
Ay di ba kayo youngk stan bat nagsswerve????,"Oh, aren't you a Young K stan? Why are you swerving????"
Puke ka g ka na ba ihulma si youngk as design dun sa ruggggg,"Damn it, are you going to mold Young K as the design for the rugggg?"
"Ngayon ko lang napanood ung episode ng Ma, Nasaan? ni Stell. 
hahahahahahhaa.. aminin niyo, hnd ganun kahinahon ang mga nanay niyo pag lagi kayong natawag ng ganun tapos may hinahanap pa kayo. 
linya ng mga nanay sa ganyan: PAG DI MO NAKITA YAN,","I just watched Stell's 'Ma, Nasaan?' episode now. hahahahahhaa.. admit it, your moms aren't that calm when you keep calling them like that and you're still looking for something. Moms' line in situations like that: IF YOU DON'T FIND THAT,"
"MAKIKITA MO! with matching pandidilat ng mata at hampas pa yan. 😂😂 
di ba?? 
wala lang. skl. ✌️
@SB19Official #SB19",YOU'LL SEE! with matching wide eyes and even a slap. 😂😂 Right?? No big deal. just sharing. ✌️ @SB19Official #SB19
Ask ko lang mga future educators sa tabi tabi di ba kayo nauubusan ng name na ilalagay sa lesson plan or ako lang talaga mapag lagay ng pangalan sa lesson plan? HAHAHAHA 😂,"I just want to ask future educators around, don't you run out of names to put in your lesson plans, or is it just me who always puts names in lesson plans? HAHAHAHA 😂"
Hahahaha Present lagi ang WEi sa akin 😂,Hahahaha WEi is always present for me 😂
Present din sila sakin kaso di lahat kasi Korean name si Yohan madalas kasi may ganiyan name dito. Tas si Dae at Dong yan HAHAHAHA 😂,"They're also present for me, but not all of them, because Yohan is a Korean name and there are often people with that name here. And then there's Dae and Dong HAHAHAHA 😂"
Hahahaha cheer multi stan ka hahahaha gamitin mo name ng mga jowa mo chaar😂 Pero ako di halos naglalagay ng name hahahaha,"Hahahaha, you're a multi-stan, haha, use your partners' names, just kidding 😂 But I barely put any names hahahaha."
"Nag aalangan nga akong gamitin kasi Korean names ang madalas kong nagagamit lang Yohan, Daniel tsaka yung mga alam ko yung English name na idols 😂 mapag lagay kasi ako ng name pero nauubusan na ko ng pangalan HAHAHAHA","I'm hesitant to use them because I often only use Korean names like Yohan, Daniel, and idols whose English names I know 😂 I like putting names but I'm running out of them HAHAHAHA"
"#THATHSecretIsOut
@KapusoBrigade
@encabattalionkb.
Anung pakialam mo kung buntis ako di ba gusto mo na ipa annul ang kasal natin di mo ba alam kung gaano mo ko sinaktan Dom","#THATHSecretIsOut @KapusoBrigade @encabattalionkb. What do you care if I'm pregnant? Don't you want to annul our marriage? Don't you know how much you hurt me, Dom?"
tanginanyo  di  ba  kayo  nagsasawa  kakadedicate  ng  sulutera,"You assholes, don't you ever get tired of dedicating that home-wrecker song?"
hahahha baka sulutera soty,hahahha maybe 'Sulutera' is SOTY
di  complete  ang  araw  pag  walang  sulutera,The day isn't complete without 'Sulutera'
fav song po yan,That's my favorite song.
ARAW  ARAW  KO  NALANG  NARIRINIG,I HEAR IT EVERY DAY
Otw naman pampanga pag pa-ilocos di ba? Sabay na yaaaan hihihi 😚,"Pampanga is on the way if you're going to Ilocos, right? Let's go together hihihi 😚"
Guys need help. How do you take care of your albums when in display? need some tips pls.,"Guys, need help. How do you take care of your albums when on display? Need some tips pls."
Hindi ko sya linalagyan ng plastic or anything apqmcihajqf pero naka-stack sila per era or depende sa mood ko 😭😭,"I don't put plastic or anything on them, apqmcihajqf, but they're stacked per era or depending on my mood 😭😭"
Wahahaha relatable tlaga depende sa mood 🤣 pano un di ba nagdudust pag walang cover?,"Wahahaha, so relatable, depends on the mood 🤣 but how about dust if there's no cover?"
"maliligo lang ako tas sabi ni ate ""aalis kana nanaman?!"" di ba pwedeng maliligo lang😭😭😭","I'm just going to shower, and then my sister says, 'Are you leaving again?!' Can't I just be showering? 😭😭😭"
@vicegandako ang ganda mo kanina 😊,@vicegandako you were so beautiful earlier 😊
"@vicegandako akapin nga kita.. cute mo eh...
🥰
Yung totoo epekto ba ng kapapanood mo? O ako ba dahilan? ☺️",@vicegandako Let me hug you.. you're cute.. 🥰 Is it really the effect of watching you? Or am I the reason? ☺️
"@vicegandako alam mo wala naman problema sa akin kung maglalambing ka.
Mas okay nga yun. Kasi gumagaan pakiramdam ko. 😊","@vicegandako You know, I have no problem if you want to be affectionate. It's even better. Because it lightens my mood. 😊"
"@vicegandako so gf na nga kita? 😊 
Cute ng gf ko.. naglalambing...","@vicegandako so, you're my girlfriend now? 😊 My girlfriend is cute.. being affectionate..."
"@vicegandako iloveyou! 😊
Ikaw lang mahal ko okay.. wag selosa 😊..","@vicegandako I love you! 😊 You're the only one I love, okay.. don't be jealous 😊.."
"@vicegandako alam ko na di mo maiiwasan mag selos.. natural naman talaga.
So ako na mag aadjust sa gf ko.. 😅😊 
Di ba? Mahal ko? 😊",@vicegandako I know you can't help but be jealous.. it's natural. So I'll be the one to adjust for my girlfriend.. 😅😊 Right? My love? 😊
"@vicegandako ilan beses ka na ganon.. sa akin lagi mo ko inaaaway eh.
😅 Away bati tayo.. 
Di rin naman kita matiis na di kausapin. 
Masyado ka rin nagpapacute 😅",@vicegandako You've been like that many times.. you always fight with me. 😅 We fight and make up.. I can't bear not talking to you either. You're too cute 😅
"@vicegandako di ko rin maintindihan kung bakit kakaiba nararamdaman ko sa iyo di ko maexplain 😅 
Di ko alam kung maiinis ako o matatawa o ano
.. ah basta kakaiba..","@vicegandako I also don't understand why I feel something different for you, I can't explain it 😅 I don't know if I should be annoyed or amused or what.. oh, it's just different.."
@vicegandako di ko ito naramdaman sa iba. Sa iyo lang.. 😅 ah siguro masyado lang ako masaya sa iyo.. siguro di ba? 😊,"@vicegandako I haven't felt this for anyone else. Only for you.. 😅 ah, maybe I'm just too happy with you.. maybe, right? 😊"
"@vicegandako ang importante.. nakikita ko yung totoong ngiti mo. 
Kahit yun lang makita ko sayo masaya na ko.. 😊 
Nakakagaan ng loob kasi yung pakiramdam na nginingitian ka ng taong mahalaga sa iyo.  Kasi..",@vicegandako What's important is.. I see your genuine smile. Even just seeing that from you makes me happy.. 😊 It lightens the heart to feel that the person important to you is smiling at you. Because..
"@vicegandako kasi.. makikita mo kahalagahan mo sa kanya.
Kaya napaka-importante na ngumigiti ka ng totoo sa mga taong mahahalaga sa buhay mo. 
At maalala ka man nila. Na yung pagngiti mo magbibigay ng inspirasyon. Pag aalala ng kapanatagan ng loob. Pagkalma.. 😊",@vicegandako because.. you'll see your importance to them. That's why it's very important that you genuinely smile at the people important in your life. And even if they remember you. That your smile will give inspiration. A remembrance of peace of mind. Calm.. 😊
"@vicegandako iba pagngiting may ginagawang kalokohan sa pangiti ng pahihiganti.. 
Iba rin pangiti ng kilig 
Sa masayang pagngiti.
Magkakaiba ang interpretasyon nyan. 
Nasa sa iyo kung ano meaning ng pangiti mo sa bawat sitwasyon. 😊",@vicegandako A mischievous smile is different from a smile of revenge.. A kilig smile is also different from a happy smile. They have different interpretations. It's up to you what your smile means in every situation. 😊
"@vicegandako yun lang din kasi naisip kong paraan kasi ang lungkot talaga ng mga tao noon..
Kahit ano nawawalan na rin ako ng pag asa pero pag naaalala kita at yung mga taong importante sa akin..","@vicegandako that's also the only way I could think of because people were really sad back then.. No matter what, I was also losing hope, but when I remember you and the people important to me.."
"@vicegandako dun ko kinukuha yan.
Yun lang lakas ko para mag-ipagpatuloy pa ang buhay.. wala naman kasi ibang choice.. 😅 
Iloveyou! 😊",@vicegandako that's where I get it from. That's my only strength to continue life.. there's no other choice anyway.. 😅 Iloveyou! 😊
"Napilitan yarn Brian and Jackie?? Magsama kayo mag demonyong magasawa!!
ALDENxTWBU NewDay 
#TWBUSurfaceTension • #ALDENRichards 
@aldenrichards02","Were Brian and Jackie forced to do it?? You demonic married couple, be together!! ALDENxTWBU NewDay #TWBUSurfaceTension • #ALDENRichards @aldenrichards02"
"di ko talaga getz si Jackie. Di ba best friend mo si Lia. weirdo talaga etong magkapatid na  Carlos
#TWBUSurfaceTension 
ALDENxTWBU NewDay",I really don't get Jackie. Isn't Lia your best friend? These Carlos siblings are really weird. #TWBUSurfaceTension ALDENxTWBU NewDay
"Mahirap magpatawad  di ba ?
#TWBUSurfaceTension","It's hard to forgive, isn't it? #TWBUSurfaceTension"
"Hi po! If Human♥️Nature user po kayo baka pwedeng samin na lang kayo bumili. Will help a lot in our finances. 🙏✨
humanheartnature.com/buy/ana…
*PS: tatay ng mga anak ko yan 😂 pogi naman di ba","Hi! If you're a Human♥️Nature user, maybe you could buy from us instead. It will help a lot with our finances. 🙏✨ humanheartnature.com/buy/ana… *PS: that's my children's father 😂 he's handsome, isn't he?"
"Kelan pa napunta ng Ususan, Taguig ang St. Lukes BGC?","Since when did St. Lukes BGC move to Ususan, Taguig?"
nalukungkot ako kaya nagpunta ako dito.ayun tawang tawa na ako.salamat sa inyo😛,"I was sad, so I came here. Now I'm laughing. Thanks to all of you 😛"
di ba?hehehehe maraming salamat tlaga mga pinklawan.you rock!!!🤣😜,"Right? hehehehe thank you so much, pinklawan. You rock!!! 🤣😜"
kala ko tuluyan na masisira araw ko dahil sa mga naging exams buti na lang na-credit na scholarship. sabihin mo salamat tdp!!! 😩,"I thought my day would be completely ruined because of the exams, but good thing the scholarship has been credited. Tell TDP thank you!!! 😩"
"deretso nagreflect na sa accounting sa olfu e, nacredit na siya kasi wala kami atm di ba. try mo check landbank app mo kung meron ka baka may laman na rin inyo","It already reflected in OLFU's accounting department, it was credited because we don't have an ATM, right? Try checking your Landbank app if you have one, maybe yours has funds too."
INAABOT NG 100+ YUNG PLAYLIST/LIKED SONGS NIO SA SPOTIFY ???,DO YOUR SPOTIFY PLAYLIST/LIKED SONGS REACH 100+ ???
Di ba dpat¿ aabot na ng 250 yung aken🧍‍♀️,Isn't it supposed to? Mine's almost at 250 🧍‍♀️
ako na 23 lang 👁👄👁,Me with only 23 👁👄👁
H-ha,H-huh
Pwede nyo naman tanungin ang St. Lukes di ba?,"You can always ask St. Luke's, right?"
ayaw po ata nila ng tamang sagot,They don't seem to want the right answer.
Anyway he's cute 😒,Anyway he's cute 😒
apaka,So much
"babe, im so rupok lamoyarn haha chos","babe, I'm so easily swayed, you know that haha just kidding"
oh di ba pareho tayo babe HAHAHAHA,"wahhahaha, oh, we're the same, babe HAHAHAHA"
wahhahaha okay lang yan! char,"Wahhahaha, it's okay! just kidding"
"The presidency is a job.
Perhaps the most difficult job there is in the country.
Presidentiables need to be seen as applicants. Aplikante po sila at tayo ang HR ng bansa. Bawat isa sa atin ay may karapatang malaman at magtanong sa kanila na mga nag-aapply.","The presidency is a job. Perhaps the most difficult job there is in the country. Presidentiables need to be seen as applicants. They are applicants, and we are the HR of the country. Each of us has the right to know and ask questions of those who are applying."
"Dito walang OJT (pero meron yung First 100 Days).
Mayroon tayong lampas 5 buwan para kilalanin at kilatisin ang bawat isa. Hindi natin kailangan magtalo. Kailangan nating matutong mamili.
Sila ang kailangan magpakita / magpamalas bakit sila ang susunod na pangulo natin.","Here, there's no OJT (but there is a First 100 Days). We have more than 5 months to get to know and scrutinize each one. We don't need to argue. We need to learn how to choose. They are the ones who need to show/demonstrate why they should be our next president."
"BIO-DATA o CURRICULUM VITAE
Tulad ng mga aplikante, kailangan sanang masusi nating pag-aralan ang kakayanan ng bawat presidentiable. Ano ang natapos nila? Ano na naging trabaho nila? Ano na nagawa nila bilang isang serbisyo publiko?","BIO-DATA or CURRICULUM VITAE Just like applicants, we should thoroughly study the capabilities of each presidentiable. What did they finish? What jobs have they had? What have they done in public service?"
"Di ba nga marami sa mga job hiring ay pagandahan pa ng kanilang CV. 
Asahan nating ganun din dito sa mga naghahangad na maging presidente (at iba pang posisyon) 
Trabaho nating kilatisin ito. 
Sino ang maayos/matino? 
Sino nagpapanggap?
Dito masisilayan ang kanilang kakayanan.","Many job hirings even require impressive CVs, don't they? We can expect the same from those aspiring to be president (and other positions). It's our job to scrutinize this. Who is decent/sensible? Who is pretending? This is where their capabilities will be seen."
"PHYSICAL EXAM & DRUG TESTING
Maraming aplikante ang nahihingan ng medical report na may kasamang lab tests — blood tests/urinalysis — at chest xray. Damay na rin natin ang drug testing. 
Ganun dapat tayo mangilatis ng presidentiables. Need natin matino at matikas.
#PILIpinas2022",PHYSICAL EXAM & DRUG TESTING Many applicants are asked for a medical report that includes lab tests — blood tests/urinalysis — and a chest x-ray. Let's include drug testing. That's how we should scrutinize presidentiables. We need someone decent and strong. #PILIpinas2022
"CHARACTER REFERENCE
Atin din dinidinig ang nasasabi ng mga nakasama sa trabaho, mga nakasalamuha o nagturo sa mga aplikante. Dito natin nakikita ang kanilang pagtrato sa tao, ugali sa trabaho, kakayanan na tukuyin ang mga hamon nito. 
Ito ay mga bagay na dapat alamin natin.","CHARACTER REFERENCE We also listen to what colleagues, acquaintances, or teachers of the applicants say. This is where we see their treatment of people, work ethic, and ability to identify challenges. These are things we should know."
"Bongbong Marcos negatibo umano sa cocaine; ibang kandidato handa sa drug test #Halalan2022 
bit.ly/3r1sIok",Bongbong Marcos reportedly negative for cocaine; other candidates ready for drug test #Halalan2022 bit.ly/3r1I0ik
"Tama na yang gimmick nyo. Nililihis nyo sa nakaw na yaman at tax evasion. Alam naman ng marami na drug addict si Bongbong Narcos. Aminado naman siya although rehabilitated na daw, pareho lang nung ibang na tukhang di ba?","Enough with your gimmick. You're diverting from the stolen wealth and tax evasion. Many know Bongbong Narcos is a drug addict. He admitted it, although he claims to be rehabilitated, just like others who were 'tukhang,' right?"
Si Leni negative din daw. Sa IQ Test.,Leni is also reportedly negative. In the IQ Test.
epal nang mumute sa space !!!!,Annoying person muting in the space!!!
"totoo, cno kaya? di ba @imissyounish","True, who could it be? Right, @imissyounish"
di ba ko matutulog??,Am I not going to sleep??
Ang ganda ganda na ni VP Leni nadikit pa sayong deputa ka. Siram mong rapaduhon Andaya. Garo ka kasta.😏,"VP Leni is so beautiful, and she even got associated with an ass like you. You're so disgusting, Andaya. You're like a leech.😏"
Di ba kaibigan ni PNOY etong si Andaya?,Isn't Andaya a friend of PNOY?
POTAENAAA DI BA SET YUNG SA SG NG SVT????,"HOLY SH*T, WASN'T THAT FOR THE SVT SG SET????"
"bakit nga naman kasi pupunta ng pares retiro kung walang kapares 'di ba????
@SB19Official #SB19 
#JOSHTIN","Why would you even go to Pares Retiro if you don't have a partner, right????
@SB19Official #SB19
#JOSHTIN"
naiiyak talaga ako di ko talaga alam kung bakit naalala pa haays diba dapat di na di ba dapat okay kana self? Gabi gabi nalang haaays hanggang kailan po ba ganon huhuhue 😔,"I'm really crying, I really don't know why I still remember... shouldn't I be over it already, self? Every night it's like this, how long will it last huhuhue 😔"
"gusto q ng croomf. wala lang, gusto ko lang kiligin.","I want some croomf. Nothing, I just want to feel giddy."
-2,-2
'di ba ?! feeling q hindi na aq tao wala na akong maramdaman chariz,"Right?! I feel like I'm not human anymore, I can't feel anything, just kidding."
omg same 😭😭😭,"OMG, same 😭😭😭"
Di ba?? HAHAHAHAHHA,Right?? HAHAHAHAHAHHA
Sino ba naman tayo di ba??😩,"Who are we anyway, right??😩"
hinahanda kayo para mas maging masaya at mas matibay ang pagsasama niyo kung magiging kayo man sa huli pero siguro naman di ba sila?,"You're being prepared so your relationship can be happier and stronger if you do end up together, but surely they aren't, right?"
panay videoke di ba kayo napapaos,"Always doing videoke, don't you guys get hoarse?"
"kung hindi ka po nag mnemonics pano ka po nagrereview eh di ba madami terms sa medtech? — hindi ako nagrerev, dinadasalan ko na lang haha chz. nagsusulat ako terms tapos pinakaimportant meaning nila sa yellow pad or sa memo pad ta… curiouscat.qa/vitosartoris/p…","If you don't use mnemonics, how do you review, since there are so many terms in medtech? — I don't review, I just pray, haha chz. I write down terms and their most important meanings on a yellow pad or memo pad ta… curiouscat.qa/vitosartoris/p…"
3 am(??) Hanggang 11 lang cellphone ko 😭😭😭😭😭😭😭,3 AM(??) My phone only lasts until 11 😭😭😭😭😭😭😭
Kawawi ka naman hazel koo😭,"Oh, my poor Hazel 😭"
3 am talaga?? Di ba pwedeng 5:30? Ang aga masyado papagalitan ako pag 3 am ako gumising😭,"Really 3 AM?? Can't it be 5:30? It's too early, I'll get scolded if I wake up at 3 AM 😭"
3 am daw talagaaaa HSJASNAHAHZBZ,They said it's really 3 AM HSJASNAHAHZBZ
hala mga bagets parang sobra frustration nyo sa inaasahan at gusto nyo mangyari. di ba ang mgt binigyan ng project na d kasama loveteam?,"Oh, youngsters, it seems your frustration is too much about what you expect and want to happen. Didn't the management give them a project that doesn't include a love team?"
three types of sevi's instagram stories: (1) as a manliligaw; (2) as a jowa; & (3) as an asawa to elyse 🥺,three types of sevi's instagram stories: (1) as a suitor; (2) as a girlfriend/boyfriend; & (3) as a spouse to elyse 🥺
"DOUBLE DATE NG ELVIARKIN WHEN IOWFBGO pero aw di ba!! kakamiss NVRFG pero no worries, feel q magpapakita sila soon sa OYE 😭💓","ELVIARKIN DOUBLE DATE WHEN IOWFBGO but aw, right!! I miss NVRFG so much, but no worries, I feel like they'll show up soon on OYE 😭💓"
AHAHAHAHA hala :( alam mo ba kilala kita sa un... hindi sa name :'( BUEWQIFBUFGV pasensya ka na pero KAYA PALA FAMILIAR VIBES,"AHAHAHAHA oh no :( you know what, I know you from... not by name :'( BUEWQIFBUFGV sorry but THAT'S WHY THE VIBES ARE FAMILIAR"
pero hindi suspended di ba... ahu sana maretrieve :(,"But it's not suspended, right... hopefully it can be retrieved :("
"“Eh, kasi sabi niya pangit daw tapos mas maganda daw ‘yung-“ then? Ibig bang sabihin nun pwede na ka agad mag conclude na dun ‘yun galing?? Di ba puwedeng fake acc na gusto lang talaga manira??","“Eh, because he said it was ugly and that the other one was better-” then? Does that immediately mean you can conclude it came from there?? Couldn't it be a fake account that just wants to ruin things??"
"@kaizerrcll and @redleighabv, the sisiw couple.","@kaizerrcll and @redleighabv, the chick couple."
Pano ba tunog ng sisiw bokbok din ba?,What sound does a chick make? Is it also 'bokbok'?
akala ko chirp chirp HAHHAHAHAH,I thought it was chirp chirp HAHHAHAHAH
Di ba sa ibon yun?,Isn't that for birds?
hindi ba tweet tweet yonn,Isn't it tweet tweet?
Di ko alam😭,I don't know 😭
"Pumunta ako kanina sa iStudio kasi bibili sana ‘ko earpods kasi mapuputol na yung luma ko, wala na daw sila stock. Then pumunta naman ako sa Rustans kasi gusto ko bumili ng Tartine et Chocolat na pabango, wala rin stock. Edi mabuti di ba? Di ako napagastos. 🤣","I went to iStudio earlier because I was going to buy earpods since my old ones were about to break, but they said they were out of stock. Then I went to Rustans because I wanted to buy Tartine et Chocolat perfume, but that was out of stock too. So, that's good, right? I didn't spend anything. 🤣"
Why do people mind other peoples business? Di ba kayo mahal ng mama niyo?,Why do people mind other people's business? Don't your mothers love you?
gusto ko ng bagong card sleeves (popcorn siguro...) dahil pvc 'yong binder sleeves ng carat binfer di ba... at wala na akong pera *umiyak*,"I want new card sleeves (popcorn maybe...) because the binder sleeves for my carat binder are PVC, right... and I don't have any money *cries*"
"kung mamatay man ako while on-duty service, malalaman kaya dito? random thought lang","If I die while on-duty, will it be known here? Just a random thought."
Pabilin mo sa kapated or pinsan mo beh mala fb ba beh,"Have your sibling or cousin take care of it, beh, is it like Facebook, beh?"
ahh di ko na kelangan yan pag patay na beh. Deds na nga clout chasing pa den? Hahahaha. Pag di na ko nagparamdam na walang paalam malamang himlay na ko non,"Ahh, I won't need that when I'm dead, beh. Already dead and still clout chasing? Hahahaha. If I disappear without a word, I'm probably six feet under by then."
Wait lang nataea ako sa patay na cloutchasing paren HAHAHAHAHAH. Di ba pwede naban lang acct beh 😭😭😭 pero ingat lage sa work papz 🤼🤼🤼,"Wait, I'm laughing at 'dead and still clout chasing' HAHAHAHAHAH. Can't it just be a banned account, beh 😭😭😭 but always be safe at work, papz 🤼🤼🤼"
di ako mababan dito beh sa bait kong to hahahahha unless may ituro ka saken na aawayin ko. 😊 ingat naman lagi pero pag sinumpaang tungkulin ay ready naman ako worst case scenario 😌,"I won't get banned here, beh, with how good I am, hahahahha, unless you point someone out for me to argue with. 😊 Always be safe, but for sworn duty, I'm ready for the worst-case scenario 😌"
uu nga beh parang sa matatapang lang ung workiez mo eh kun ako yan baka una nakong nahimatay sa takot HHAHAHAHA,"Yeah, beh, your work seems like it's only for the brave; if that were me, I'd probably faint from fear first HHAHAHAHA"
ako lang ba yung may boss na tumatawag pa din after office hours or weekends???,Am I the only one whose boss still calls after office hours or on weekends???
huuuy. bakit naman ganun? di ba uso pahinga sa boss mo? i had one head na ganyan din before pero buti na lang retired na sya.,"Huy. Why is that? Doesn't your boss believe in rest? I had a head like that before too, but good thing she's retired now."
Di ba pwede ipost yun? Icrop lang? Skssksks :(((,Can't that be posted? Just cropped? Skssksks :(((
Pede palaKskskskkks,It can be after allkskskskkks
gyu i-post mo yan ah di ba pwede sige,"Gyu, post that, you can't, right? Go on."
Bakit kasi pinapatos pa iyong matanda ulyanin na di ba — move on na lang tayo we need to do what we should do ok - we need to look fwd for the better future of our country - basta ako bbm for president,"Why do people still engage with that old, senile person, right — let's just move on, we need to do what we should do, ok - we need to look forward to a better future for our country - as for me, BBM for president."
inang mga tigyawat to ayaw ako iwan what's the deal,"These damn pimples won't leave me, what's the deal?"
di ba pwedeng maganda nalang kahit stressed at depressed,Can't I just be beautiful even if I'm stressed and depressed?
Hahaha ako to maganda kahit stressed at depressed,"This is me, beautiful even when stressed and depressed."
"Mdidically uvithikile namagolo abomarhosha in hillbrow have nothing on your as*🍑🍆💦
Now keep my name out of your TL and allow my wet h*rny self to continue getting engagements on my TL.
Asbonge!!","Medically uvithikile namagolo abomarhosha in hillbrow have nothing on your as*🍑🍆💦
Now keep my name out of your TL and allow my wet h*rny self to continue getting engagements on my TL.
Asbonge!!"
Swanetse re romele Ngaka di ba roke 🤣🤣🤣🤣😂😂😂,Swanetse re romele Ngaka di ba roke 🤣🤣🤣🤣😂😂😂
Di naman siguro masamang umaasa na may hahabol bag mag Pasko di ba? May 32 days pa naman rh. HAHAHAHA,"It's probably not bad to hope someone will come before Christmas, right? There are still 32 days left, HAHAHAHA."
"Sir: Kaya nga kayo pumasok dito kasi matapang kayo di'ba? Normal lang yung sa una dahil bago kayo eh mapapaglaruan kayo pero part yun.
Nakaka speechless ka Sir. Parang mali ata pinasok ko? Lol hahahaha","Sir: That's why you came here, because you're brave, right? It's normal at first because you're new, you'll be played with, but that's part of it.
You leave me speechless, Sir. Did I make the wrong choice? Lol hahahaha"
"Presidential aspirant Bongbong Marcos, in an interview with Anthony Taberna, says he took a drug test in a hospital and gave the negative test result to PDEA this morning. 
This comes after President Duterte alleged that an unnamed candidate is using cocaine. #TheFilipinoVotes","Presidential aspirant Bongbong Marcos, in an interview with Anthony Taberna, says he took a drug test in a hospital and gave the negative test result to PDEA this morning. 
This comes after President Duterte alleged that an unnamed candidate is using cocaine. #TheFilipinoVotes"
BBM speaks up on Duterte’s ‘blind item’ that a presidential aspirant is a cocaine user. #TheFilipinoVotes | @RexRemitio,BBM speaks up on Duterte’s ‘blind item’ that a presidential aspirant is a cocaine user. #TheFilipinoVotes | @RexRemitio
"LOOK: Bongbong Marcos’ chief-of-staff Atty. Vic Rodriguez submits the presidential aspirant’s negative drug test result to the National Bureau of Investigation, Philippine Drug Enforcement Agency | @RexRemitio","LOOK: Bongbong Marcos’ chief-of-staff Atty. Vic Rodriguez submits the presidential aspirant’s negative drug test result to the National Bureau of Investigation, Philippine Drug Enforcement Agency | @RexRemitio"
"LOOK: Bongbong Marcos also took shabu and marijuana drug tests last November 10 as a requirement for him to get a permit to carry firearms outside residence. His results are negative | @RexRemitio
📸 Marcos Media Bureau","LOOK: Bongbong Marcos also took shabu and marijuana drug tests last November 10 as a requirement for him to get a permit to carry firearms outside residence. His results are negative | @RexRemitio
📸 Marcos Media Bureau"
"Kuh bakit nyo po ibinalita..hindi na naman matatanggqp ng mga fenk yan 🙂 malamang sasabihin peke daw.
Tanggapin nyo na lang kasi na negative sa drug test..kahit naman ano mangyari pag ayaw nyo kay BBM e hindi nyo naman iboboto yan di ba.
Basta pag ayaw huwag iboto..ganun yun.","Oh, why did you announce it.. the pinks won't accept it anyway 🙂 they'll probably say it's fake. Just accept that he tested negative for drugs.. no matter what happens, if you don't like BBM, you won't vote for him anyway, right? If you don't want to, don't vote.. that's how it is."
"@sunhee_09 gagu 'di ba bibili ka, ang mura lang oh","@sunhee_09 dude, aren't you going to buy it, it's so cheap."
"to conclude my defense, YOU HAVE NO ENOUGH evidence to call us ""UNANG MANG-ASAR"" nor our TWEETS. that's what i wanted to present ESSA!!","to conclude my defense, YOU HAVE NO ENOUGH evidence to call us ""UNANG MANG-ASAR"" nor our TWEETS. that's what i wanted to present ESSA!!"
MAG PALIWANAG DAW TAYO SA COURT ESSA,WE NEED TO EXPLAIN IN COURT ESSA
pilitin nyo ko👍,Force me 👍
TANGINA😭😭😭,HOLY SH*T😭😭😭
"Why naman nag mura, Essa?","Why did you swear, Essa?"
kasi kamura-mura si @sheepgardensarc,Because @sheepgardensarc is so irritating.
"age doesn't matter with respect, it goes both sides bae, it's voluntarily given, not forced👍","age doesn't matter with respect, it goes both sides bae, it's voluntarily given, not forced👍"
'DI BA BHIE GINUSTO MO 2? PANINDIGAN MO,"RIGHT, BHIE? YOU WANTED THIS, SO OWN IT."
sagutan n'yo nga mga friends 😄 bestiefy.com/q?=qjEgk,"Answer this, friends 😄 bestiefy.com/q?=qjEgk"
mali mali 'yung tanong 3 ampota,"question 3 is all wrong, for crying out loud"
"wala, fake friend ka lang 😿","nothing, you're just a fake friend 😿"
friends pala tayo hindi ako informed,We're friends? I wasn't informed.
ah di ba? sumagot ka kasi kaya akala ko friends tayo de okay lang naman,"Oh, right? You answered, that's why I thought we were friends, but it's okay."
kasalanan talaga nung site,It's really the site's fault.
"""You're not a grinch. You're a person who's coping with immense loss at the end of a challenging year.""","""You're not a grinch. You're a person who's coping with immense loss at the end of a challenging year."""
"di ako bitter sa paparating na namang holidays,,,more on galit and inggit ay cheka di ba yun same HAHASHSHD btw tumatanggap na po ako early xmas gifts kasi di pa sure if aabot ako tnx","I'm not bitter about the upcoming holidays,,,more like angry and envious, oh wait, aren't they the same HAHASHSHD btw I'm now accepting early xmas gifts because it's not yet sure if I'll make it, thanks."
"Bakit lagi na lang sa tao ang sisi ano? 'Di ba dapat as public health professionals masmagalit doon sa gobyerno, corporations at policymakers na nagallow na mabuksan na ang malls all the while hindi pa ganoon kataas ang vaccination rate pero mataas ang covid deaths?","Why is the blame always on the people? Shouldn't public health professionals be more angry at the government, corporations, and policymakers who allowed malls to reopen even when vaccination rates weren't high enough and COVID deaths were high?"
"Masmadali na lang talaga lagi bang sabihin 'Bahala kayo sobrang mahal po magpaospital ngayon grrrr kasalanan ninyo bakit may surge!!!!' kesa sabihin na 'Grabe talaga ang for-profit healthcare system, parang ang pasyente kong walang pera wala nang karapatang magpagamot!'????","Is it really just easier to always say 'It's up to you, hospitalization is so expensive now, grrr, it's your fault why there's a surge!!!!' instead of saying 'This for-profit healthcare system is terrible, it's like my patient with no money has no right to get treatment!'????"
"Tignan ninyo, ~nirereopen nga ng govt. ang economy~ out of pressure from big corpos and bureaucrat capitalists, pero IN THIS NOVEMBER 2021 may adequate and reliable nationwide FREE mass testing ba? Nabigyan na ba ng bakuna lahat ng edad at demographic sa lahat ng sulok ng bansa?","Look, the government ~is reopening the economy~ due to pressure from big corporations and bureaucrat capitalists, but IN THIS NOVEMBER 2021, is there adequate and reliable nationwide FREE mass testing? Has every age and demographic in every corner of the country been given a vaccine?"
'Di ba imbis na national effort that should be coming from the head of state (aka yung tuta sa Malacañang) bahala na lang kung magaling ang LGU mo o hindi? O kung maabot ka ng efforts ng OVP ni Leni? O kung may vaccination efforts ang kumpanyang pinagtatrabahuhan? 'Di ba?,"Isn't it that instead of a national effort that should be coming from the head of state (aka the puppet in Malacañang), it just depends on whether your LGU is good or not? Or if Leni's OVP efforts reach you? Or if the company you work for has vaccination efforts? Right?"
"'Di ba, kahit pa i-point-out na may vaccine hesitancy sa ilang populations, ang main issue pa rin talaga ay ang kakulangan ng vaccine supply at ang kabagalan ng roll-out nito? At ang contact tracing 'di naman talaga matino, tila nagagamit pa sa data breach ang info ng mga tao?","Isn't it true that, even if we point out vaccine hesitancy in some populations, the main issue is still the lack of vaccine supply and the slowness of its rollout? And contact tracing isn't really good; it seems people's information is even used for data breaches?"
"Imbis na i-spend natin yung energy natin magalit sa mga tao na walang physical distancing, sino ba muna nagbukas ng mga mall? May mapupuntahan bang air-conditioned, highly susceptible to transmission places kung 'di pa binubuksan ang malls in the first place?","Instead of spending our energy getting angry at people for not physical distancing, who opened the malls first? Would there be air-conditioned, highly susceptible to transmission places to go if malls weren't opened in the first place?"
"At gets din na kailangan nang magtrabaho ng mga tao kasi sobrang hirap ng paralisado ang ekonomiya, pero dapat kasi pinaparisan ito ng gov't efforts na solusyonan ang pandemya. Simple lang e, sino ba may hawak ng budget at resources? Sino may hawak ng decision-making?","And it's also understood that people need to work because the paralyzed economy is so difficult, but this should be matched by government efforts to solve the pandemic. It's simple, who holds the budget and resources? Who holds the decision-making?"
"'Di ba gobyerno? 'Di ba 'yang mga tarantadong nakaupo sa estadong nagpapakasasa sa bilyones ng Philhealth, Pharmally scandal at sandamukal pang scam at korapsyon sa gitna ng napakraming namamatay ngayong pandemya? 'Di ba nasa kanila ang pera? Sila rin nagbukas ng mall","Isn't it the government? Isn't it those scoundrels in power who are wallowing in billions from Philhealth, the Pharmally scandal, and countless other scams and corruption amidst so many deaths during this pandemic? Don't they have the money? They also opened the mall"
"Kasi ~pressured~ at gusto na nilang kumita ang mga negosyo nila habang nageenjoy pa rin sa kickback sa mga pondong dapat na ginagamit pangsolusyon sa pandemya. Tapos mahirap, magkulong sa bahay, wala kang mapapala. Lumabas ka nang bahay, may risk din magkasakit. Saan lulugar?","Because they're ~pressured~ and they want their businesses to profit while still enjoying kickbacks from funds that should be used to solve the pandemic. Then, if you're poor, you stay home, you gain nothing. If you go out, there's a risk of getting sick. Where do you go?"
"Nung hindi pa binubuksan ang malls, according to data, nasa top ang Pilipinas sa pinakamasunurin sa mask-wearing protocols. Yung kayang magpractice ng social distancing nagpapractice naman, sa gitna ng highly militarized lockdown sinikap rin na hindi lumabas nang bahay.","When malls were not yet open, according to data, the Philippines was among the top in mask-wearing protocols. Those who could practice social distancing did, and amidst a highly militarized lockdown, they also tried not to leave home."
"Sa komyu kahit halos ka-size lang ng mga banyo ang mga kabahayan ng mga urban poor, sinisikap pa rin nilang maging malinis even without access to proper bathrooms and sanitation, and enough space for 'social distancing', with plastic wastes from the city surrounding them.","In communities, even if homes in urban poor areas are almost the size of bathrooms, they still try to be clean even without access to proper bathrooms and sanitation, and enough space for 'social distancing,' with plastic wastes from the city surrounding them."
"TL;DR: Sana i-spend na lang yung energy na igiit sa estadong panagutan ang kasalanan nito  ngayong pandemya, kasi halos wala itong nagawang tama. Sayang energy manigaw ng 'KAYO DAHILAN NG SURGE PESTE KAYO!' sa mga nasa mall isa-isa. Akala ko rin dati productive 'yon, 'di pala.","TL;DR: I hope we just spend our energy demanding accountability from the state for its mistakes during this pandemic, because it has done almost nothing right. It's a waste of energy to individually shout 'YOU'RE THE REASON FOR THE SURGE, YOU PESTS!' at people in the mall. I used to think that was productive too, but it's not."
"@geebee_109 to me: 
Ano kakainin ko?
Asan ang link?
Ano oras yan?
Message mo ako pag umpisa na?
Bagay ba ang dress?
Anong model ng iphone bilhin ko? Magkano at ano features niyan?
Eh yung apple watch?
Malinaw ba ang pagkakapicture ko sa sarili ko? 
Actually dame pa 😂","@geebee_109 to me:
What should I eat?
Where's the link?
What time is it?
Message me when it starts?
Does the dress suit me?
What iPhone model should I buy? How much and what are its features?
How about the Apple Watch?
Is my self-picture clear?
Actually, there's more 😂"
"Pag napagod ka na kakasagot sa mga tanong ko, magpadala ka na lang ng jowa ah. Para may iba nang sasagot sa akin. 🤣🤣🤣","If you get tired of answering my questions, just send me a boyfriend, ah. So someone else can answer me. 🤣🤣🤣"
"Jusko po hahahaha Diyos ba ako? 🤣
Sakin nanghingi ng jowa","Good heavens, hahahaha, am I God? 🤣
Asking me for a boyfriend."
Eh ayun na nga... Mas malakas naman connection mo sa taas. Kaya ikaw na bahala dyan. 🤣,"Well, that's exactly it... Your connection up there is stronger. So you handle it. 🤣"
Di ko alam si Circe pala ang Goddess of Guidance and Counseling 😂😂😂,I didn't know Circe was the Goddess of Guidance and Counseling 😂😂😂
"HAHAHAHAHAHAHAHA
Jusko pati pagpunta niya sa mall
Magtatanong kung magmamall ba siya 
Lord, bigyan niyo nga jowa yan 😂","HAHAHAHAHAHAHAHA
Oh my goodness, even her going to the mall
She'll ask if she should go to the mall
Lord, please give her a boyfriend 😂"
"Buti na nga yan kesa kinakausap ko ang sarili ko, di ba. 😝","It's good that way, at least I'm not talking to myself, right. 😝"
Pwede din naman hahahaha,"That's also possible, hahahaha"
swerte naman mga nakakakuha signed polaroid sa enha albums grabe kau n,"lucky are those who get signed polaroids in enha albums, you guys are too much"
nakakahikayat bumili kaso paswertehan lang rin talaga e 😆,"it makes me want to buy, but it's really just luck 😆"
ay....... nakakuha ka ba? di ba bumili ka marami !,oh....... did you get one? didn't you buy a lot!
"Anyes : Walaupun hanya NPC, but I love all of them! Karakter pendukung Grego di BA RES KRIM, mereka semua punya karakter yang aneh kayak Grego :"") seandainya masih ada anaknya XENA full team. 
Question : ""Ngga mau dimainin, Mbak?""
NOPE. karena bakal hilang esensinya. Hehehehe.","Anyes: Although they are just NPCs, but I love all of them! Grego's supporting characters in BA RES KRIM, they all have strange characters like Grego :"") if only XENA's full team was still here. 
Question: ""You don't want to play it, Miss?""
NOPE. because its essence will be lost. Hehehehe."
ang gulo gulo ng wts tags grabeee di ba kayu nauumai 👁👄👁,"the wts tags are so messy, grabeee, aren't you guys tired 👁👄👁"
psst! sino ka?,psst! who are you?
jowa po ni jungkook,Jungkook's girlfriend.
luh dami mong jowa tsk tsk,"Wow, you have so many partners, tsk tsk."
talented naman mga jowa ko te bts tsaka enhypen ehe oh 'di ba,"My boyfriends are talented, sis, BTS and Enhypen, ehe, see?"
"ireto mo naman ako dun sa jung hoseok. idol ko yun eh, galing sumayaw tas ang gwapo pa","Could you set me up with Jung Hoseok? He's my idol, he dances so well and he's so handsome."
"ay te sorry, akin na kasi 'yon. hindi po ako nagsshare, pasensya na.","Oh sis, sorry, but that's already mine. I don't share, I apologize."
sabi nila 8 glasses a day di ba...,"They say 8 glasses a day, right?"
"nag request ang mga fans na gawing matured si alden, oo nga ginawa syang barunbado na di naman  bagay sa kanya, hahaha,at isa pa bakit ganun kinakain ang salita. ibalik nyo sa dating timeslot, di ba si alden yan, pang malakasan nga e, dinaig kapa ng girls
#TWBUSurfaceTension","Fans requested for Alden to be more mature, yes, they made him a bad boy which doesn't suit him, hahaha, and also, why is he eating his words? Put him back in his original timeslot, isn't that Alden? He's supposed to be powerful, even the girls outdo you. #TWBUSurfaceTension"
"#BakitsiLeni, Simple lang. Di ba't ayaw n'yong manakawan? Si VP Leni lang naman ang principal author ng HB 19 or FULL DISCLOSURE BILL na nag lalayong magmandato sa lahat ng gov't agencies na magdisclose ng kanilang budget and financial transactions in a conspicuous manner.","#WhyLeni? It's simple. You don't want to be stolen from, right? VP Leni is the principal author of HB 19 or the FULL DISCLOSURE BILL, which aims to mandate all government agencies to disclose their budget and financial transactions in a conspicuous manner."
"Diba kaya nga po hindi siya nagdadalawang isip na ipublish ang SALN niya. Kasi walang itatago. Pag walang skeletons in the closet, kahit on the spot e kayang sumagot agad ng walang pag-aalinlangan. Kumbaga laging handa 😊💗💚","That's why she doesn't hesitate to publish her SALN (Statement of Assets, Liabilities, and Net Worth), right? Because there's nothing to hide. If there are no skeletons in the closet, she can answer immediately and without hesitation, even on the spot. She's always ready, in other words. 😊💗💚"
pano maging baso ni seokjin #NewProfilePic,How to become Seokjin's glass? #NewProfilePic
Lol nasamid ako sa tweet mo! Hahaah,"Lol, I choked on your tweet! Hahaah"
HAHAHAHAHA ang kalat di ba ate 😂,"HAHAHAHAHA It's messy, isn't it, sis? 😂"
ganun talaga... makalat tayo sa ganyan... HHAHAHAHA,That's just how it is... we're messy with that kind of thing... HHAHAHAHA
yasss!!! sa bangtan lang magkakalat hahahah chz,"Yasss!!! Only for Bangtan will I make a mess, hahahah, just kidding."
Recently ko lang nalaman yon..4 days ago na 11 years old sya di ba mas malala ako 15 na?? Expect ko 16 or 17...skl lol,"I only found out recently... 4 days ago that she's 11 years old, isn't it worse that I'm 15?? I expected 16 or 17... just sharing lol."
"Kaya wag niyong pangunahan desisyon nila. Fans lang tayo. Dapat support lang tayo sa desisyon nila hindi yung tayo pa nagdidikta. Support system di ba, support lang. Hindi natin sila pag-aari.","So don't preempt their decisions. We're just fans. We should just support their decisions, not dictate them. We're a support system, right? Just support. We don't own them."
Bakit yan ang tagline. Na parang sakal na sakal si c sa lt ah. Di ba sabi ni c if bina bash niyo si k di niya kayo fan. Galing na mismo sa kanya na he makes her happy peri di nyo matanggap,"Why is that the tagline? It's like C feels so suffocated in the love team. Didn't C say that if you bash K, you're not his fan? It came directly from him that she makes him happy, but you can't accept it."
Sabi mo di ka na nananaquette? I- 🥲 chos,You said you weren't being dramatic anymore? I- 🥲 just kidding.
"Eme lang din po. Geh lang, manakit ka lang po. Haha sino ba naman kami di ba? 😆","Just kidding too. Go ahead, hurt me. Haha, who are we anyway, right? 😆"
"People’s Streets
Emerald Avenue will exclusively be for pedestrians, bicycles, and other light personal mobility devices every Sunday starting 21 November 2021 from 6AM-6PM.
Cities for people!","People’s Streets
Emerald Avenue will exclusively be for pedestrians, bicycles, and other light personal mobility devices every Sunday starting 21 November 2021 from 6AM-6PM.
Cities for people!"
@daniyeahcarr hilig ka magbike di ba?,"@daniyeahcarr You love biking, don't you?"
"Pag nag kumpisal, di ba dapat aminin ang kasalanan? Inamin na ba?","When you confess, aren't you supposed to admit your sins? Have they been admitted yet?"
what if si tae yung laman ng last sealed na stbo mots br ko 😵,What if Tae is inside the last sealed STBO MOTS BR I have? 😵
what if mine po chz,What if it's mine? Just kidding.
WHAT IF LNG NMN DI BA SURE 😩,"WHAT IF ONLY, RIGHT, FOR SURE 😩"
"Tambahan kasus aktif 49 dari lembaga pemasyarakatan di Ba’a, Kabupaten Rote Ndao, menjadi alasan bagi pemerintah daerah menaikkan status pemberlakuan pembatasan kegiatan masyarakat dari level 2 ke level 3. #Nusantara #AdadiKompas kompas.id/baca/nusantara/202…",An additional 49 active cases from the Ba'a Correctional Institution in Rote Ndao Regency became the reason for the local government to raise the status of community activity restrictions from level 2 to level 3. #Nusantara #AdadiKompas kompas.id/baca/nusantara/202…
Same :),Same :)
Ayy nginatngat ko ata yan nung birthday ko akala ko pulutan HAHAHAHAHA CHAROT,"Oh, I think I gnawed on that during my birthday, I thought it was a bar snack HAHAHAHAHA JUST KIDDING."
Sorry akala ko chicken eh 😭😭,"Sorry, I thought it was chicken 😭😭"
Sosorry na nga di ba??? 🙄,"I already said sorry, didn't I??? 🙄"
Oo nga rold di ba pwede?😭😭,"Yes, lord, isn't it allowed? 😭😭"
Uie beke nemen dibah HAHAHAHAHAH 👉👈,"Hey, maybe, right? HAHAHAHAHAH 👉👈"
bighit kung nagrerestock ka kaya ng old dvds di ba? 3rd muster siguro please hahahaha,"Bighit, if you could restock old DVDs, right? Maybe 3rd muster please, hahahaha."
di ba pwedeng itigil muna ang mundo saglet kahit saglet lang,"Can't the world just stop for a moment, even just a little while?"
"Dapat sa kanila daw para gawing positive. Anyways, magaling naman sila mag alter ng results di ba? Hahahahaha... sample, 2016 VP Elections. 🤣🤣🤣🤣","It's supposed to be positive for them, they say. Anyway, they're good at altering results, right? Hahahahaha... example, 2016 VP Elections. 🤣🤣🤣🤣"
"Diploma nga napeke nya e, drug test result pa kaya?
Susko! Syapaba?","They even faked a diploma, how much more a drug test result? My goodness! Who is she anyway?"
"Tomoh!! Yun ate nga nagka yearbook pa di ba?! Mga hustler yang mga yan..Pagdating sa kanila, wag pakasiguro! Sigurado ako dyan!🤪","Exactly!! That older sister even had a yearbook, right?! Those are hustlers... When it comes to them, don't be so sure! I'm sure of it! 🤪"
Di ba sapat na bias ko si Wonwoo pumapapel (literally and figuratively) pa tong si Jeonghan lately 😩,"LAH, isn't it enough that Wonwoo is my bias, now Jeonghan is getting involved (literally and figuratively) lately 😩"
"LAH DI BA PWEDENG PURO KILIG LANG /umiyak/
#JaREDiToParty @sb19nizm","LAH, CAN'T IT JUST BE PURE KILIG (feeling giddy/flustered) /cries/ #JaREDiToParty @sb19nizm"
"ay teh, ket sa politics choice nyo boto ng tao? di ba pwedeng repetuhin nalang kung sino iboboto nila? trash.","Oh sis, even in politics, you choose people's votes? Can't you just respect who they vote for? Trash."
"hindi naman sa tinatakot ko readers ni ate nami, what if hindi siya gusto ng nanay ni sephy tapos pag hiwalayin sila tapos hindi haphy endgame oh ʼdi ba mag iiyakan nanaman tayo dahil ʼyun ang bonding ni ate nami","It's not that I'm scaring Ate Nami's readers, but what if Sephy's mother doesn't like her, then they get separated, then it's not a happy ending? Oh, we'll all cry again because that's Ate Nami's bonding."
God fearing candidate siya di ba?,"He's a God-fearing candidate, right?"
"omg kailangan ko na atang masanay na di na ghoster ung amo ko 🤧🤧
@SB19Official #SB19","OMG, I think I need to get used to my boss not ghosting me anymore 🤧🤧 @SB19Official #SB19"
di naman masamang umasa di ba? 😔👉👈 HAHAHAHAHHAHAHA,"It's not bad to hope, right? 😔👉👈 HAHAHAHAHHAHAHA"
O ka bo o latlhetse e le thread once mare mme ke di ba baakanyetse.,You just dropped it as a thread once but I've prepared them for you.
Ke di emetse,I'm waiting for them.
guys andami nag babasa neto pls discontinued na po ’to !! ayoko lang i-delete kasi bakit ba GSJSHAHAHA CHRT,"Guys, so many people are reading this, please, it's discontinued!! I just don't want to delete it because why not GSJSHAHAHA CHRT."
DI TO TAPOS????😭😭😭 ANG GANDA PA NAMAN SANA PLS DI BA NA TULOY TO OR TAPOS NA REN TO? MAY NAKITA KASE AKONG COMPLETE NA RAW E,"THIS ISN'T FINISHED????😭😭😭 IT WAS SO GOOD, PLEASE, ISN'T THIS CONTINUED OR IS IT ALREADY FINISHED? I SAW SOMEONE SAY IT WAS COMPLETE."
NOOOO HINDI PO GSJSHSJSHSJS,NOOOO IT'S NOT GSJSHSJSHSJS
Siguro next year di na ako busy sa work? 😩 Hirap kapag magre-resign. Hhahah 😿,Maybe next year I won't be busy with work anymore? 😩 It's hard when you're resigning. Hhahah 😿
training naman ng first 3 months di ba? Hahahahahahaha,"It's training for the first 3 months, right? Hahahahahahaha"
Ha ha ha lang geh!!!!! Awit,"Ha ha ha, just go!!!!! Aww, it's a pity."
Pag may hepa kap ganyan dapat para gumaling,"If you have hepatitis, this is what you should do to get better."
Takot gamitin real acct nya. Geh. Hahahahaha,Scared to use their real account. Go ahead. Hahahahaha
Mas ok kung totoong account di ba?,"It's better with a real account, right?"
Oo naman. Small follower geh. Hahaha hahahahaha. Stream na Lang Nila bazinga. Kung naunawaan Nila ang meaning. Eh di... Di na Sila clown. Hahahahahaba,"Of course. Small follower, go ahead. Hahaha hahahahaha. Just stream Bazinga. If they understand the meaning. Then... they're not clowns anymore. Hahahahahaba"
Bazinga na nga lang,Just Bazinga.
"Songjean kamusta ka na? Kumakain ka ba ng maayos? Di ba mainit yang suot mo? Pulbusan mo likod lagi ha, maglagay ka din ng towel. Miss you","Songjean, how are you? Are you eating properly? Isn't what you're wearing hot? Always put powder on your back, and put a towel too. Miss you."
Sungjin ikaw ba talaga yan parang hindi ako sure HAHAHAHA,"Sungjin, is that really you? I'm not sure HAHAHAHA"
Gud eveninggg,Good eveninggg
g eve,G'eve
"g'eve! eat kna dinner, hoy tita yung libre q","Good evening! Go eat dinner, hey Tita, where's my treat?"
di ba dumating?,Didn't it arrive?
hindi?😭,No? 😭
"Nalilimutan ko manood ng New World...di kasi pinapaalala ng @Netflix_PH, di ba no? 🤪","I keep forgetting to watch New World... @Netflix_PH doesn't remind me, right? 🤪"
"😆🤣 wala man lang silang post. 
nakakaloka. 
netflix original series di ba po.","😆🤣 They don't even have a post. It's crazy. It's a Netflix original series, isn't it?"
Wala man lang promo buti na lang mas masisipag mga airens!,"No promo whatsoever, good thing the Airens (fans) are more diligent!"
"Move na kayo sa mga issue ng mgnanakaw,martial law..tingnan nyo muna ung side ng marcos.ndi ung puro sabi ng kandidato nyo at paniwala nmn kayo na sobrang sama ng marcos..puro nmn not guilty ung mga kaso nila di ba?","Move on from the issues of thieves, martial law... look at the Marcos' side first. Not just blindly believe what your candidates say and that the Marcoses are so bad... all their cases are 'not guilty', right?"
bakit may pa-mine sa replies,Why is there 'mine' in the replies?
Ay di ba available si choi beomgyu??😔,"Oh, isn't Choi Beomgyu available?? 😔"
omg listen to my bio tumotunog sya  ang cool so much 😎,"OMG, listen to my bio, it's making sounds, it's so cool 😎"
cool di ba,"Cool, right?"
BAT LASING YUNG TATLO 😭 @Namm_luvsMatcha @nijeongzeeu @sunoofave,WHY ARE THE THREE OF THEM DRUNK 😭 @Namm_luvsMatcha @nijeongzeeu @sunoofave
"PLEASE LANG, DI BA KAYO NAAWA SAKIN 😭","PLEASE, AREN'T YOU PITYING ME 😭"
naunsa naman ka uy 😭 tarung tarung kuno 😭,"What's wrong with you, uy 😭 act properly, please 😭"
Kung alam ko lang na maaalay ako sa bankwide performance na to sana nagpaturo na ko gumiling kay Gunchan di ba 🥴 charot HAHAHA,"If I had known I'd be sacrificed to this bank-wide performance, I would've asked Gunchan to teach me how to grind, right? 🥴 Just kidding HAHAHA"
"- Sa init ng yakap mo , natutunaw ang puso ko , Di ba halata na ako'y adik na sayo .","- In the warmth of your embrace, my heart melts. Isn't it obvious that I'm addicted to you?"
"Foreshadowing to author..kinakabahan ako sa hanggang dulo, kasi may hangganan eh...di ba pwedeng palagi na lang? — Sige gawin nating palagi next time curiouscat.qa/janeeeeey__/po…","This is foreshadowing, author... I'm nervous about 'until the end', because there's an end... can't it just be forever? — Okay, let's make it forever next time. curiouscat.qa/janeeeeey__/po…"
kung management why would they put him in there in the first place? eh di ba sila pumipili ng papasok dyan? at di ka rin naman basta puwedeng mag audition without ng go signal ng manager nya.,"If it's management, why would they put him there in the first place? Didn't they choose who would join? And you can't just audition without his manager's go-ahead."
Grab your copies now! 😃,Grab your copies now! 😃
balita ko magko conceived na daw sya 🤣🤣🤣🤣,I heard she's already conceived 🤣🤣🤣🤣
sino ba naman ako para matulog di ba,"Who am I to sleep, right?"
sa anon sa sayout ko na ayaw ipatweet message niya -- AHHHHHHHHHH YES SANA :( di ba ko masasaktan sa pag expect nyan? 🤭,"Wait, to the anon in my shoutout who didn't want their message tweeted -- AHHHHHHHHHH YES, I HOPE :( will I get hurt by expecting that? 🤭"
"sandaleeee inuulan na ng mga papel hahahaha received sunsun trading cards ! yey for no dupes 🎇 thank you for this nth budol, @lajibolalacart <33 
#lajibolalacartfeedbacks","Hold onnnn, it's raining papers hahahaha received SunSun trading cards! Yay for no dupes 🎇 thank you for this nth 'budol' (impulse buy), @lajibolalacart <33 #lajibolalacartfeedbacks"
Sana kasi sinabay nyo ko di ba. 🙄 /j,"I wish you had brought me along, right? 🙄 /j"
sorry kung wala kaming namine hahahaha,Sorry if we didn't mention you hahahaha
sisihin mo si heeseung dami niyo collectors niya 🤣,"Blame Heeseung, you have so many collectors of him 🤣"
Ngayon ko lang nareceive yung mail and gift pero mukhang kagabi pa talaga siya nasend sakin exactly at 12 🥺,"I just received the mail and gift now, but it looks like it was actually sent to me last night exactly at 12 🥺"
OPO ALAM KO RAFAELA YON di ba pwede maging tanga minsan? HAHAHAHAHAHAHAHAHAHAHA,"YES I KNOW IT'S RAFAELA, can't I be stupid sometimes? HAHAHAHAHAHAHAHAHAHAHA"
di ba wednesday na?? does that mean kahapon pa yung pics??,Isn't it Wednesday already?? Does that mean the pics were from yesterday??
not me overthinking this 😭,Not me overthinking this 😭
today's tuesday bestie 😭,"Today's Tuesday, bestie 😭"
eye— 😭 sorry na,Eye— 😭 I'm sorry
Ang dami ko na Palang double block. Hahaha. Sino PA Kaya iba madagdag. Nasa Sala ko talaga sino ang marunong ng why. Hahaha. Di ba @Soundbreak190 hahahaha,"I already have so many people blocked. Hahaha. Who else can I add? I'm really in the living room, who knows why. Hahaha. Right, @Soundbreak190 hahahaha"
"Hahahaha basta happy blocking 🥰
@SB19Official","Hahahaha, as long as you're happy blocking 🥰 @SB19Official"
Hahahaha. OKs Lang Yan. Judgemental talaga ang Twitter. Hoping okay Sila. Yun Lang gusto ko. Sana nagsabi no. Para naman di ako nag check acct. Pray for their happiness,Hahahaha. It's okay. Twitter is really judgmental. Hoping they're okay. That's all I want. I wish they had said something. So I wouldn't have to check the account. Pray for their happiness.
"grabe, wala pa yung cgo?","Seriously, the CGO (Commissioner General's Office) isn't here yet?"
ksksksksksks di ba pwedeng 2022 nalang? chz,ksksksksksks can't it just be 2022? Just kidding.
"Seize the day.
POGS ON VIRAL
@AljonMendoza_ #AljonMendoza
Zzz","Seize the day.
POGS ON VIRAL
@AljonMendoza_ #AljonMendoza
Zzz"
"Sana naman di ba
POGS ON VIRAL
@AljonMendoza_ #AljonMendoza","I hope so, right?
POGS ON VIRAL
@AljonMendoza_ #AljonMendoza"
Nguumpisa n cla oh... 🤣🤣🤣 Goodluck n lng.. @imJCAlcantara,"They're starting now, oh... 🤣🤣🤣 Good luck to them.. @imJCAlcantara"
"""No pressure""pero beke nemen di ba? Toxicity starts now 🤡 hahalol","""No pressure"" but maybe, right? Toxicity starts now 🤡 lol"
"Tension na agad-agad?!?  Saya-saya kagabi nila Louie e!!! Di ba pwede masaya lang?? Pero exciting to!!!
ALDENxTWBU NewDay
#TWBUSurfaceTension
@aldenrichards02","Instant tension?!? Louie and company had so much fun last night! Can't they just be happy? But this is exciting!!!
ALDENxTWBU NewDay
#TWBUSurfaceTension
@aldenrichards02"
Bobo nito cguro magnanakaw karin kagaya ng mga Marcos haysss... Check the history,"This person is stupid, probably a thief like the Marcoses, ugh... Check the history"
wala kaming paki kung sino like mong iboto ed don kana di yung dami mong kuda sa mga maka Marcos puro nakaw sinasabi nyo bakit? nakita nyo bang nag nakaw talaga di ba asa chismis lang kayo.,"We don't care who you want to vote for, just go for it. You talk so much about Marcos supporters, always saying they're thieves. Why? Did you actually see them steal? You're just relying on gossip."
Hehehe,Hehehe
Bardagulan nanaman? Di ba kayo napapagod?,Another fight? Don't you guys get tired?
Di ba KD's brother is Kiko Estrada? Tama ba?,Isn't KD's brother Kiko Estrada? Is that right?
— @HOSH8N album cover ☆,— @HOSH8N album cover ☆
pabili di ba pupunitin ni mama yan pag di ako nag Hugas ng pinggan 😾,Can I buy this? Mom will tear it up if I don't wash the dishes 😾
LMFAOOO,LMFAOOO
"So I’m the same height as Becky G, which shows how tiny I’ll look beside them 😅","So I’m the same height as Becky G, which shows how tiny I’ll look beside them 😅"
"She’s wearing 4” heels, so she’s about 5”5 here? That’s me, barefoot. Good size reference hehehe","She’s wearing 4” heels, so she’s about 5”5 here? That’s me, barefoot. Good size reference hehehe"
Di ba? I’m her without heels so ano na itsura ko sa tabi nila since I wear flats most of the time 🤣🤣,"Right? I'm her without heels, so how will I look next to them since I wear flats most of the time 🤣🤣"
You’d make minimini very happy heheheh,You’d make minimini very happy heheheh
"Ignorance at its finest. San ka pa?..loL. Sabihin mo yan sa mga fans ni kyle na pusher ng kycines..ahaha
FREE FRANCINE DIAZ","Ignorance at its finest. Where else can you find this?..lol. Tell that to Kyle's fans who are pushing KyCine..ahaha
FREE FRANCINE DIAZ"
"Di ka informed?...tsk tsk tsk
FREE FRANCINE DIAZ","You're not informed?...tsk tsk tsk
FREE FRANCINE DIAZ"
"Ask her what? Do u even know what the trend is for? If not, try to not meddle kiddo...lol. 
FREE FRANCINE DIAZ","Ask her what? Do you even know what the trend is for? If not, try to not meddle kiddo...lol.
FREE FRANCINE DIAZ"
"O kala ko ur out?...hahaha. Ano pa ginagawa mo dito? 
FREE FRANCINE DIAZ","Oh, I thought you were out?...hahaha. What are you still doing here?
FREE FRANCINE DIAZ"
"Now I realize kung ano gusto mo mag trend. Respeto sa kycine pa more...lol
FREE FRANCINE DIAZ","Now I realize what you want to trend. More respect for KyCine...lol
FREE FRANCINE DIAZ"
"Why not? Better to know one's opponent and be ready. Unlike someone here who tried acting like a casual spectator...lol. Sino ngyn ang sanggol...ahahaha
FREE FRANCINE DIAZ","Why not? Better to know one's opponent and be ready. Unlike someone here who tried acting like a casual spectator...lol. Who's the baby now...ahahaha
FREE FRANCINE DIAZ"
"And don't preach to me what I should or shouldn't do. Kakasabi mo nga lang kanina magpa trend ng mas worthy na tag eh db?...lol. Biglang kabig paliko nung nalamang kycine eh.
FREE FRANCINE DIAZ","And don't preach to me what I should or shouldn't do. You just said earlier to trend a more worthy tag, right?...lol. Suddenly changed your tune when you found out it was KyCine.
FREE FRANCINE DIAZ"
Sino ba pumatol? Di ba ikaw? Nakikisawsaw ka sa bagay na kunwari wala kang alam? Yun pala gusto mo mag trend is respeto sa kycine etc etc? 😭😭😭,"Who started the fight? Wasn't it you? You're meddling in something you pretended not to know about? And it turns out you want to trend ""respect for KyCine"" etc etc? 😭😭😭"
Kailan ba tatahimik yung ibang fandoms about sa treasure? di ba kayo makahanap ng sariling clout sa fandom niyo kaya sa iba kayo nag hahanap?,When will other fandoms stop talking about Treasure? Can't you find your own clout in your fandom so you're looking for it in others?
Papayag ba kayong susunod na presidente natin si Boy Supsup????,Will you allow Boy Supsup to be our next president????
Bakit Boy Supsup? Sino pala yan si Boy Supsup? Si Boy Singhot di ba the cocaine dependent?,Why Boy Supsup? Who is this Boy Supsup? Isn't Boy Singhot the cocaine dependent?
mutual aku di ba menang ga 14jt nya kak jihan wow,"I'm mutual with you, didn't you win 14 million, Jihan wow"
ni aing kudu ikut jg ampe menang,I should join too until I win
WOW IRI.,WOW JEALOUS.
bner,true
"eto na take twooo! expose ko kayo @laliimz @BulbManoban, mga peyk prends buti pa ang zari q nakapasa! 🙄 kiinginang laura yun a","Here's take twooo! I'm exposing you @laliimz @BulbManoban, fake friends, good thing my Zari passed! 🙄 That Laura, seriously."
plastic mo sa correct answer e HAHAHAHAHHAHAHA,"You're so fake about the correct answer, e HAHAHAHAHHAHAHA"
di ba? gago yan HAHAHAHAHAHAHA,Right? That guy's crazy HAHAHAHAHAHAHA
ulol,You idiot
"bakit di masaya mga aports ko, di ba nila alam na masama yun 😕",Why aren't my friends happy? Don't they know that's bad 😕
"crab mentality forever. hayy
now i want EJ to find another nation to represent. nakakaloka ang pilipinas","Crab mentality forever. Ugh.
Now I want EJ to find another nation to represent. The Philippines is exasperating."
Tapos pag nanalo mga credit grabbers hahaha. Pinoy pride 🤷🏻‍♀️,"Then when they win, the credit grabbers appear, hahaha. Pinoy pride 🤷🏻‍♀️"
"sobrang totoo. nakakaloka. sali pa niyang federation ang nagsasabi nang ganyan. gugustuhin mo nalang mag retire. sayang sacrifies niya sa abroad, mag-isa pa siya. tapos may accusations pa sa pera. jusq. kahit kailan","So true. Exasperating. And the federation itself is saying such things. You'd just want to retire. What a waste of his sacrifices abroad, he's alone. And then there are accusations about money. Gosh. Always."
Di ba parang ginawa nila kay Wesley So nakakaloka basta hinalo talaga sports sa politika eto labas eh. Hindi na natuto wala man lang pagbabago,"Isn't it like what they did to Wesley So? It's infuriating when sports are mixed with politics, this is the result. They never learned, there's no change at all."
oo. baka naman kasi may ibang pinupush yung president ng fed. lol. usually ganyan. wala nagbago. kaya ganun pa din mga athletes. subpar. LOL,Yes. Maybe the president of the fed is pushing someone else. Lol. It's usually like that. Nothing changed. That's why the athletes are still subpar. LOL
Kaya di ka na magtataka kung mag retire or piliin ibang bansa eh,"That's why you wouldn't be surprised if he retires or chooses another country, eh."
Di ba talaga hawig???,Don't they really look alike???
whyket,whyket
edi wow sino ba naman ako di ba,"Well, who am I, right?"
ang cute ni Milo HAHHAHAHHA,Milo is so cute HAHHAHAHHA
Di ba? Haha sana all cute 😂,"Right? Haha, I wish everyone was cute 😂"
bakit ang daming binibigay na peta gagi di ba nila alam na busy ako sa enhypen,"Why are they giving so many maps? Seriously, don't they know I'm busy with ENHYPEN?"
Letseng yan kasalanan ko pa pinagsabihan lang naman kita di ba naman natingin sa camera,"Darn it, it's my fault? I just told you, right, you weren't looking at the camera."
di ba kayo napapagod sa paghihinga?,Don't you get tired of breathing?
medyo,A little
wag nalang tayo huminga,Let's just not breathe then.
Humihinga lang dahil uso po,I'm only breathing because it's trendy.
di ako sumusonod sa uso eh,"I don't follow trends, though."
Ahem. I want this. Huhuhu. 🥰,Ahem. I want this. Huhuhu. 🥰
Di ba meron ka na?,Don't you already have one?
Not this one that says “all kyungsoo lovers club”! 🥰😍,Not this one that says “all kyungsoo lovers club”! 🥰😍
Oh shoot hindi ko nabasa ahahha,"Oh shoot, I didn't read that ahahha"
"President Rodrigo Duterte's disclosure that wealthy people get away with doing illegal drugs in yachts and airplanes does not mean that the Duterte administration is sparing the rich in its bloody anti-drug war, the Palace said Tuesday.
gmanetwork.com/news/topstori…","President Rodrigo Duterte's disclosure that wealthy people get away with doing illegal drugs in yachts and airplanes does not mean that the Duterte administration is sparing the rich in its bloody anti-drug war, the Palace said Tuesday.
gmanetwork.com/news/topstori…"
Di ba somewhere sa Davao pa nga daw nangyayari yun????,Isn't that supposedly happening somewhere in Davao????
di ba mainit yung blower? TT,Isn't the blower hot? TT
Haha good naman siya di ba.. good acting 😂✌️,"Haha, he's good, right? Good acting 😂✌️"
": bakit parang hindi ko nararamdaman na nag-aaral ka? di ba naka enroll ka naman?
ako ren e di ko rin ramdam na nag-aaral ako whshshshshahahaha",": Why do I not feel like you're studying? Aren't you enrolled?
Me too, I don't feel like I'm studying either whshshshshahahaha"
maherap ang bohay kailangan atleast d na aq palamonen kac ako na sa internet at ambag sa kuryente xD,"Life is hard, at least I'm not a freeloader anymore because I'm on the internet and contributing to the electricity xD"
motor??? kapag tinamad aq mag ipon bagong fixie n lang ehshshahaha,"Motorcycle??? If I get lazy saving, I'll just get a new fixie ehshshahaha"
Awww sino ang may yate so far what I know is Pac-Man eh if Pac-Man he is an International Boxer di ba before the game start may drug test pa like those athletes noh.So na balita na sana if si Pac-Man. Well at least BBM is cleared so no worries.✌️❤️👊💚,"Aww, who has a yacht? So far what I know is Pac-Man, and if Pac-Man, he is an International Boxer, right? Before the game starts, there's a drug test for athletes, right? So it would have been reported if it was Pac-Man. Well, at least BBM is cleared, so no worries. ✌️❤️👊💚"
cnu naman kilala dawdahil sa father lang?,Who is known just because of their father?
Oh di ba nga ang daming chismiss dito sa twitter? Ngayon may spaces na for us to spill the tea char haha,"Oh, aren't there a lot of rumors here on Twitter? Now there are spaces for us to spill the tea, char haha."
🥺🥺🥺,🥺🥺🥺
A-Ateee 🙃🙃🙃,Sisssy 🙃🙃🙃
Tolja! 🤭🤭🤭,Tolja! 🤭🤭🤭
Ate prompt palang peroo awieet🙃🙃 feel na feel ko na po ang pighati if ever🙃,"Sis, it's just the prompt, but awww 🙃🙃 I can already feel the sorrow if ever 🙃"
Feeling broken hearted nga ako kaagad nung nabasa ko 'yung prompt 😢😢🤭🤭🤭,I already felt heartbroken when I read the prompt 😢😢🤭🤭🤭
Legitt ateee😭😭 naaawa na po ako kay seok agad😭😭,"Legit, sis 😭😭 I already feel sorry for Seok 😭😭"
'di ba? Huhhuuhuhu 😭😭 ang sakit agad! 😢😢😢,Right? Huhhuuhuhu 😭😭 It hurts immediately! 😢😢😢
Manifesting endgame ate🍀🍀🍀🍀🍀🍀🍀🍀🍀🍀🍀🍀🍀😭😭😭,"Manifesting endgame, sis 🍀🍀🍀🍀🍀🍀🍀🍀🍀🍀🍀🍀🍀😭😭😭"
🤞🤞🤞🤞🤞,🤞🤞🤞🤞🤞
ulol ulol kayo dyan alam nyo bang di endgame yan,"You idiots, you know that's not endgame."
aye mika na maganda di'ba endgame sila....di'ba nagj-joke kalang😕,"Aye, Mika, who's beautiful, aren't they endgame....you're just joking, aren't you? 😕"
NGANO MANING NGA GWAPA UYY. DI BA PWEDENG PADAPLIN SAMO? KAMI NASAD MGA MAOT PADAG A HAHAHAHA,"WHY ARE YOU SO BEAUTIFUL, HEY. CAN'T YOU JUST MOVE ASIDE? LET US UGLY ONES WIN HAHAHAHA"
"okay, I'll def buy season's greetings 💀","okay, I'll def buy season's greetings 💀"
mami paampon po hahaha,"Mommy, please adopt me hahaha"
MA BAKET,MOM WHY
penge rin ako pambili hahaha,Give me money to buy too hahaha
MAS MARAMI KA PANG PERA KESA SAKIN EH,"YOU HAVE MORE MONEY THAN ME, EH"
HAHAHA DI KO SURE MAA. Bangon muna ako sa kahirapan chos haha new start pa lang so hindi pa hahahaha sana talaga dumami in the future di ba 🙏,"HAHAHA I'M NOT SURE, MOM. I need to recover from poverty first, just kidding haha, it's just a new start so not yet hahahaha I really hope it grows in the future, right 🙏"
"@COMELEC So ano yung napabalita na pag-bibigay ng palugit na sagutin ni Marcos? Di ba pwedeng pag wala wala? That's how this administrations work besides kahit meron nga ninanakaw ehhh, rmember Trillanes papers sa AFP. Duh...","@COMELEC So what about the news that Marcos was given an extension to respond? Can't it just be a 'no' if there's nothing? That's how this administration works, besides, even if there is something, they steal it, remember Trillanes' papers at the AFP. Duh..."
Harbor Square,Harbor Square
"Si yorme hahaha.
Wara man",Mayor hahaha. Nothing.
Nakikisuyo lang mag papic. Hahhaa,Just asking for a picture. Hahhaa
hahaha. Wara pa man. Baka sa lilipatan ko meron na. Hahhha,"Hahaha. Nothing yet. Maybe in my next place, there will be. Hahhha"
Mga oldies na kasi mga taga Davies Hahaha.,Because the people from Davies are oldies Hahaha.
Sa Suntrust na. Mga architect at engr na mga katrabaho ko.,Now at Suntrust. My co-workers are architects and engineers.
hahaha. sige pira muya mo? Hahaha pati si @fronteethalen ireserve ko na. 🤣,"hahaha. okay, how much do you want? Hahaha I'll reserve @fronteethalen too. 🤣"
arog kaan. may initiative.,Like that. With initiative.
hahhaa. grabe @fronteethalen nag pop up naman to 🤣🤣,hahhaa. gosh @fronteethalen this keeps popping up 🤣🤣
di ba. so true yung minanifest mo. may crush ka na dyan! hahaha,Right. What you manifested is so true. You already have a crush there! hahaha
"Today with @SB19Official
Si @stellajero_ as usual...
Full video soon :) #SB19OZMediaCon","Today with @SB19Official
@stellajero_ as usual...
Full video soon :) #SB19OZMediaCon"
"bakit naman hindi 'di ba stell HAHAHAHAH lahat ng jingle nila parang kanta na rin naman nila. 
@SB19Official #SB19
#SB19OZMediaCon #SB19OZAnnivConcert #SB19Anniv3rsary 
#Bazinga_SB19","Why not, right, Stell HAHAHAHAH all their jingles are like their own songs anyway.
@SB19Official #SB19
#SB19OZMediaCon #SB19OZAnnivConcert #SB19Anniv3rsary 
#Bazinga_SB19"
"Nalipasan ata ito ng gutom!! Ang maniwala dito, tabogo!!!🙄😩 ~ctto~",This person must have forgotten to eat!! Anyone who believes this is an idiot!!!🙄😩 ~ctto~
Spam yan mali-mali grammar. Di ba malalaman ang spam mail or anything similar  sa grammar and spelling?,"That's spam, the grammar is wrong. Can't you tell spam mail or anything similar by the grammar and spelling?"
It’s like saying that St. Luke’s Medical Center is NOT an accredited drug testing center. Baka magalit sa iyo ang Pathology Department ng St. Luke’s. 😏,It’s like saying that St. Luke’s Medical Center is NOT an accredited drug testing center. The Pathology Department of St. Luke’s might get angry at you. 😏
Ang opinyon ko Ms P sna sa PDEA nagpdrug test si BBM. Ksi ang purpose ng test nya is to prove that he is not a drug user. Sa akin lng walang mas mainam na venue ng drug test kundi sa ahensya ng govt na naghandle ng drugs.,"My opinion, Ms. P, is that BBM should have undergone drug testing at PDEA. Because the purpose of his test is to prove that he is not a drug user. For me, there's no better venue for a drug test than at the government agency that handles drugs."
Hospitals conduct drug testing na requirement when you get licenses from PDEA. But not all hospitals are accredited tapos nakalink din yun sa DOH and PDEA di ba nagpaparandom drug test nga din.,"Hospitals conduct drug testing as a requirement when you get licenses from PDEA. But not all hospitals are accredited, and that's also linked to DOH and PDEA, right? They even do random drug tests."
Its not the hospital's integrity and credibility thats in question. Its not either the  accuracy of the test result but it is the chance that a patient coming from a wealthy and influential family connived with the hospital staff to rig the result of the test.,"It's not the hospital's integrity and credibility that's in question. It's not either the accuracy of the test result, but it is the chance that a patient coming from a wealthy and influential family connived with the hospital staff to rig the result of the test."
Insomnia agad? Di ba pwedeng Insufficent sleep muna🤣🤣🤣🤣,Straight to insomnia? Can't it just be insufficient sleep first? 🤣🤣🤣🤣
totoo na ba? wala talagang t-ara on palette? 😢,Is it true? There's really no T-ARA on Palette? 😢
"may summer comeback pa raw next year, hopefully","They say there's a summer comeback next year, hopefully."
"OOOH THAT'S NICE hopefully nga sa summer!! but still, i miss iu so much di ba pedeng ngayon na sila magguest hahahaha","OOOH THAT'S NICE hopefully for summer! But still, I miss IU so much. Can't they guest now? Hahahaha."
baka di nakapag-shoot si ate girl dahil nag-quarantine,Maybe 'ate girl' couldn't shoot because she was in quarantine.
"Itest ko kung ano bagay sa Cafe sa meryenda nato.
Potoseko
Ube
Tengang daga
Biskocho
Hopia
Putragis - di ko alam yung isa😂🤣",I'll test what goes well with coffee from these snacks.
"Pilipit o bitsu bitsu ka Emong. Tsaka yung kape, di ba Rosaryo kasama nyan?","Pilipit or Bitsu-bitsu, Emong. And the coffee, doesn't it come with Rosaryo?"
di ako sure bossing hehehe,"I'm not sure, boss, hehehe."
"Bat ganon tingin nila lagi sakin antanda kona, di ba pwedeng matangkad lang😭",Why do they always look at me like I'm old? Can't it just be that I'm tall? 😭
Oh di ba kakaopen ko lang ng Twitter ulet may na mine na ko agad 😩😩,"Oh, right? I just opened Twitter again and I already found something to claim. 😩😩"
never knew college applications would be thiss hard :')) i j wanna cri,Never knew college applications would be this hard :')) I just want to cry.
DIBA SHSHSHSH andaming documents kailangan tapos andaming babayaran 😭😭 like di ba pwedeng enroll nalang agad,"RIGHT?! So many documents needed, then so much to pay. 😭😭 Like, can't we just enroll right away?"
kinilig raw ako kanina. Bat di ba halata? 😂,They said I got excited earlier. Isn't it obvious? 😂
"Paging Mike Navallo..
Di ba pinapalabas pa ng timang na to na bias ka at di mo daw kinuha side nya dati during nung hearing sa franchise..
Anong nangyare..?",Paging Mike Navallo.. Didn't this foolish person make it seem like you were biased and didn't get his side during the franchise hearing back then? What happened..?
"Kay sigla ng gabi ang lahat ay kay saya
Nagluto ang ate ng manok na tinola
Sa bahay ng kuya ay mayrong litsunan pa
Ang bawat tahanan may handang iba't iba
Tayo na giliw magsalo na tayo
Mayron na tayong tinapay at keso
Di ba Noche Buena sa gabing ito
At bukas ay araw ng Pasko","How vibrant the night, everyone is so happy. My older sister cooked chicken tinola. At my older brother's house, there's even lechon. Every home has different dishes prepared. Let's go, my dear, let's share a meal. We now have bread and cheese. Isn't it Noche Buena tonight? And tomorrow is Christmas Day."
did just kumi said she studied english in Cebu 5 years ago?? Did i heard it right?? I keep replaying it,Did Kumi just say she studied English in Cebu 5 years ago?? Did I hear it right?? I keep replaying it.
DI NGA?!,NO WAY?!
"did sure kung tama pagkakadinig ko, pero kasi di ba marami nag-aaral talaga na japanese sa cebu?? Wait send ko sayo yung link","I'm not sure if I heard it right, but don't a lot of Japanese people really study in Cebu?? Wait, I'll send you the link."
pati si mnm nag-aral ng english sa cebu may mga pinoy pa nga na nakapagchat sa kanya on fb HAHAHAHA,"Even Mnm studied English in Cebu, and some Filipinos even chatted with her on FB HAHAHAHA."
grabe katuwa naman 😭 kaya pala yung mga accent medyo Pinay CHAROT,"Wow, that's so amusing 😭 No wonder the accents are a bit Pinay, JUST KIDDING."
I think that's true,I think that's true.
"yung 6,500 nasa cash in bank lang pala di pa nagpakita, pinatagal pa siraulo talaga","The 6,500 pesos was just in cash in bank, it didn't show up, that idiot prolonged it."
Dasurvvv ko naman to di ba? di ba? Hahaha,"I deserve this, don't I? Don't I? Hahaha."
jay uwi ka kay mhie tine,"Jay, go home to Mhie Tine."
🕯Manifestingggg🕯,🕯Manifestingggg🕯
dasurb,Deserved.
It😞 reALly 😭huRts😘 AnG😨m@gm4h4l😨 ng gAni2 🤫🤭kUnG cno🤭😰 phAng pInili kø 😰😯hiñdi 😳😳mhAkUha😤 Ng buø 😤hAngG@Ng g@nUn n4😰😰 l4ng ng4😞😞k@ilANg4n kØ tØng🤜✊ t@nGg4pin n@ s4 phUxxo 😤mHø😭😘👍 mhErhØn 😤nA 😍😰ngh@ng 😤ib4ng UmA4ngkin😃😆 +,"It really hurts to love like this, especially since the one I chose couldn't be fully mine. It has to be this way. I need to accept this in my heart that someone else is already claiming it."
Kala mo di masakit 😤😣yung mga pinag sasasabi mo saken?🅾️⁉️🔴 Napatay gutom ako?😭🧛Baket di ba yon masakit?👹🥴 E ikaw nga hinuhuli mo yung kalapati e ☣️♍️ sabi nya tara joela hulihin naten yung kalapati🏹🐦 kuhain naten 🦴🦴🍽oh siya yun siya yun 👎👊🖕sya pa na ninisi hati ng,"You think what you said to me wasn't painful? Did I starve? Why isn't that painful? You're the one catching pigeons, he said, ""Come, Joela, let's catch the pigeon, let's get it."" Oh, that's him, that's him, he's still blaming me."
"Kung 'di lang sana nicancel ni The Show 'yong broadcast last week, edi sana...","If only The Show hadn't canceled the broadcast last week, then..."
Minsan talaga 'tong the show wala sa timing.,Sometimes The Show really has bad timing.
Di ba grr 😭,"Isn't it, grr 😭"
May di ba kayang gwin si sunbin? Grabe gnda gnda na nya nag aacting nagmomodel sumasayaw kumakanta pa,"Is there anything Sunbin can't do? She's so beautiful, she acts, models, dances, and sings too."
"Wait, di ba ang St. Luke’s ay nasa barangay Fort Bonifacio? 🤔","Wait, isn't St. Luke's in Barangay Fort Bonifacio, Ususan Taguig? 🤔"
"No such physician named MA. CECILIA LIM. EVEN TRIED, MA. CECILIA FERNANDEZ INCASE THE DOCTOR'S MAIDEN NAME WAS USED IN HER LICENSE AND WAS NOT YET UPDATED AFTER MARRIAGE.
PATI DOCTOR FAKE. THE SLMC SHOULD CALL THIS OUT.","No such physician named MA. CECILIA LIM. EVEN TRIED, MA. CECILIA FERNANDEZ INCASE THE DOCTOR'S MAIDEN NAME WAS USED IN HER LICENSE AND WAS NOT YET UPDATED AFTER MARRIAGE. EVEN THE DOCTOR IS FAKE. THE SLMC SHOULD CALL THIS OUT."
May umappear na name sa isang website. Siya kaya yan? Baka hindi pa updated license ni doktora? Lol,A name appeared on a website. Is that her? Maybe the doctor's license isn't updated yet? Lol.
TOTOO BA YON INISTORY NI KEN SI STELL HA.,IS IT TRUE THAT KEN POSTED STELL ON HIS STORY?
DI BA AKO NAMIMILIK MATA,AM I HALLUCINATING?
ILALAYAG NA YAN KASI GENUINE ANG KYCHIE DI BA?@ABSCBN MAS MASAYA AT MASARAP MAG SUPPORT SA TOTOO KEYSA SA KILIG YAN,"THEY'RE SAILING THAT SHIP BECAUSE KYCHIE IS GENUINE, RIGHT? @ABSCBN IT'S HAPPIER AND MORE SATISFYING TO SUPPORT WHAT'S REAL THAN JUST KILIG (CRUSH FEELS)."
Anong nangyari kay Eleazar? Biglang nagbago ang tono? Disappointed ako bigla sa kanya. Di ba mataas ang position niya sa PNP during the war on drugs? Grabe in the name of politics and personal ambition nasira integrity nitong taong to. Nakakalungkot at nakakagalit.,"What happened to Eleazar? His tone suddenly changed? I'm suddenly disappointed with him. Didn't he hold a high position in the PNP during the war on drugs? Wow, in the name of politics and personal ambition, this person's integrity was ruined. It's saddening and infuriating."
"ay draw ko na pala yung dilemma normal ver, check your entry!","Oh, I've already drawn the dilemma normal version, check your entry!"
pde naman humabol ate ella di ba?  i believe ako na to dahil malapit na ang bday ko 🤩,"Can I still catch up, Ate Ella, right? I believe it's me because my birthday is coming soon! 🤩"
draw ko after 7 min,I'll draw it after 7 minutes.
"Ang GW stan at Bbw magkaiba po. Kaming mga GW stan ay nagbibigay ng respeto sa dalawa. Kung san sila masaya, dun kami. Di naman po maiiwasan mag delulu kasi syempre GW stan nga eh. And di naman namin pinipilit mag CB ang dalawa. Hiling lang namin kay tadhana hwag mapagod.","GW stans and BBW are different. We GW stans give respect to both. Wherever they are happy, we are there. We can't avoid being delulu because, well, we're GW stans. And we're not forcing them to have a comeback. We just wish fate won't get tired."
"Accepted na po namin wala na ang dalawa. BREAK NA. Pero di ba pagmahal mo, kahit anong pagod and sakit na, mamahalin mo pa rin sya. Ganun kami mga GW stan. May FOREVER si D and J sa amin.","We've accepted that the two are no longer together. They've broken up. But when you love someone, no matter how much effort and pain, you still love them. That's how we GW stans are. D and J have FOREVER with us."
"Gilbert, binabayaran pa rin natin yang kinulimbat until 2025. Ang laki ng inutang ng mga Marcos sa sambayanan ha, tapos hindi nila ibabalik? Aba sinuswerte.","Gilbert, we are still paying for that stolen money until 2025. The Marcoses borrowed so much from the people, and they won't return it? How lucky."
Cya lng ba ang president na nangutang?Puro nlng ba kayo magnanakaw?di ba puro not guilty ung mga kaso nila.gsing at move on na kayo.saka kng halimbawa makuha nia un mga ninakaw na yang sinasabi mo bibigyan ka ba?,"Is he the only president who borrowed money? Are you always just calling them thieves? Didn't their cases all end up with 'not guilty' verdicts? Wake up and move on. And if, for example, he gets back what you claim they stole, will you be given any?"
hulaan niyo na lang kung ano yung tama sa fake profile ko 😔 HAHA,Just guess what's true in my fake profile 😔 HAHA.
"""My gf won't knaurrrrr"" asdhfkdk","""My gf won't knowrrrrr"" asdhfkdk."
Buti pa siya may jowa na di ba hahahuhu,"At least she has a partner, right? Hahahuhu."
Tara kila Chachi HAHAHAHA,Let's go to Chachi's HAHAHAHA.
Di ba pwede beer,Can't we have beer?
‘di ba pwedeng ngayon na,Can't it be now?
TANGINA,DAMN IT.
di ba bffs tayo 😄😄😄😄😄😄 mine na pi😄😄😄😄😄,"Aren't we BFFs? 😄😄😄😄😄😄 Claim it, please! 😄😄😄😄😄"
ay bffs pala tau,"Oh, we're BFFs."
so ba't mo nilike @naeviiz 😠😠,"So why did you like it, @naeviiz 😠😠"
napaka bastos talaga ni2 kaya walang nag kaka croomf eh,"This person is really rude, that's why nobody ever gets with them."
crush mo ko di ba?,"You have a crush on me, right?"
Nakakagulat naman kayo bakit bigla-biglang Chaeryeong ibinigay niyo sa akin na port sa sayaw😭,"You guys surprised me, why did you suddenly give me Chaeryeong's part in the dance? 😭"
"Madadaan naman ata ‘to sa dasal, ‘di ba??","This can probably be solved with prayer, right?"
St Lukes sa Ususan Taguig?? Brgy. Fort Bonifacio yun di ba?,"St. Luke's in Ususan, Taguig?? That's Brgy. Fort Bonifacio, right?"
di ba 49 lang to dati? pano ung nakapagbayad na?,Didn't this used to be just 49? What about those who already paid?
"""did you fart?"" 😭 #jirisan","""did you fart?"" 😭 #jirisan"
HAHAHAHHAHAHAHAHA 🤣🤣,HAHAHAHHAHAHAHAHA 🤣🤣
nanisi agad HAAHAHHAHA,Immediately blaming HAAHAHHAHA.
HAHAHAHHAHAHAHA ganyan yan si juji pero siya talaga eme 🤣🤣,"HAHAHAHHAHAHAHA that's Juji, but it's really him, I'm just kidding 🤣🤣"
di ba sa direksyon nya naamoy ni jihyun 😌 char HAHAHAHA LABYU JUJIIII KAHIT IKAW TALAGA YON,Isn't it from his direction that Jihyun smelled it? 😌 Just kidding HAHAHAHA LOVE YOU JUJI! EVEN IF IT WAS REALLY YOU.
HHAHAHAHAHHHHA AMININ MO NA JUJI NORMAL LANG NAMAN UMUTOT 🤣🤣,"HHAHAHAHAHHHHA ADMIT IT, JUJI, FARTING IS NORMAL 🤣🤣"
NASA GUBAT NAMAN DI MASYADO AMOY HAHAHHAHA,"WE'RE IN THE FOREST, IT WON'T SMELL TOO MUCH HAHAHHAHA."
"Missyou bestieee @ribsrep 😭😭😭 sorry ia, lubog na lubog talaga sa acads aaaAAAA labyu","Miss you bestieee @ribsrep 😭😭😭 sorry, I'm really, really swamped with academics, aaaAAAA love you."
Itsura mo @chickenvcz hAHAHAHAh,"Your face, @chickenvcz hAHAHAHAh."
"Sa PDEA ka dapat mag test para may expertise at accurate.
Fake results n nman ni hoaxford yan.
Sinungaling bbm coke.",You should test at PDEA for expertise and accuracy. Those are just more fake results from hoaxford. Lying BBM coke.
"Alam naman natin money talks, Bongbong Jr. can buy anything to produce fake results. Eh siya si Boy Recto, di ba?","We all know money talks, Bongbong Jr. can buy anything to produce fake results. He's Boy Recto, right?"
"If your comrades have different political viewpoint from you hindi mo talaga pwd iinsists yong sa iyo. Josh telling that shows respect to other members. That tricky question expecting a concrete answer are some artists' pitfalls.👍👏
@SB19Official    #SB19","If your comrades have different political viewpoints from you, you really can't insist on yours. Josh telling that shows respect to other members. That tricky question expecting a concrete answer is one of artists' pitfalls.👍👏 @SB19Official #SB19"
again hindi ako pc collector.... hindi nga ako tinablan dun sa mkmon pob na may rabbit dito pa kaya.... di ba?....,"Again, I'm not a PC collector.... I wasn't even tempted by the MKMON pob with the rabbit, so why would I be now? .... Right?...."
I never understand why our government always take the public transport drivers so lightly because Batswana ended up being the ones suffering.,"I never understand why our government always takes public transport drivers so lightly, because Batswana ended up being the ones suffering."
Bone batho ba sa reetseng baitse bone ba nale dikoloi ga di ba ame,"Those people who don't listen, they know they have cars, so it doesn't affect them."
umaga hanggang gabi yung nagkakaraoke dito sa kapitbahay ano di ba kayo mapapagod,"From morning till night, the neighbors are doing karaoke, aren't you guys getting tired?"
sorry sino ba naman ako para umidlip sabi ko nga aantayin ko na lang mapagod kayo 🥲,"Sorry, who am I to nap? I said I'll just wait for you to get tired 🥲"
finally found binder sleeves that is suitable for the carat kit binder and kasya yung non standard size pcs tapos 200 slots pa since back to back siya and affordable oh di ba pwede na ako endorser hahahaha,"Finally found binder sleeves that are suitable for the carat kit binder and can fit non-standard size PCs, plus 200 slots since it's back-to-back and affordable. Oh, right, I can be an endorser now! Hahahah."
"they gave me: straight
i am: bi (i think)
they gave me: 5'4
i am: 4’11 na minsan 5'0
they gave me: hmmm taken
i am: single and ready to mingle (open dms ko emz)
they gave me: filipino
i am: filipino
reply and i'll tell you what I think based on your profile!
reply na dali !","They gave me: straight. I am: bi (I think). They gave me: 5'4. I am: 4'11, sometimes 5'0. They gave me: hmmm taken. I am: single and ready to mingle (my DMs are open, just kidding). They gave me: Filipino. I am: Filipino. Reply and I'll tell you what I think based on your profile! Reply now, quick!"
loe po,"Hello, po."
"they gave me: straight
i am: 
they gave me: 5’0 (tama di ba?!?? like we both smol?)
i am: 
they gave me: taken ni jk tas nung crushie mo i believe
i am: 
they gave me: filipino
i am:","They gave me: straight. I am: . They gave me: 5'0 (right?!?? like we're both small?). I am: . They gave me: taken by JK and your crush, I believe. I am: . They gave me: Filipino. I am: ."
"they gave me: straight
i am: straight 
they gave me: 5’0 (tama di ba?!?? like we both smol?)
i am: 4’11 - 5’0 nahiya height natin kay @cartkth HAHAHA 
they gave me: taken ni jk tas nung crushie mo i believe
i am: taken by both 😂
they gave me: filipino
i am: dalagang filipina","They gave me: straight. I am: straight. They gave me: 5'0 (right?!?? like we're both small?). I am: 4'11 - 5'0, our height is shy compared to @cartkth HAHAHA. They gave me: taken by JK and your crush, I believe. I am: taken by both 😂. They gave me: Filipino. I am: a Filipina maiden."
so true mukha tayong bata compared kay shane hesos… ALSO OFFICIAL NA !???,"So true, we look young compared to Shane, Jesus... ALSO, IS IT OFFICIAL!???"
"Oo HAHAHAHAHAH parang mga little sisters lang tayo ni shane @cartkth pabili po ng pcs ate HAHAHA 
Soon to be official with crushie pero ako lang may alam HAHAHHAHA","Yes HAHAHAHAHA We're like little sisters to Shane @cartkth. Can I buy some PCs, ate? HAHAHA. Soon to be official with crushie, but only I know HAHAHHAHA."
hoi mababa lang ako fake news ang 5’7!!!,"Hey, I'm short, 5'7 is fake news!!!"
tanginang mababa yan,"What the hell, that's short."
ano?? Bakit ano?? Di ba yon tao?? Nuyon aso??,"What?? Why what?? Isn't that a person?? What, is it a dog??"
"Yung iba nagngangawa pa sa media, anytime anywhere daw magdrug test, yung iba nagpamedia pa. Pero si bbm tahimik lang, walang media but he gets things done! Classy answer to cheap blind items.","Others are still complaining in the media, anytime, anywhere for a drug test, others even went to the media. But BBM is just quiet, no media, but he gets things done! Classy answer to cheap blind items."
Perfect example talaga sya to many Pilipino. Yung level ng discipline and intelligence sarap gayahin. Action speaks louder than words talaga. Man of action. #BBMIsMyPresident2022,He really is a perfect example for many Filipinos. The level of discipline and intelligence is admirable. Action truly speaks louder than words. A man of action. #BBMIsMyPresident2022
Ito pala full version. Di ko alam kung bakit nacut huhu Basta ang funny yawa shdjdhsjd,"This is the full version. I don't know why it got cut, huhu. It's just so funny, damn it, shdjdhsjd."
Ang brainy di ba hahahaha,"So brainy, right? Hahahahaha."
TAKBUHAN TALAGA TO SI OATRY PAG NASA LAYLAYAN NA E GO SIR CARRY EM ALL,"Oatry is really the one to run to when things are down, GO SIR, CARRY EM ALL."
SINO SI OATRY PATRY KASI,"WHO IS OATRY, IT'S PATRY."
base ang imong IG is naka-link sa FB 😆😅 wtf hahahahahahaha congrats gaaa 😚,"Based on your IG, it's linked to FB 😆😅 wtf hahahahahahaha congrats, girl 😚"
"yeah, I was thinking kung ako rin magkakaroon soon 😔 medyo worried 😟 basta I'm happy for you, Chemaii. Malamang madaldal din yan 😅","Yeah, I was thinking if I'll also have one soon 😔 I'm a bit worried 😟 but I'm happy for you, Chemaii. They'll probably be talkative too 😅"
"Isa talaga yun sa mga worries kooo at minsan ang sakit isipin haha legit nagiging midnight thoughts ko yan 🥲 sana nandito ka hahahahahhahaha 😔 anw, pag madaldal sakin agad mana? Di ba pwedeng kay Ate Jane muna? hahahahahahaha","That's really one of my worries and sometimes it hurts to think about, haha. It legit becomes my midnight thought 🥲 I wish you were here hahahahahhahaha 😔 Anyway, if they're talkative, will they immediately take after me? Can't they take after Ate Jane first? hahahahahahaha"
Haha edi sanaol di ba?,"Haha, I wish everyone had that, right?"
"lemme try this huhu xx 
pero sino b nmn ako di'ba huhu sige 😔🤙🏻","Let me try this, huhu xx but who am I, right, huhu? Okay 😔🤙🏻"
museum date na agad oh,Let's go on a museum date right away!
"movie date, coffee date, ukay date 🥺🥺🥺","Movie date, coffee date, thrift store date 🥺🥺🥺"
YES PLS,YES PLEASE
Hehe 😳😉,Hehe 😳😉
ayan po ang when,There's the 'when'.
"Date, like eat outtt","Date, like eat outtt"
GGGG I WOULD LOVE THATT,GGGG I WOULD LOVE THAT
def would date u if i could,Def would date you if I could
Datee!!,Datee!!
...😶,...😶
tangina talaga ng grammys forever magsara ka na,"The Grammys are really effing annoying, just shut down forever."
"di ba looped in?
o parroting lang kasi epal silang pamilya",Weren't they looped in? Or are they just parroting because they're an annoying family?
"Alam naman pwde trace yung # di ba?
Also baka ang delivery services pwede gamitin yung (check) rating.","They know the hashtag can be traced, right? Also, maybe delivery services can use the (check) rating."
Paano po mag glass skin? Rejuv set ba? 🤣😭,How do you get glass skin? Is it a rejuv set? 🤣😭
Following this thread haha,Following this thread haha
Hahaha di ba. Nakaka intriga yan rejuv na yern,"Hahaha, right? That rejuv set is intriguing."
ANG SAKIT NA NG PANGGA KO EVE TAMA NA😭😭,"MY DARLING IS HURTING SO MUCH, EVE, STOP IT😭😭"
DI BA PWEDENG UNG SOFTIE SHUA NLNG😭,CAN'T IT JUST BE THE SOFTIE SHUA INSTEAD😭
"yun oh, out na ko sa work !! tangina nakaka urat !! musta gabi niyo??","Oh, I'm off work!! Damn, it's so frustrating!! How was your night??"
Walang maganda sa gabi ko ngayon😃,My night isn't good tonight 😃
ayy malungkot to ahh,"Aww, this is sad."
sige isasama ko kayo sa pagdadasal ko !! :D,"Okay, I'll include you in my prayers!! :D"
hala?? :(( di ba maganda?,Oh no?? :(( Is it not good?
Di ba ganito ang format ng lab test results ng St. Luke's?,Isn't this the format for St. Luke's lab test results?
Libre ang internet marami ka matutunan pag sinearch mo ung format ng drug result sa pinas,"The internet is free, you can learn a lot if you search for the format of drug results in the Philippines."
Magkaiba po ang drug result sa covid result.,Drug test results and COVID test results are different.
"BBM not going clean even on his drug testing will always put doubts on his actions. All he must do is go to PDEA and submit himself for drug testing there. Submitting a drug test result to PDEA will not clear all doubts, it only strengthens these doubts.","BBM not going clean even on his drug testing will always put doubts on his actions. All he must do is go to PDEA and submit himself for drug testing there. Submitting a drug test result to PDEA will not clear all doubts, it only strengthens these doubts."
Nothing can ever satiate haters.,Nothing can ever satiate haters.
Nothing can ever satisfy the people than to see the Marcoses paying for the evils they did to the country. They must return all the loot they took and must be imprisoned to give justice to all the victims of human rights viilations during Martial Law.,Nothing can ever satisfy the people than to see the Marcoses paying for the evils they did to the country. They must return all the loot they took and must be imprisoned to give justice to all the victims of human rights violations during Martial Law.
"For 30 years 2 Aquinos became Presidents, why they were not able to put in jail the Marcoses? Lol","For 30 years 2 Aquinos became Presidents, why they were not able to put in jail the Marcoses? Lol"
"Well, that is a question I am begging for an answer too. But that does not erase the fact that the Marcoses did commit atrocities during their regime. What with the P174B ill-gotten wealth already recovered and a legislated martial law human rights victims compensation act?","Well, that is a question I am begging for an answer too. But that does not erase the fact that the Marcoses did commit atrocities during their regime. What with the P174B ill-gotten wealth already recovered and a legislated martial law human rights victims compensation act?"
"Your Honor, babaan mo na kasi ng hatol kasi kumpleto ka naman pala ng ebidensya. Issue-han mo na din kasi ng Commitment Order para makulong na. Di ba GUILTY naman sila per your expert opinion? Benet ne!!!","Your Honor, please lower the verdict because you already have complete evidence. Issue the Commitment Order so they can be imprisoned. Aren't they GUILTY according to your expert opinion? That's enough!!!"
di ba kayo napapagod kasi ako oo,Aren't you guys tired? Because I am.
"sobrang effort, nakaka-iyak","So much effort, it makes me want to cry."
diba parang nakakaiyak ung message,Doesn't the message almost make you want to cry?
pinapahirapan nyo sarili nyo idm nyo na si yumi torpe pa e,"You're making it hard for yourselves, just DM Yumi, he's too shy."
NAKATANGGAP NG KATOL SI MOMMY MOCHI TULUNGAN NYO AKO DI AKO MAKAHINGA SA TAWA,"MOMMY MOCHI RECEIVED MOSQUITO COIL, HELP ME I CAN'T BREATHE FROM LAUGHING"
"“sino kumain na baon ko na puto? isuka nyo yan!"" HAHAHAHHAHAHAHAHAHAHHAHAHAHAH",“Who ate my puto (rice cake) snack? Throw it up!” HAHAHAHHAHAHAHAHAHAHHAHAHAHAH
TITA JIN NAKATANGGAP NG MALAKING BOX PERO PAGBUKAS ISANG BOX HANGGAMG SA LUMIIT TAPOS MALIIT NA HIKAW 😭😭,"TITA JIN RECEIVED A BIG BOX, BUT WHEN SHE OPENED IT, IT WAS BOX AFTER BOX UNTIL IT BECAME SMALL, AND THEN A TINY EARRING 😭😭"
feeling ko narinig na kayo ng parents ko sa kabilang room,I feel like my parents in the other room heard you guys.
"hoonie bakit ka naman kasi naligo sa maduming ilog, ilog ba or basurang ilog? 😭😭","Hoonie, why did you bathe in a dirty river, was it a river or a garbage river? 😭😭"
wait lang di nakikinig si kyra HAHAHHAHAHAHHA,"Wait, Kyra isn't listening HAHAHHAHAHHA"
bago mo sabununtan check mo muna hoonie #5GSpace,"Before you pull hair, check first, Hoonie #5GSpace"
"“sarap kaya maging maliit, madami lalake na matatangkad” #5GSpace delikado ka naman hoonie grabe malala ka naa","“It's fun to be small, there are many tall guys.” #5GSpace Hoonie, you're in danger, seriously, you're getting worse."
gusto ko dito sa space kasi si tita jin kaboses ni ate beomii 😭 #5GSpace,I like being in this space because Tita Jin sounds like Ate Beomii 😭 #5GSpace
onyonyonyo 2g nawala nanaman,Onyonyonyo 2G is gone again.
GAGI HOONIE NARANASAN MO NA GUMAMIT NG NAPKIN???? #5GSpace,"DUDE HOONIE, HAVE YOU EVER USED A NAPKIN???? #5GSpace"
cancel onyonyonyo 2g sya today.. #5GSpace,Cancel Onyonyonyo 2G today.. #5GSpace
tita jin do “welcome to Philippine Airlines” #5GSpace,"Tita Jin, do “welcome to Philippine Airlines” #5GSpace"
MAGIC LAND TITA JIN?? #5GSpace,"MAGIC LAND, TITA JIN?? #5GSpace"
omg i miss enchanted kingdom!! 😭 #5GSpace,"OMG, I miss Enchanted Kingdom!! 😭 #5GSpace"
buti nalang nahanap ko space nila tita jin kasi makakatulog na ako sa ibabaw ng modules ko,Good thing I found Tita Jin's space because I was about to fall asleep on top of my modules.
"""huh? may itlog si beomii?"" HAHAHAHHA SI ITLOG NI BOMI OO NAALALA KO YUNNN","""Huh? Beomii has an egg?"" HAHAHAHHA BOMI'S EGG, YES I REMEMBER THATTT"
huy hindi nanadito pa din ako #5GSpace,"Hey, I'm still here #5GSpace"
anong buhangin ano kami nakatira sa dagat #5GSpace,What sand? Do we live by the sea? #5GSpace
GRABE KAYO AYAW NYO SI ITLOG NI BOMI SA SPACE HAHAHAAHHAHAHHA,"YOU GUYS ARE AWFUL, YOU DON'T WANT BOMI'S EGG IN THE SPACE HAHAHAAHHAHAHHA"
“pag di ka makatulog may nag iisip sayo” hoonie wag mo akobg ginaganyan malapit na mag 5am #5GSpace,"“If you can't sleep, someone is thinking of you.” Hoonie, don't do that to me, it's almost 5 AM #5GSpace"
si lord na bahala sa pusa ko na kanina pa tumatahol #5GSpace,Lord will take care of my cat that has been barking for a while #5GSpace
wala na akong naintindihan sa convo basta sinabi ni mommy mochi “may kodigo yung bakla kong kaklase”,"I didn't understand anything from the conversation, as long as Mommy Mochi said, ""My gay classmate has a cheat sheet."""
"may lalake sa campus magaling sumayaw, muka daw koryano he looks like a group from a dancing group, they stalked the guy kung saan saan. pinasok pa nila yung toilet HAHHAHHAHA #5GSpace","There's a guy on campus who dances well, he looks Korean, like he's from a dancing group. They stalked the guy everywhere. They even went into the toilet HAHHAHHAHA #5GSpace"
"university week daw, may isa tapos IT student daw. unit sila ng apartment, sigaw sigaw sa bench si mommy mochi","It's university week, there's one, and he's an IT student. They're in an apartment unit, Mommy Mochi is shouting on the bench."
"no, wala akong balak matulog i still need to do my module tambak na aku","No, I have no plans to sleep, I still need to do my module, I'm piled up with them."
"“ate, ate i need-”
“WHAT DO YOU NEED?!”","“Ate, Ate I need-”
“WHAT DO YOU NEED?!”"
nag rant po si mommy mochi dahil sa grammy kay tita jin 😭,Mommy Mochi ranted to Tita Jin about the Grammys 😭
skl nawawala na blackheads ko sa nose bcz of silka papaya foam wash 😤 thank you sm worth it,"Just sharing, my blackheads on my nose are gone because of Silka Papaya Foam Wash 😤 thank you so much, it's worth it."
si tita jin hindi na nagsasalita #5GSpace 2G si tita jin,Tita Jin isn't talking anymore #5GSpace Tita Jin is 2G (slow connection).
SABI KO NA WALANG NARIRINIG SI TITA JIN E HAHAHHA #5GSpace,"I KNEW TITA JIN WASN'T HEARING ANYTHING, HAHAHHA #5GSpace"
“sabihin mo kay alexa mo linis linisin nya muna tenga nya” HAAHAHAHAHAHAHHHA #5GSpace,“Tell your Alexa to clean her ears first.” HAAHAHAHAHAHAHHHA #5GSpace
natatawa ako sa tawa ni tita jin HAHAHAHAHHAHIWBAJAB #5GSpace,I'm laughing at Tita Jin's laugh HAHAHAHAHHAHIWBAJAB #5GSpace
"zambales here
06
#5GSpace 
skl kase di nyo pa ako ininterview","Zambales here
06
#5GSpace
Just sharing because you haven't interviewed me yet."
MAY ATE NA DIN SILA TITA JIN AT MOMMY MOCHI 😭,Tita Jin and Mommy Mochi also have an Ate (older sister/friend) now 😭
"“grabe talaga yung grammy, napaka r4c1st (?) , and they used BTS for clout chasing” very true #5GSpace","“The Grammys are really racist (?), and they used BTS for clout chasing.” Very true #5GSpace"
"salamat nalang sa history ko, if magka history about canada dito HAHAHHAHAHAHA #5GSpace","Thanks anyway to my history, if there's history about Canada here HAHAHHAHAHAHA #5GSpace"
matutulog na ako inaantok na mata ko 😭😭 BYEEE! i enjoyed tita jin and mommy mochis space :):) #5GSpace,"I'm going to sleep, my eyes are sleepy 😭😭 BYEEE! I enjoyed Tita Jin and Mommy Mochi's space :):) #5GSpace"
Parati talaga naka smile si CEO. *pokes cheek 😂,The CEO is always smiling. *pokes cheek 😂
oo mukhang mabait c CEO,"Yes, the CEO looks kind."
"Di ba, mukhang magbibigay ng 20th month bonus! 😉😉😉😄","Right, looks like they're going to give a 20th-month bonus! 😉😉😉😄"
Oo yung ceo na malaki binibigay na bonus hhahahhaa,"Yes, the CEO who gives big bonuses hahhahhaa"
"Lakas talaga ng Chemistry ng dalawang to may naalala akong hindi din mapaghiwalay nung Chanacc Days 🤣
#SamLy","These two really have strong chemistry, it reminds me of a pair that couldn't be separated during the Chanacc Days 🤣
#SamLy"
#FD lang ang peg nila 🤭😂😊,They're just like #FD 🤭😂😊
Di ba parang si Sam si F tas si Aly si D ❤️,"Right, like Sam is F and Aly is D ❤️"
"True,since nag umpisa pbb 10 and nakita ko sila fd lagi kong nakikita sa kanila uyy 😅","True, ever since PBB 10 started and I saw them, I always saw FD in them, uyy 😅"
nakakagutom talaga,It really makes me hungry.
"VP LENI WILLING TO WORK WITH INDAY SARA?
In her interview with Rated Korina, Vice President Leni Robredo said she is willing to work with vice presidential aspirant Sara Duterte if both of them win in the 2022 elections.","VP LENI WILLING TO WORK WITH INDAY SARA?
In her interview with Rated Korina, Vice President Leni Robredo said she is willing to work with vice presidential aspirant Sara Duterte if both of them win in the 2022 elections."
hahaha..asa kapa jan !lugaw talaga ang utak!,Hahaha... you're dreaming! Your brain is really a mess!
Teka soft hours muna ako kay @jah447798 kasi you can clearly see how successful he is. His fingers are in so many pies and yet he excels in everything he does. Lagi pang naglelevel up performances niya. Pero yung perf niya sa BITZ kitang kita yung doubts niya sa sarili niya. 🥺,"Wait, I'll have soft hours for @jah447798 because you can clearly see how successful he is. His fingers are in so many pies and yet he excels in everything he does. His performances always level up. But in his BITZ perf, his self-doubts were very evident. 🥺"
"I know he’s only human and may self-doubts talaga tayo kahit gano pa tayo kasuccessful. Pero it only goes to show how humble he is. 🥺 kahit gaano mo idoubt sarili mo, Jah, andito lang kaming mga mais mo. Labyu 🥺","I know he's only human and we all have self-doubts no matter how successful we are. But it only goes to show how humble he is. 🥺 No matter how much you doubt yourself, Jah, we your Mais are here. Love you 🥺"
"Kinilig ako nung nag-introduce ako sa batch namin tas fun fact ko a’tin ako ito yung chinat ng batchmates ko. HUHU FACE OF PPOP NA TALAGA KAYO @SB19Official!!!
#SB19","I got giddy when I introduced myself to our batch and my fun fact was that I'm an A'TIN. This is what my batchmates chatted about. HUHU YOU ARE REALLY THE FACE OF PPOP @SB19Official!!!
#SB19"
"Tas naka what? hoodie pa ako that time tas nung tinawag ako may nagchat agad ng “A’tin!” 😭😭
@SB19Official #SB19","And I was wearing a what? hoodie at that time, and when I was called, someone immediately chatted ""A'TIN!"" 😭😭
@SB19Official #SB19"
SA NAGKALAT NA 3AM DAW YUNG SHOW ! HINDI NA AKO NAKATULOG ! DM MOKO MAG USAP TAYO !,"TO WHOEVER SPREAD THE RUMOR THAT THE SHOW WAS AT 3 AM! I COULDN'T SLEEP! DM ME, LET'S TALK!"
UNO ANG ALAM KO DIKA TALAGA NATUTULOG TIKTIK KABA?,"UNO, I KNOW YOU REALLY DON'T SLEEP, ARE YOU A SPY?"
ROR ROR ROR HAHAHAAHAHAHAHAHAHAHAHAHAHAHAHAHAHAHAHA MYGOSH UNO AND SUNNY 😭😭😭,ROR ROR ROR HAHAHAAHAHAHAHAHAHAHAHAHAHAHAHAHAHAHAHA MYGOSH UNO AND SUNNY 😭😭😭
DAHIL BA SA DN NYA TAPOS UN KO? HHAAHAHAHAHAHA AKALA DIN NG IBA IISA LANG KAMI NI SUNNY PERO HINDI TALAGA,IS IT BECAUSE OF HIS DN AND MY UN? HHAAHAHAHAHAHA OTHERS ALSO THOUGHT SUNNY AND I WERE THE SAME PERSON BUT WE'RE NOT REALLY.
PERO TBH FRIENDS KAMI NI SUNNY IRL ACTIVE LANG TALAGA KAMI MASYADO DITO SA TWTR DI KAMI NAG UUSAP SA MESSENGER HAHAHAHAHAHA,"BUT TBH, SUNNY AND I ARE FRIENDS IRL, WE'RE JUST TOO ACTIVE HERE ON TWTR, WE DON'T TALK ON MESSENGER HAHAHAHAHAHA"
Ilang beses konang inulit ang trailer ang ganda talaga hindi nakakasawA iba talaga pag SethDrea💚💚,"I've replayed the trailer many times, it's really beautiful, it never gets old, SethDrea is truly something else 💚💚"
wala kayo sa album kong nag world tour,You guys are nothing compared to my album that went on a world tour.
pagod n sha magpapahinga p yn sa new york,"She's tired, she'll rest in New York."
beh pagod din nmn ak di ba pwede mag sama nlng kmi ng album ko 😟😟,"Babe, I'm tired too, can't my album and I just be together? 😟😟"
GUSTO Q LANG NAMAN MAG SAYAW BWAKANANGSHIT TALAGANG BUHAY I2!!,"I JUST WANT TO DANCE, WHAT THE HELL, THIS LIFE IS REALLY SOMETHING!!"
TIKTOK NA NAUWI SA WRESTLING HAHSHAGAHAHA,TIKTOK THAT TURNED INTO WRESTLING HAHSHAGAHAHA
SATRUU WHAUUAHAHAUAUAUAHAHAHA HAGAGGA,SO TRUE WHAUUAHAHAUAUAUAHAHAHA HAGAGGA
LAKAS NG LOOB NILA NA IBALIBAG KA 😠😠🤬🤬 DI BA NILA ALAM NA ANAK KA NG MAFIA BOSS,THEY HAVE THE NERVE TO THROW YOU AROUND 😠😠🤬🤬 DON'T THEY KNOW YOU'RE THE MAFIA BOSS'S CHILD?
ayan na may nag-point out na @AltToti,"There, someone pointed it out, @AltToti"
"o di'ba! kasi iyong condo namin is walking distance lang papuntang St. Luke's BGC, eh Brgy. Fort Bonifacio ang nakikita ko sa mga business permits around BGC and even estabs sa tabi ng SLMC-BGC.","Right? Because our condo is just walking distance to St. Luke's BGC, and I see Brgy. Fort Bonifacio on business permits around BGC and even establishments next to SLMC-BGC."
oki patapos na ako sa sinusulat ko maam sorry if u think i was bragging pero ulit ulit naman tayo eh mula simula sinabi ngang di ako mafavorite na tao hirap na hirap ako lagi sa subject mo 😭,"Okay, I'm almost done with what I'm writing, ma'am, sorry if you think I was bragging, but we've been over this repeatedly, from the start I've said I'm not a favorite person, I always struggle so much in your subject 😭"
ewan ko kung may ganun din ba sa inyo huhu pero ako talaga kahit colors ata walang tumagal ng isang buwan na iyun lang talaga or yung iisa lang? huhu,"I don't know if it's like that for you guys, huhu, but for me, even with colors, nothing lasts a month where it's just that one thing or just one? huhu"
"well, inde ako all nighter baliktad lang talaga tulog ko HAHAHAH","Well, I'm not an all-nighter, my sleep schedule is just really reversed HAHAHAH"
"putangina gusto ko lang jaeyong set sa nct127 SG tingi di ba huhu. baka naman rold, may biyayang bumaba oh.","Damn, I just want a Jaeyong set from NCT127 SG by piece, right? Huhu. Maybe, Lord, a blessing might descend."
"LOOK: Molnupiravir, an oral pill for the treatment of mild to moderate cases of COVID-19, is now available to OVP's Bayanihan E-Konsulta patients, VP Leni Robredo announced on Monday. | 📷OVP","LOOK: Molnupiravir, an oral pill for the treatment of mild to moderate cases of COVID-19, is now available to OVP's Bayanihan E-Konsulta patients, VP Leni Robredo announced on Monday. | 📷OVP"
kudos to OVP for this,Kudos to OVP for this.
"Ang news kasi, available na sya sa Bayanihan E-consulta after the OVP entered into a MOA with QualiMed, where the OVP will issue a guarantee letter under their special medical assistance program to qualified patients referred by volunteer doctors. So maaaccess kahit di maospital.","The news is, it's now available at Bayanihan E-Konsulta after the OVP entered into a MOA with QualiMed, where the OVP will issue a guarantee letter under their special medical assistance program to qualified patients referred by volunteer doctors. So it can be accessed even without hospitalization."
"Yun kasing Bayanihan E-consulta, programang isinasagawa ng walang ginagamit na pondo ng gobyerno kundi bunga ng inisyatibo at kooperasyon ng mga volunteers with the OVP. Libre for all. If that’s not newsworthy for you, well. Walang contest ng unahan, jusko.","That Bayanihan E-Konsulta, it's a program being carried out without using government funds, but is a result of the initiative and cooperation of volunteers with the OVP. Free for all. If that’s not newsworthy for you, well. There's no race to be first, goodness."
"Again, walang contest. Dumating NA RIN ang sa City of Manila. Good for everyone! Pagkakabitteran ba talaga ang pagkakacover? Anong point? Kung may nagagamit man sa MOOE (na katiting!!!), anong masama? Serbisyo yan, di ba? May bilyones nga napunta sa Pharmally, pumengol ka rin ba?","Again, no contest. Manila City's has arrived TOO. Good for everyone! Is it really necessary to be bitter about coverage? What's the point? If MOOE (which is tiny!!!) is being used, what's wrong with that? It's a service, right? Billions went to Pharmally, did you complain about that too?"
"Inlove nanaman sayo @stellajero_  and ate @BalichaRikki ko 🤭
Ikaw na lang ang nagbibigay buhay sa patay niang lovelife 😅😬🤭
@SB19Official #SB19
invidious.tiekoetter.com/GHt_zelzLEo","In love with you again @stellajero_ and my Ate @BalichaRikki 🤭
You're the only one bringing life to their dead love life 😅😬🤭
@SB19Official #SB19
invidious.tiekoetter.com/GHt_zelzLEo"
"😂😂😂 Lagi nmn akong in-love basta pagdating sa kanya 😍😍😘
Kaya beke nemen pwedeng isang padate naman dyan @stellajero_ lalo na at magbbirthday na ko debut ko pa nmn 😂😂😂😊🙏
Pataas ng pataas ang gusto eh noh hehehe well baka naman di ba 😁🙏
#SB19 #SB19OZAnnivConcert","😂😂😂 I'm always in love when it comes to him 😍😍😘
So, maybe you could treat me to a date @stellajero_, especially since my birthday is coming up, and it's my debut too 😂😂😂😊🙏
My desires keep getting higher, huh, hehehe, well, maybe, right 😁🙏
#SB19 #SB19OZAnnivConcert"
"Oh ‘di ba? Ang sarap magdabog!!!! GRRRRR
FOUR DAYS TO OUR ZONE
#SB19OZMediaCon 
#SB19OZAnnivConcert 
#SB19Anniv3rsary","Oh, right? It feels so good to stomp around!!!! GRRRRR
FOUR DAYS TO OUR ZONE
#SB19OZMediaCon 
#SB19OZAnnivConcert 
#SB19Anniv3rsary"
"One of the biggest lesson I’ve learned this 2021 talaga is that no matter how you planned your life, if it’s not God’s will then it will never happen.","One of the biggest lessons I’ve truly learned this 2021 is that no matter how you planned your life, if it’s not God’s will then it will never happen."
Sobrang nakaka frustrate mag back to zero. But I guess that’s the time where you should fully surrender everything na lang talaga. Focus on what you can control and what is in front of you bcos that’s the only real thing in your life.,It's so frustrating to go back to zero. But I guess that’s the time where you should really fully surrender everything. Focus on what you can control and what is in front of you because that’s the only real thing in your life.
"— Instead of worrying too much abt your future, you can focus on doing better. Take it easy, girl. One step at a time. 😌","— Instead of worrying too much about your future, you can focus on doing better. Take it easy, girl. One step at a time. 😌"
Iiyak nalang ako para maka tulog ako,I'll just cry so I can sleep.
"Ala, iniisip ko lang bat ang layo natin sa isa't isa 😤","Ugh, I'm just wondering why we're so far apart 😤"
"Wala mahal, hayaan na okay lang naman ako, tulog ka na po ulit","Never mind, my love, it's okay, I'm fine, go back to sleep."
Bby,Baby
Salamat kase nakilala kita,Thank you for letting me meet you.
HAAHHAHAHAHA bilis talaga pag pag kain,HAAHHAHAHAHA So fast when it comes to food!
sobrang humble talaga ni ison kaya ang tino kausap 😭,"Ison is so humble, that's why it's so easy to talk to him 😭"
hoy may paspace si jini space din kayo pabasa uli @fyeahaetzy di ba @yjmnss,"Hey, Jini has a space, you guys have a space too, read it again @fyeahaetzy right @yjmnss"
"'Yung akala mo happy na lahat, pero padating pa lang ang mga gugulo ng buhay n'yo 🤭 
#TWBUSurfaceTension tonight on #TheWorldBetweenUs at 8:50 PM on GMA Telebabad!","You thought everything was happy, but the ones who will mess up your lives are just arriving 🤭 
#TWBUSurfaceTension tonight on #TheWorldBetweenUs at 8:50 PM on GMA Telebabad!"
"Kauumpisa lang ng saya kagabi hahah gulo na agad agad! Di ba puwede masaya lang? 
ALDENxTWBU NewDay
#TWBUSurfaceTension 
@aldenrichards02","The fun just started last night, haha, and immediately there's trouble! Can't it just be happy? 
ALDENxTWBU NewDay
#TWBUSurfaceTension 
@aldenrichards02"
ganon talaga,That's just how it is.
di ba nag-tweet ako na may allergies ako kanina. aba edi uminom ako ng gamot. borlogs ako hanggang 6pm hfdskskj lutang pa rin ako hanggang ngayon eh nasa tutor ako lmaoo,"Didn't I tweet that I had allergies earlier? Well, I took medicine. I was knocked out until 6 pm, hfdskskj, I'm still spaced out now, and I'm at my tutor's, lmao."
di ko pa talaga ka-grasp mga concepts 😔😢,I still can't really grasp the concepts 😔😢
especially module 5,Especially module 5.
"Di ba filled donut yun?
Atsaka di ba tengang daga yung black molds for pansit?
Di ba galletas yun?","Isn't that a filled donut?
And aren't black molds for pancit called wood ear mushrooms?
Aren't those galletas?"
same bossing sa galletas!!,"Same, boss, on galletas!!"
I have a feeling na tinatawag lang syang 'galletas' by certain age brackets....saklap this! 😝,I have a feeling it's only called 'galletas' by certain age brackets... that sucks! 😝
"gawain ni struggail bumabalik na sa kanya TT
QUINCY WITH JOHN ADAJAR","Struggail's actions are coming back to her TT
QUINCY WITH JOHN ADAJAR"
"Di ba we learn from her ;)
QUINCY WITH JOHN ADAJAR","Don't we learn from her? ;)
QUINCY WITH JOHN ADAJAR"
tamah walang maleh ms. quincy 😭,"That's right, it doesn't matter, Ms. Quincy 😭"
Biglaan gala talaga dabest,Spontaneous outings are truly the best.
yung vfx talaga ng riot kahit saang laro nila never ceases to impress,"Riot's VFX, in any of their games, never ceases to impress."
great inspiration ever since pag nag momotion edit. deym,Great inspiration ever since I started motion editing. Damn.
HALA NAG CHANGE TALAGA SYA HAHAHAHAHAHAAHHA YEY TRIPLETS NA TAYO,"OMG, SHE REALLY CHANGED HAHAHAHAHAHAAHHA YAY, WE'RE TRIPLETS NOW"
ANG CUTE NG TWINOTE NAG DL AQ HAHAHAHHAJAJAJA,"TWINOTE IS SO CUTE, I DOWNLOADED IT HAHAHAHHAJAJAJA"
ay di ba kayo don gumagawa kapag twitter convos?,"Oh, don't you guys make twitter convos there?"
social maker or social dummy madalas gamit ko hsshahahha,I usually use social maker or social dummy hsshahahha
sigi ano mas madaling gamitin da dalawa?,"Alright, which one is easier to use out of the two?"
ur my fav notif,You're my favorite notification.
ayaw ko nga imention si @donnypangilinan baka isipin ni @donnypangilinan para sa kanya to eh di ba hindi naman para sayo to @donnypangilinan,"I don't want to mention @donnypangilinan, he might think this is for him, but it's not for you @donnypangilinan."
"Oh, di ba? Dumating na agad ang anti-#COVID Molnupiravir. Yan ang totoong #BilisKilos. Mabuhay po kayo Yorme @IskoMoreno at @DocWillieOng! God bless po.😊🙏
#AksyonAgad 
#IskoDocWillie2022
📷 @inquirerdotnet","Oh, right? The anti-#COVID Molnupiravir arrived immediately. That's real #FastAction. May you live long, Yorme @IskoMoreno and @DocWillieOng! God bless.😊🙏
#AksyonAgad 
#IskoDocWillie2022
📷 @inquirerdotnet"
"Me too
#LITZOnCETVExclusives","Me too
#LITZOnCETVExclusives"
"true pati nga ako tinatamad hahaha di ako lumabas maghapon... naka VL pa ako hahahaha
#LITZonCETVExclusives","True, even I'm feeling lazy hahaha, I didn't go out all day... I'm even on leave hahaha
#LITZonCETVExclusives"
"oh ji vah ako lang to hahahaha
#LITZonCETVExclusives","Oh, is it just me, hahaha
#LITZOnCETVExclusives"
"bukas pasok na ulit eh... puyatan nanaman 
hahaha
#LITZonCETVExclusives","Back to work tomorrow... another sleepless night
hahaha
#LITZOnCETVExclusives"
"bawal 1 week hahaha... di tanggap ligwak like mo hahaha... funny nga eh bukas may pasok ako tapos thursday at friday ala naman kami pasok di ba productive ang 1 week ko hahahaha... ako na
#LITZonCETVExclusives","One week isn't allowed hahaha... they won't accept your 'like' hahaha... it's funny, I have work tomorrow, then no work on Thursday and Friday, so my week will be productive, hahaha... it's me
#LITZOnCETVExclusives"
"baka maging ia na ulet ako dito since simula na talaga ng 2nd quarter, kailangan ng magseryoso.","I might go inactive here again since the second quarter is really starting, I need to get serious."
"#scammys TALAGA HAHAHAHA,, salamat sa lahat grammy :)) btw, congratulations boys @BTS_twt u deserved better <33","#scammys REALLY HAHAHAHA,, thank you for everything, grammy :)) btw, congratulations boys @BTS_twt you deserved better <33"
morning ghorl #scammys talaga x.com/missvirkoo/status/1463…,"Morning, girl #scammys really x.com/missvirkoo/status/1463…"
oo sis jwu e HAHAHAHAHHAHAHA dina talaga nagbago si #scammys,"Yes, sis, I just woke up, e HAHAHAHAHHAHAHA #scammys really hasn't changed."
The audacity of this guy! Commercial sa ABS-CBN?!,The audacity of this guy! A commercial on ABS-CBN?!
"So, doesn't ABS CBN have a choice? Di ba discretionary yan kung tatanggapin o hindi dahil private company naman?","So, doesn't ABS CBN have a choice? Isn't it discretionary whether they accept it or not since it's a private company?"
THE AMOUNT OF TIMES I REPLAYED THIS......I'M DIZZYDLKHSAFKHDSFHKJDSFKDSJFNDS,THE AMOUNT OF TIMES I REPLAYED THIS......I'M DIZZYDLKHSAFKHDSFHKJDSFKDSJFNDS
DI BA!!!!!!,RIGHT!!!!!!
"Yung day 1 di ko talaga mapapanood kasi nightshift ako delikado na if umabsent ako ieenjoy ko nalang yung day 2, pero sana bigay narin ni popc mga ticket na nanalo sa Pa GA niya 💙💙
@SB19Official #SB19","I really can't watch Day 1 because I'm on night shift, it's too risky if I absent, I'll just enjoy Day 2, but I hope Pop C will also give out the tickets won from his giveaway 💙💙
@SB19Official #SB19"
Fax no lays di ba?,"Facts, no lies, right?"
pogi mo talaga vjvjvjvjv,You're so handsome vjvjvjvjv
"/sm mau nanya, selama ujian ini ada yg pernah ditegur pengawas krna pakaian bawahan kah? berdampak kah ke nilai? takut krna tadi barusan ditegur :(","/sm, I want to ask, during this exam, has anyone ever been reprimanded by the supervisor for their bottom attire? Does it affect the score? I'm scared because I was just reprimanded earlier :("
"Kalo pengawasnya rese pasti ditulis di BA mba/mas , kalo aku yg ngawas ya engga sih cuma negur aja  ga ditulis di BA hehe","If the supervisor is annoying, they'll definitely write it in the official report, ma'am/sir. If I were the one supervising, I wouldn't, I'd just reprimand you, not write it in the report, hehe."
"Before ko announce winner ng Peaches from memes and maybe a surprise dm. Sino pa walang Peaches? Be honest ha, gusto ko talaga syang ibigay sa wala talagang pambili at hindi pa nananalo sa ibang GA ng PEACHES 🙏","Before I announce the winner of Peaches from memes and maybe a surprise DM. Who else doesn't have Peaches? Be honest, okay, I really want to give it to someone who truly can't afford it and hasn't won in other PEACHES giveaways 🙏"
Magko comment pero dina aasa char ako po 😌,"I'll comment but won't hope anymore, just kidding, it's me 😌"
ayy gagi di ba pwde she's doing great and may namimiss din? ano to,"Ugh, geez, can't it be that she's doing great and also misses someone? What is this?"
avdschsc na block ako for 4.5 HAHAHAHA omyghad. edi okay 😭😭😭,avdschsc I got blocked for 4.5 HAHAHAHA oh my god. So it's okay 😭😭😭
"ang sama ng ugali mamblock agad, di ba pwede mag nego sabihin na gusto nila mas mataas presyo?","It's so rude to block immediately, couldn't they negotiate and say they want a higher price?"
"avdscbjsc most of the people there really just blocks or seen ganems abdjcjs. want nila pag nag dm ka, ayern na final offer T^T","avdscbjsc most of the people there really just blocks or seen messages abdjcjs. They want it so that when you DM, that's already the final offer T^T"
"At kung may ipagtanggol man kailangan bang may sabihin tayo sa isa na di maganda para masabi lang natin na naipagtanggol natin ang isa, di ba pwedeng ipagtanggol  natin ung tao in a good way.","And if we defend someone, do we need to say something bad to the other person just to say we defended someone? Can't we defend the person in a good way?"
Thank you SB for the bday treat. ☺️,Thank you SB for the birthday treat. ☺️
free sa SB twinbro,"Free at SB, twin bro."
Sean Bautista hahahaha,Sean Bautista hahahaha
low-key lang di ba? hahahahaha,"Low-key, right? hahahahaha"
nag claim lang ako sa free kape... ganern... 😅😅,I just claimed my free coffee... like that... 😅😅
mga shuttaa kayu... Starbucks yan... ahahaha,You guys are crazy... that's Starbucks... ahahaha
ayawq sa sched talaga ng wed pls,"I really don't want the Wednesday schedule, please."
POTANGINA NAKAKA SAKIT SA ULO UNG THEORIES AT CONCEPT NG NCT SAD NAMAN GANDA LANG TALAGA AMBAG KO DITO,"DAMN, NCT'S THEORIES AND CONCEPTS ARE GIVING ME A HEADACHE, IT'S SAD THAT MY ONLY CONTRIBUTION HERE IS BEING PRETTY"
"Presidential bet Bongbong Marcos says he has undergone a drug test, submitted results to PDEA following blind item of President Duterte on an alleged cocaine user among presidential candidates #BilangPilipino2022 | @edupunay","Presidential bet Bongbong Marcos says he has undergone a drug test, submitted results to PDEA following blind item of President Duterte on an alleged cocaine user among presidential candidates #BilangPilipino2022 | @edupunay"
Nagbigay ng resulta tapos maraming hindi naniniwala? Di ba masama yung wala pang ebidensya at di alam ang totoong nangyare masama na kaagad ang naiisip mo dun sa tao?,"He released the results, and many don't believe him? Isn't it wrong to immediately think badly of someone without evidence and without knowing what truly happened?"
Nagpapasalamat nalang talaga ako at mga isip bata kayo @icymrtlln @Shereee_D tag nyo nalang iba hahaha,"I'm just really grateful that you guys are childish @icymrtlln @Shereee_D, just tag the others hahaha"
"Ano yung nakita natin dito? Ang napatunayan dito ay gagamitin ng opposition ang statement ni Digong para lang makapuntos kay BBM. Yung tinatawag nilang ""diktador"" ay biglang naging credible source of information dahil makakapanira sila.","What did we see here? What was proven here is that the opposition will use Digong's statement just to score points against BBM. The one they call a ""dictator"" suddenly became a credible source of information because they can slander him."
Feeling ko and opinion ko lang ito. Baka sadya para kagat yung mga ma-emo mag react. Kumagat naman at napahiya ngayon …. Crickets galore and naka score ang matanda 😂😂😅😅🤣🤣,"I feel, and this is just my opinion. Maybe it was deliberate to make the emotional ones react. They took the bait and are now embarrassed.... Crickets galore and the old man scored 😂😂😅😅🤣🤣"
Alam mo ang sumagi sa isip ko at speculation lang ito sa part ko ay yung case ni Ongpin. Suddenly sumawsaw lahat pero tahimik dun sa case ni Ongpin bakit na dismiss sa technicalities. Anyway kapag ang attack ng opposition ay galing pa sa kalaban nila aba'y mahinang nilalang sila.,"You know what came to mind, and this is just speculation on my part, is the Ongpin case. Suddenly everyone jumped in, but they were quiet about the Ongpin case, why it was dismissed on technicalities. Anyway, if the opposition's attack comes from their own opponent, then they are weaklings."
Oh di ba? They are actually pinning the blame pa on the leasing candidate doing the dirty dead kuno. Ganun kahina mag isip itong mga ito kung baga sa chess one move ahead lng eh yung kalaban nila 10 moves ahead na mag isip,"Oh, right? They are actually pinning the blame on the leading candidate doing the dirty deed, supposedly. That's how weak-minded these people are, like in chess, they're only one move ahead, but their opponent is 10 moves ahead."
Jusq inabutan na naman ako ni Mamshie. Nakakapressure talaga matulog kapag gumigising na ung mga tao 🤣🤣🤣,"Goodness, Mamshie caught me again. It's really pressuring to sleep when people are waking up 🤣🤣🤣"
"Mew maipit hehee be careful 
MEW SUPPASIT 
#SPACEMAN 
#DROWNING 
#MewSuppasit
#มิวศุภศิษฏ์ 
@MSuppasit","Mew might get stuck hehe be careful 
MEW SUPPASIT 
#SPACEMAN 
#DROWNING 
#MewSuppasit
#มิวศุภศิษฏ์ 
@MSuppasit"
ano maipit day😂😂😂,"What's stuck, day?😂😂😂"
Hahahaha Di ba sya nasaktan wawa baby natin,"Hahahaha, wasn't he hurt? Our poor baby."
hahhaa tawa ko sa u,Hahaha I laugh at you.
bobo talaga ako mag english minsan pero at least minsan lang WHAHHAAHAHAHAAHH,"I'm really bad at English sometimes, but at least it's only sometimes WHAHHAAHAHAHAAHH"
Kukulit nyo nalang talaga e HAHAHAHHAA,"You guys are really so annoying, seriously! HAHAHAHHAA"
ayyy di ba? charot,"Oh, really? Just kidding."
DI BA?!,RIGHT?!
"Lol naalala ko tuloy yung guest si sandro sa isang zoom meeting with ChED ata yun. Di ba usually may nagpipicture for docu after, yung kanya ata wala naipagmalaki for pubmat ang mga marcos kasi naka #MarcosMagnanakaw yung profiles ng mga audience hahaha","Lol, it reminds me of when Sandro was a guest in a Zoom meeting with CHED, I think. You know how usually someone takes pictures for documentation afterward? His, I guess, they couldn't proudly post for pubmat because the audience's profiles had #MarcosMagnanakaw (Marcos is a thief) on them, hahaha."
kakapuyat sayo grammy tas yun lang nomination ng bts scammy ka talaga,"Grammy, I stayed up so late for you, and that's all BTS got for nominations? You're really a scam."
"Di naman po sa pagmamalabis, pero sana in the near future, spicy chick’nwich naman po. Hahahaha! Ang demanding ko di ba? E di pa nga daw available sa Iloilo now. Hahahahaha!","Not to be excessive, but I hope in the near future, there'll be a spicy chick'nwich. Hahahaha! I'm so demanding, right? But it's not even available in Iloilo now. Hahahahaha!"
"Nag bakasyon daw kami (panaginip lang naman) kasama dogs sa ibang bansa. (Not sure where exactly) Tapos at night, may dalawang lalaki nagwawala inaatempt na nakawin yung aso ko. So, to defend, kumuha ako ng lagari and hinampas ko sila and accidentally na tamaan ko yung aso ko.","We supposedly went on vacation (it was just a dream) with the dogs abroad. (Not sure where exactly) Then at night, two men were causing a commotion, attempting to steal my dog. So, to defend myself, I grabbed a saw and hit them, and I accidentally hit my dog."
Which causes three laceration on her back,Which causes three lacerations on her back.
"Luckily, nahampas ko yung isang guy na nagwawala duguan siya somehow. Tapos, later on, nag sumbong daw sila sa pulis. Siguro nag take advantage sila since tourist kami. Tapos, dumating agad yung pulis sa pinag sstayan namin.","Luckily, I hit one of the guys who was causing a commotion; he was bleeding somehow. Then, later on, they supposedly reported it to the police. Maybe they took advantage of us being tourists. And the police immediately arrived at where we were staying."
"Di naman na ako kumawala kasi I know to myself I did nothing. So, ayun, sumama ako sa kanila. Tapos pag baba namin ng sasakyan, nagwalkathon pa kami. While walking I was so worried daw sa NBI ko. Hahaha. Kung mahihirapan ba ako makakuha ganern. Haha","I didn't try to escape because I know I didn't do anything wrong. So, I went with them. Then when we got out of the car, we even had to walk a long way. While walking, I was supposedly so worried about my NBI clearance. Hahaha. If I'd have a hard time getting it, like that. Haha."
"The worriness felt so real, talaga! And at the same time, I was so flirtatious daw. Hahaha. Nilalandi ko yung guy cops, which happened to be a pinoy too, tsaka yung isang lalaking pumasok sa CR. Nag CR muna kasi yung guy cop tapos sinama ako sa loob. Hahaha","The worry felt so real, seriously! And at the same time, I was supposedly so flirtatious. Hahaha. I was flirting with the guy cops, who happened to be Filipino too, and with another guy who went into the CR. The guy cop went to the CR first, then he brought me inside. Hahaha."
"Afterwards,nandun na kami sa trial court na mukhang barangay lang. Hahaha. Tapos kaloka, si VP Leni yung naging lawyer ko. Bongga anek. Haha.","Afterwards, we were at the trial court that looked just like a barangay hall. Hahaha. Then, it was crazy, VP Leni became my lawyer. So cool, right? Haha."
"Di ko na alam kung anong nangyari dun bigla na lang ako bumalik sa pinag iistayan namin. Tas ayun bumalik na sila kasama sila mama at kuya ko (siya nag drive) pati na rin yung aso ko. Tapos yung result, guilty daw sila. Ang galing daw kasi ni VP. hahahahaha","I don't know what happened next; I suddenly returned to where we were staying. Then, they came back with my mom and brother (he was driving), and also my dog. And the result was, they were supposedly guilty. VP Leni was apparently so good. Hahahahaha."
Tas ayun hinug ko yung aso kk ng sobra and I woke up sad. :(((((,"Then I hugged my dog so much, and I woke up sad. :(((("
"So ayun, kung sinoman gusto cumontact sakin para gawing short film yung panaginip ko, feel free to DM me. Hahahhahaha.charet","So yeah, if anyone wants to contact me to turn my dream into a short film, feel free to DM me. Hahahhahaha. Just kidding."
"pagnagkafree time talaga ako, magrerewatch ako Vincenzo 🙂","When I really have free time, I'll rewatch Vincenzo 🙂"
"Kamusta mga team BIYAYA dyan? 🤭
@SB19Official #SB19",How's everyone from Team BIYAYA doing? 🤭 @SB19Official #SB19
"hahahahaha... basta Biyaya kasi talaga yan. pinalitan lang ni janpawlo ulit. 😂
@SB19Official #SB19",hahahahaha... because that's really 'Biyaya' (Blessing). Janpawlo just changed it again. 😂 @SB19Official #SB19
"Jampawlo paladissition 😂
@SB19Official #SB19",Jampawlo paladissition 😂 @SB19Official #SB19
di ba mag popost si heeseung jan pagod na pagod na ko sa works :DDDDDDDDDD,"Heeseung isn't going to post anything, is he? I'm so exhausted from work :DDDDDDDDDD"
"Okay, to sum it all up, akala po ng adult hms na yung ""boundaries"" na tinutukoy ni kuya is about KYJI po. ISANG MALAKING MISUNDERSTANDING NA MAAARING SUMIRA SA PAGKAKAYOS NG DALAWA. Jusko, lahat na lang yung sisi nasa KyJi. Please, @/pbb paki-clear po nito taena niyo!!!","Okay, to sum it all up, the adult housemates thought that the ""boundaries"" Kuya was referring to were about KYJI. A HUGE MISUNDERSTANDING THAT COULD RUIN THEIR RECONCILIATION. Gosh, all the blame always falls on KyJi. Please, @/pbb, clarify this, goddammit!!!"
The worst ever edition talaga tong seasons n ito dahil anjan c tender juicy,This really is the worst edition of these seasons because Tender Juicy is here.
tulog na talaga kayong lahat? luh bakit?😔😔,Are you all really asleep? Why? 😔😔
"morning mga aswang...ano nanngyari s usapan ntin ha...ngka linawan tlga tau....hahaha...
@CulalaJennifer 
@CaePatricio 
@hazel_ometer 
@Meanne0315 
@AngelikaTanola 
@MaeMugat 
#DeannaWong | Deanna Wong","Good morning, you ghouls... what happened to our discussion, huh... we really cleared things up... hahaha... @CulalaJennifer @CaePatricio @hazel_ometer @Meanne0315 @AngelikaTanola @MaeMugat #DeannaWong | Deanna Wong"
bagsak kung bagsak hahaha,"Fail if it fails, hahaha."
"Ate hazel baka Naman palagay ng DT
#DeannaWong | Deanna Wong","Ate Hazel, could you please put the DT? #DeannaWong | Deanna Wong"
"sorry na bebe antok pa ksi
#DeannaWong |deanna wong","Sorry, babe, I'm still sleepy. #DeannaWong | deanna wong"
"Matulog Ka kase haha .
#DeannaWong | Deanna Wong","You should sleep, haha. #DeannaWong | Deanna Wong"
sbi nga nila mapapagod peo nd susuko hahha anu connect,"They say you'll get tired but never give up, haha, what's the connection?"
"Hmmm ate hazel haha 
#DeannaWong | Deanna Wong","Hmmm, Ate Hazel, haha. #DeannaWong | Deanna Wong"
"Wag tawa admin rufa ambag
#DeannaWong| Deanna Wong","Don't laugh, Admin Rufa, contribute. #DeannaWong| Deanna Wong"
"Kanina na ako umambag Saan ka Kasi kanina
#DeannaWong | Deanna Wong","I already contributed earlier, where were you?"
Nd ako ginising mg mga aswang eh,The ghouls didn't wake me up.
"admin rufa si dela cruz ohh wla sia dt
#DeannaWong |Deanna Wong","Admin Rufa, Dela Cruz, look, she doesn't have DT. #DeannaWong | Deanna Wong"
"Sumbong naman to kala mo bata lang
#DEANNAWONG | Deanna  Wong","This one's always complaining, like a kid. #DEANNAWONG | Deanna Wong"
"Parang si Angie BA ? Parang grade one doc hahaha..
#DeannaWong | Deanna Wong","Like Angie, right? Like a first-grader, doc, hahaha.. #DeannaWong | Deanna Wong"
"Ohh bat nasali ako sa usapan nyo hahaha kayo2 Lang walang damayan hahaha 
#DeannaWong | Deanna Wong","Oh, why am I included in your conversation, hahaha, just you guys, no sympathy, hahaha. #DeannaWong | Deanna Wong"
"ay iba angie sge mag mute ka ng notifications mo mag sisi ka pag nahuli ka snabi ko sau nd na mbblik ang ngyri na
#DeannaWong |Deanna Wong","Oh, Angie, fine, mute your notifications, you'll regret it if you get caught, I told you, what happened can't be undone. #DeannaWong | Deanna Wong"
"Wala naman Kasi akong alam sa topic nyu . Kaya tamang Basa Lang ako di pag sumingit ako na wala akong alam di sinabi nyu na naman na Lutang ako hahahaha . Kaya maigi na tamang BR and basa naLang oks na Yun 
#DeannaWong | Deanna Wong","Well, I don't know anything about your topic. So I'm just reading; if I butt in when I don't know anything, you'll just say I'm spacing out, hahaha. So it's better to just be on 'BR' (read mode) and read, that's fine. #DeannaWong | Deanna Wong"
"Jusko Di BA na briefing si Angie kagabi ate Dizon Yung Tayo nila doc ? Haha
#DeannaWong | Deanna Wong","Gosh, wasn't Angie briefed last night, Ate Dizon, about their stand, doc? Haha. #DeannaWong | Deanna Wong"
"Kaya nga buti my excuse cxa....kahit nman sbihan ntin yan wla din....hahah
#DeannaWong | Deanna Wong","That's why she has an excuse... even if we tell her, it won't matter... hahaha. #DeannaWong | Deanna Wong"
"Kaya nga ahaha ! Kahit anung meeting gawen mo . Kinabukas wala Nanaman Alam haha 
#DeannaWong | Deanna Wong","Exactly, ahaha! No matter how many meetings you have. The next day, she still won't know anything, haha. #DeannaWong | Deanna Wong"
"Wag ka umasa kay tinola masasaktam ka lang
#DeannaWong | Deanna Wong","Don't count on Tinola, you'll just get hurt. #DeannaWong | Deanna Wong"
"DBA pinag usaoan nten to kagabi doc ? Bkit ngayon walang alam hahaha.
#DeannaWong | Deanna Wong","Didn't we talk about this last night, doc? Why doesn't she know anything now, hahaha. #DeannaWong | Deanna Wong"
"i mean look at him, he so pretty. °^°","I mean, look at him, he's so pretty. °^°"
*he's talaga 'yon putsngns,"*it was really 'he's,' damn it."
"Anue bayan kac pinipikon aq nung nasa tl q kanina,labas kapa biliss rreplyan q na talaga tweet mu(clout chasing)","Oh my gosh, because someone on my timeline was provoking me earlier, come out quickly, I'll really reply to your tweet (clout chasing)."
Another episode of being scammys!!!! I hate grammys talaga panget tuloy ng gising ko 🙃,"Another episode of being scammys!!!! I really hate the Grammys, I woke up in a bad mood 🙃"
"dami nilang time ah whaha at the end of the day it’s their effort that’s wasted 😆 sino ba sila para pakinggan mo, pinapaaral k b nyn xD anyways i hope u know that those passerby would stay miserable w hatred raging inside their body, while you thrive off of ur passion nd b happy","They have so much time, whaha, at the end of the day, it’s their effort that’s wasted 😆 Who are they for you to listen to? Are they paying for your education? xD Anyway, I hope you know that those passersby will stay miserable with hatred raging inside their body, while you thrive off of your passion and be happy."
tataynibam (softhours) sakin grabe i love u talaga soaper ;(((( 🥺,"tataynibam (softhours) to me, oh my, I really love you so much, soaper ;(((( 🥺"
"Pag si Drilon akusahan mo ng corruption kakasuhan ka ng libel. Pero pag si Drilon nang-akusa ng corruption, 'In Aid of Legislation.'
Only in the Philippines lang!","If you accuse Drilon of corruption, you'll be sued for libel. But if Drilon accuses someone of corruption, it's 'In Aid of Legislation.' Only in the Philippines!"
Abuso! Trapo talaga! 😡,Abuse! Such a traditional politician! 😡
Eto nanaman ako nagdesisyon bumily ng Relx! Di talaga tumalab sakin ang Geekvape dalawang device na HAHAHAHAHA saglit ko lang ginamit tapos tambak na. Sana this time matuloy tuloy ko na hanggang bumaba ng bumaba at mahinto ako!!!,"Here I am again, deciding to buy a Relx! Geekvape really didn't work for me, I've had two devices HAHAHAHAHA I only used them for a short time and now they're just piled up. I hope this time I can keep going until I use less and less and finally stop!!!"
"For now tumagal sakin ng 2 days ang isang pod, may tira pa. A bit pricey but hindi na ko nagcecrave ng yosi. For now. Sana magtuloy tuloy talaga wahahahahaha.","For now, one pod lasted me 2 days, there's still some left. A bit pricey but I'm not craving cigarettes anymore. For now. I really hope it continues hahaha."
magdadabog talaga ako kapag nakatululog ako tapos hindi nagising mamayang 6:00 AM.,I'm really going to throw a fit if I fall asleep and don't wake up at 6:00 AM later.
Gantong oras pa talaga nag ka emergency,An emergency really had to happen at this time.
"aaaaa 3 days nalangg baka nga di ko talaga deserve. 
ang mahalaga mahal ko kayo palagi, @SB19Official
#SB19 #Bazinga_SB19","aaaaa only 3 days left, maybe I really don't deserve it. The important thing is I always love you, @SB19Official #SB19 #Bazinga_SB19"
Magaling din magguitar c k which is yung idol mo hindi trying hard yung idol mo..and mahilig mag copy ng iba..hoy hulag kalang kaya pinagyayabang mo yung sinasabi mong idol na sabi mo sobrang talented..haha if i know c donny lang inaabangan ng mga fans sa kanilang dalawa,"K is also good at guitar, which your idol isn't; your idol is trying too hard and likes to copy others... Hey, you're just a nobody, that's why you're bragging about your so-called idol who you say is so talented... haha, if I know, fans only watch Donny among the two of them."
"hahhahaah huy teh kumanta nga yan si K at nag guitar pa sa mall pero tinatawanan lang ng mga nanonood kasi sakit sa tenga pati pag trums nya ng guitar,patawa to hahahahahahahah","hahhahaah hey sis, K sang and played guitar at the mall but people were just laughing because it hurt their ears, even her guitar strumming, this is funny hahahahahahahah."
So pag di ba maganda boses masaya kayong tingnan pinagtatawanan yung tao..ganyan ina idol lang niyo yung may talent at kaya niyong ipagyabang..kahit anu pa sabihin niyo kat k para sakin talent yun at para sakin magaling siya..,"So if the voice isn't good, are you happy to watch people being laughed at? That's how you idolize people with talent that you can brag about... whatever you say, for me, K has talent and for me, she's good.."
"ahhhh ang cutie talaga sobra, parehong masaya bday naming dalawa😩💖","ahhhh, so incredibly cute, both our birthdays are happy😩💖"
"puro kayo dnb, ito naman :)","You're all about DNB, what about this? :)"
Di ba uso move on sayo lods😭,"Don't you ever move on, lods😭"
HINDI BEH MWUAPS,"NO, BEH, MWUAPS!"
di talaga aq nasasarapan sa yabu 🤐,I really don't enjoy Yabu 🤐
"lost interest in grammys long time ago lol that ""award"" show is rigged now more than ever","lost interest in grammys long time ago lol that ""award"" show is rigged now more than ever"
ikr,ikr
they're just the mananalo pag in and popular they aren't the same Grammy na tlga HAHAHHA,"they're just the ones who win if they're in and popular, they're not the same Grammy anymore HAHAHHA"
totoo madzam popularity contest na rin siya,"True, madzam, it's become a popularity contest."
di ba wla na ung music critic eh. kya umay na dn panuorin HAHAAHAH,"Right? There are no more music critics, that's why it's tiring to watch HAHAAHAH"
Puyat ka talaga kakarefresh 😂,"You really stayed up refreshing, huh? 😂"
LOOK: Presidential aspirant Bongbong Marcos’ cocaine drug test showing a negative result. | @RexRemitio,LOOK: Presidential aspirant Bongbong Marcos’ cocaine drug test showing a negative result. | @RexRemitio
"Ang mga brainless nag-iingay nanaman 🤦 mas magagaling pa sa mga nurses mg St. Lukes jusko the ACIDICITY OF THESE DOGS TO QUESTION ST. LUKES DT FORMAT? 🤦 Guys, the medical result is different from DT Result🤭 Pag lata talaga maingay lalo't walang laman.","The brainless ones are making noise again 🤦 They're even better than the St. Lukes nurses, gosh, the ACIDICITY OF THESE DOGS TO QUESTION ST. LUKES DT FORMAT? 🤦 Guys, the medical result is different from DT Result🤭 When a can is empty, it's noisy, especially if it's empty."
"I know it's audacity i just changed it into ACIDITY, Coz you know, Leni supporters are Macm","I know it's audacity, I just changed it into ACIDITY, Coz you know, Leni supporters are Macm."
Cutie talaga 😍,So cute 😍
huwow! suggested mo pa talaga peysbook. Mapanakit ka po ta🙃,"Wow! You even suggested Facebook. You're hurtful, huh 🙃"
ang daming bata sa mall tapos yung iba di pa nakafacemask??? di ba natatakot mga magulang nun,So many kids at the mall and some aren't even wearing facemasks??? Aren't their parents scared?
totoo yan kahit dito din malapit samin daming bata tapos yung iba walang facemask,"That's true, even here near us, there are many kids and some don't have facemasks."
parang mas nagwoworry pa ako sa kanila kesa sa mga magulang nila juskooo,"I think I'm more worried about them than their parents, goshhh."
"We are social animals instinctively reliant on our tribe for safety and protection. Disloyalty literally feels dangerous, like the tribe will kick you out. Mahirap talaga sa DDS na maging #Kakampink. But if you are courageous to stand on the truth and defected, it's liberating!","We are social animals instinctively reliant on our tribe for safety and protection. Disloyalty literally feels dangerous, like the tribe will kick you out. It's really hard for DDS to become #Kakampink. But if you are courageous to stand on the truth and defected, it's liberating!"
hahaha mga kagaguhan ko talaga,"hahaha my foolishness, really."
Nakakahiya sila 😂 sobrang babaw talaga,"They're embarrassing 😂 so shallow, seriously."
may  bago  akong  pusa  tulungan  nyo  ako  ano  ipapangalan  ko,"I have a new cat, help me, what should I name it?"
bimby na lang,How about Bimby?
bimby parang pilay na kuting,"Bimby, like a limping kitten."
????? DI BA PWEDENG ANAK NI KRIS,????? CAN'T IT BE KRIS'S SON?
WALA TALAGA MAPAPALA SA #scammys,THERE'S REALLY NOTHING TO GAIN FROM #scammys.
"""Di ba ako'y tao lang na
Nadadarang at natutukso rin
Maiaalis mo ba sa 'kin na matutuhan kang mahalin
Sa bawat sandaling hiram natin.""","""Am I not just a human who gets carried away and tempted too? Can you stop me from learning to love you in every fleeting moment we have?"""
For now I'll be stuck in this beautiful nightmare 🎶,For now I'll be stuck in this beautiful nightmare 🎶
Ate... kinanta ko uωu,Ate... I sang it uwu.
hahahahah sana ma LSS ka din 🥰🥰🤣🤣🤣🤣,hahahahah I hope you get LSS too 🥰🥰🤣🤣🤣🤣
"ate, since release day po hahaha, di ba naman matahimik kapatid ko, anymore ni somi & 2m1 ng vershua paulit ulit 😆","Ate, since it's release day hahaha, my sibling just won't be quiet, Somi's Anymore & Vershua's 2m1 on repeat 😆"
halos ngayon ko lang kasi nadiscover yung anymore!!! 🙊🙈🤣🤣🤣 uwu~ 2minus1 🥰🥰 sabihin mo kay kapatid maganda taste nya 🥰🥰🤣🤣🤣🤣🤣🤣,I only discovered Anymore now!!! 🙊🙈🤣🤣🤣 uwu~ 2minus1 🥰🥰 Tell my sibling she has good taste 🥰🥰🤣🤣🤣🤣🤣🤣
Di ba kayo lulubog? Buti naman,Aren't you going to sink? Good.
TANGINAAAA HAHAHAHAHHAHAHAH EWAN PERO TANGINA TALAGA NATATAWA KO SAYO KEL HAHAHAHHAHA,DAMN IT HAHAHAHHAHAHHAHAH I DON'T KNOW BUT DAMN IT I'M REALLY LAUGHING AT YOU KEL HAHAHAHHAHA
Hirap talaga magutom ng madaling araw. Hahahaha,It's really hard to be hungry in the middle of the night. Hahahaha.
magka free time as in super free time lang ako talaga aaralin ko na ulit magcrochet kasi mag iisang taon nang nakatambak lang binili kong mga gamit for crocheting AHAHAHAHAHA,"If I really get super free time, I'll study crocheting again because the supplies I bought for crocheting have just been sitting there for almost a year AHAHAHAHAHA"
mag aaral talaga ako sa law subject ko na mamaya potangina gagoh pabagsak na akoh,"I'm really going to study for my law subject later, goddammit, I'm failing."
pag si minjeong aotm jusq mamamatai na talaga ako,"If Minjeong becomes AOTM, gosh, I'm really going to die."
nasa huli talaga pagsisisi 🤦🏽‍♂️,Regret always comes last 🤦🏽‍♂️
sa mga palabas nalang talaga ako kikiligin eh no?,"I guess I'll only ever feel 'kilig' from watching shows, huh?"
Us2 q n lng talaga maiyak,I just really want to cry.
Yep ginising talaga ng 2 para maging assistant ni ppa,"Yep, I was really woken up by the two of them to be papa's assistant."
tf #scammys talaga,"TF, these #Scammys are real."
gumamit lang ng idol character pero sila talaga yon 🥴 ginawang fem para pasok sa fantasy tapos imamatch sa edad nila yuck krazy y/n,"They just used an idol character but it's really them 🥴 made it feminine to fit the fantasy then matched it to their age, yuck, crazy y/n."
"DreamyK... sa tuwa niya Kay Maymay ginawa pa talaga niya ng damit
#MayWard","DreamyK... she was so happy with Maymay, she even made her an outfit
#MayWard"
"Nakakatuwa blog nia lage q pinapanood, kahit video ng #MayWard, nakakainis lang pati cia  sinasabihan ng fake news ng mga basher ni dodong para siraan
#MayWard #MaymayEntrata
#EdwardBarber","I enjoy her blog, I always watch it, even the #MayWard videos. It's just annoying that she's also being called out for fake news by dodong's bashers to ruin her reputation.
#MayWard #MaymayEntrata
#EdwardBarber"
"Buti bhe at sinagot mo...
#MayWard @maymayentrata07 @Barber_Edward","Good thing, babe, that you answered...
#MayWard @maymayentrata07 @Barber_Edward"
sana matapos talaga later,I really hope it finishes later.
halos nagsidatingan na yung mga parcels ko pero yung isang hinihintay ko talaga hanggang ngayon wala pa😡,"Almost all my parcels have arrived, but the one I'm really waiting for still isn't here😡"
hahahaha puta sakit talaga ng ulo ko.🙂,"Hahahaha, damn, my head really hurts.🙂"
Omg I feel guilty talaga,"OMG, I really feel guilty."
Pag ito di pa talaga nanalo ewan ko nalang talaga sayo grammys hinayupak ka,"If this doesn't win, I swear, Grammys, you scoundrel."
hirap talaga umawat sa pag-scroll sa tiktok kapag puro exo ang lumalabas sa fyp,It's really hard to stop scrolling on TikTok when it's all EXO on my FYP.
AMP UMUUWI KA TALAGA KAPAG KAKATULOG KO LANG EH NOH!!! pero i miss u < 333,"OMG, you really come home just when I'm about to sleep, huh!!! But I miss you <333"
Apaka cutie talaga ng bebe ko🙈,My baby is so incredibly cute🙈
heartache at headache malala talaga,Heartache and headache are really severe.
madaling araw ko pa talaga naisipan mag mod ng stabs ng keyboard haynalangers,"I really decided to mod my keyboard stabs in the early morning, oh well."
"LOOK: Atty. Vic Rodriguez submits drug test result of former senator and presidential aspirant Ferdinand “Bongbong” Marcos Jr. to law enforcement agencies. Rodriguez said Marcos tested negative for illegal drug use. | via @llanescajourno
Photo: Marcos Jr.'s camp","LOOK: Atty. Vic Rodriguez submits drug test result of former senator and presidential aspirant Ferdinand “Bongbong” Marcos Jr. to law enforcement agencies. Rodriguez said Marcos tested negative for illegal drug use. | via @llanescajourno
Photo: Marcos Jr.'s camp"
"Sa history nito ng pagsisinungaling about sa info.. medj di ako tiwala.. u want trust? Do it with Pdea, in public and not just by simply submitting 'so called' negative result.. dont us","Given his history of lying about information... I'm a bit distrustful... You want trust? Do it with PDEA, in public, and not just by simply submitting a 'so-called' negative result... don't fool us."
Ang demanding ah!,So demanding!
"Sensiya na.. nadala lang kami sa kasinungalingan nito.. 
Pero kung totoo man, edi nice, nagsisinungaling lang pala si tatay d.. haysts.. tatay talaga oh.","Sorry... we just got carried away by his lies...
But if it's true, then nice, so Dad D was just lying... *sigh*, oh, Dad."
umagahan talaga,Breakfast for real.
ETO NA TALAGA BEH DALIAN MO NA,"THIS IS IT, BEH, HURRY UP!"
WHAT IF LANG YAN KABAG LANG YAN HAHAHA,WHAT IF IT'S JUST GAS HAHAHA
HAHAHAHAHAH IHHH RAWR K,HAHAHAHAHAH IHHH RAWR K
"JUST IN | Negatibo ang resulta ng drug test ni presidential aspirant Bongbong Marcos Jr. Sa isang vlog interview, sinabi ni Marcos na isinumite na rin nya ang resulta ng drug test sa PDEA, PNP at NBI. #BilangPilipino2022 | via Dale de Vera","JUST IN | Presidential aspirant Bongbong Marcos Jr.'s drug test result is negative. In a vlog interview, Marcos said he has already submitted the drug test result to PDEA, PNP, and NBI. #BilangPilipino2022 | via Dale de Vera"
"ANG TANONG, BA’T HINDI SA PDEA NAGPA-DRUG TEST? BA’T NAGSUBMIT NA LANG NG RESULT?","THE QUESTION IS, WHY DIDN'T HE TAKE THE DRUG TEST WITH PDEA? WHY JUST SUBMIT A RESULT?"
Cryyy.. hehe wag na magpadrugtest si Leni. IQ Test nalang.,Cryyy.. hehe Leni doesn't need a drug test. An IQ test will do.
yung inisip mong kelangan ng ng IQ test pero ikaw tong bobo dahil naniwala ka sa mga altered/edited videos sa TikTok.,"You're the one who thought an IQ test was needed, but you're the dumb one for believing altered/edited videos on TikTok."
Pinagsasabi mong tiktok. Haha! Epal,What are you saying about TikTok. Haha! Annoying.
dagdagan ko pa pra magkabonus ka galing intel fund.,I'll add more so you can get a bonus from the intel fund.
#kawawa talaga pag tatanga tanga gaya ni Leni.,#Pity for those as foolish as Leni.
nakakaiyak nalang talaga oh,"It's just really something to cry about, oh."
"Saan mas magpapalpitate- este magigising, Kopiko 78 or Kratos? 😪","Which will make my heart race more - or rather, wake me up - Kopiko 78 or Kratos? 😪"
coffee stick!!,Coffee stick!!
"Uy, yan coffee ko dito sa bahaaayy! 🤩","Hey, that's my coffee here at home! 🤩"
masarap ba yung kape,Is the coffee good?
"Ay di ba ikaw nagkakapeee? Masarap ang kape, Magui. Ito na ang sign para uminom ka. Hays. 😌✨","Oh, don't you drink coffee? Coffee is good, Magui. This is the sign for you to drink it. Hays. 😌✨"
"Vakkla yan, o di ba? 😂😂😂","That's gay, isn't it? 😂😂😂"
Hoy @ChantyCalicdan wag na wag mo ilapit yang fake/cheap at pangit na corgi mo kay Cal at Cosmo baka mahawaan ng rabies at kacheapan cc @coolgirlaphro,"Hey @ChantyCalicdan, don't you dare bring that fake/cheap and ugly corgi of yours near Cal and Cosmo, they might get rabies and cheapness cc @coolgirlaphro"
Mas cheap di ba yung di man lang nagpaligaw ng matagal? Nakipag live in agad? Bwhahahahahaahah,Isn't it cheaper to not even let yourself be courted for a long time? Just moved in together immediately? Bwhahahahahaahah
"who protect from day one and still do @tellemjaye,family,friends who hate,bash him.all what he do or not,his life,career,friends,when his was with @hello_nadine,all about soulmate,cheating,break up,link all girls..nadine have bf his is good but james is bad.her fan fake jadine","who protects from day one and still do @tellemjaye,family,friends who hate,bash him.all what he do or not,his life,career,friends,when his was with @hello_nadine,all about soulmate,cheating,break up,link all girls..nadine have bf his is good but james is bad.her fan fake jadine"
"kapag talaga una mong inistan nawalan na ng member, sanay kana eh jsjskskaksha tatlo ba naman agad sa exo hehehehehe","When your first stan lost members, you get used to it, jsjskskaksha, three from EXO immediately, hehehehehe."
"ok lang,, parang kagat lang naman ng dinasour hehe ano ba kayo, ok lang ako.","It's okay, it's just like a dinosaur bite hehe, what are you guys, I'm fine."
di ko na shur kung bohai pa ba talaga  ako,I'm not sure if I'm really alive anymore.
yung frustrated chef ka tapos frustrated adonis dancer ka pa HAHAHAHAHAHAHAHAHA,You're a frustrated chef and a frustrated Adonis dancer too HAHAHAHAHAHAHAHAHA
tang ina sarap mo ah? kainin kita?,"Damn, you're delicious, ah? Should I eat you?"
eto talaga pinakahinihintay ko salamat sa notice g agad 😤,"This is what I've really been waiting for, thanks for the immediate notice 😤"
bat ganon sobrang saya ng mga bata kanina pero tangina diko talaga kayang sumabay sa saya habang malungkot ako,"Why is it that the kids were so happy earlier, but damn, I really can't join in the happiness when I'm sad?"
Di ba nakakaramdam tong Tatay ng tutee ko na di ako natatawa sa mga Daddy Jokes niya HAHAHA.,Doesn't this dad of my tutee feel that I'm not laughing at his Daddy Jokes HAHAHA.
MATUTULOG NA TALAGA AKO /srs,I'M REALLY GOING TO SLEEP NOW /srs
"Talaga ba? Pinarinig ba nila sa isa't isa? Ibig sabihin mas malakas sila sa mga damuho na yan. 
BBS ANJI","Really? Did they play it for each other? That means they're stronger than those scoundrels.
BBS ANJI"
Separate Kumu live nila dati. So I’m not sure if narinig nang isa’t isa.,Their Kumu lives were separate before. So I’m not sure if they heard each other.
Oh talaga so mas magaling pa kayo sa nbi at pdea wow HAHAHAHAH lol di niyo lang tanggap na talo kayo e,"Oh really, so you're better than the NBI and PDEA, wow HAHAHAHAH lol, you just can't accept that you lost."
Sarap talaga gumising na walang iniisip na problema,It's really wonderful to wake up without any problems on your mind.
"🛒
what was my layout when we became moots?","🛒
what was my layout when we became moots?"
2st ate,2st ate
Yes poo😊😊,"Yes, ma'am/sir 😊😊"
hala i mean 1st ate 😭,"Oops, I mean 1st ate 😭"
Ano ba nkalagay? Di ba 1st yun?,What's written there? Isn't it 1st?
2st ate typooo,2st ate typo
Hahahaha d ko Nkita yung 2 po😭😭,"Hahahaha, I didn't see the 2 😭😭"
GOOD TALAGA ANG MORNING 🥰,IT'S REALLY A GOOD MORNING 🥰
"Samber did not nominate Anji this time right. 
So it was weird that she was the spokeperson (who spoke with Anji) about her behavior towards KD. 
We are missing some context here. Sino ang lumapit kay Sam na kausapin si Anji?","Samber did not nominate Anji this time right. 
So it was weird that she was the spokesperson (who spoke with Anji) about her behavior towards KD. 
We are missing some context here. Sino ang lumapit kay Sam na kausapin si Anji?"
"Doc, it’s also weird because I remember, SamBer nominated Voldemort because of how he was meddling with KD and Anji that one time.","Doc, it’s also weird because I remember, SamBer nominated Voldemort because of how he was meddling with KD and Anji that one time."
Yes naalala ko to. Yun nga dahil may immunity ang bigateam di na ulit na nominate ni Sam si TJ. It might have prospered talaga knowing na may idea na si baccla sa meddling issues ni hotdog.,"Yes, I remember this. That's right, because the big team had immunity, Sam didn't nominate TJ again. It might have truly prospered knowing that the gay guy already had an idea of hotdog's meddling issues."
"KyCine will always have a special place in my heart! I will forever bleed purple and my heart will always scream “pusong lila!” 💜 
To my @francinecarreld & @kyle_echarri, please know that I am / we are, still here :) pag sinabi naming hanggang dulo, literal na hanggang dulo.","KyCine will always have a special place in my heart! I will forever bleed purple and my heart will always scream “pusong lila!” 💜 
To my @francinecarreld & @kyle_echarri, please know that I am / we are, still here :) pag sinabi naming hanggang dulo, literal na hanggang dulo."
Kme dto kycine dn kme dto sa Qatar  nalulungkot kme pero positive pa rn kme na hanggang dulo kme 300 kme dto support kycine hanggang dulo kht lalaki kasama nmin dto sa restaurant kycine dn,"We here, KyCine too, here in Qatar, we are sad but still positive that we are till the end. 300 of us here support KyCine till the end, even the men with us here in the restaurant are KyCine too."
"ang sarap naman po sa puso, opo sama sama po tayo support lang po tayo kay kyle and francine! ingat po kayo parati dyan 💜","That warms the heart so much, yes, let's support Kyle and Francine together! Take care always there 💜"
At kht busy kme gumagawa talaga kme para kht paanu my update kme at nag ppray kme nasa matigil na pag babash ky Kyle dhil sa simula pa lang marami na sacrifice si Kyle at sana un ang maalala nla,"And even if we're busy, we really make an effort to get updates and we pray that the bashing against Kyle stops because from the start, Kyle has sacrificed a lot and I hope they remember that."
"Dapat talaga sa bawat araw maging mapagmatyag sa mga kaganapan.
May mga bagay na hindi natin inaasahan at hindi ito pwedeng mangyari ng walang malinaw na paliwanag. #nakapagtatakalang","It's really necessary to be vigilant every day about what's happening.
There are things we don't expect and they shouldn't happen without a clear explanation. #nakapagtatakalang"
ang walang kwenta talaga ng mga live tweets ko hahaha,My live tweets are really so useless hahaha.
Ang hirap talaga pag nag antibiotic… kailangan lagi may laman tyan 🥲,It's really hard when you're on antibiotics... you always need to have food in your stomach 🥲
Sobrang blessed ko talaga na meron akong super bait na TL and love na love ako 😭,I'm so blessed to really have a super kind TL who loves me so much 😭
Thank you ate Joy!! 🥰🥰 As in yung pagiging ate niya extended lalo na nung nalaman niya yung nangyari sa akin 😭,"Thank you, Ate Joy!! 🥰🥰 Her 'ate' role really extended, especially when she found out what happened to me 😭"
Sarap magka ate talaga. 😭,It's really great to have an older sister. 😭
mas nakakapagisip talaga ako pag madilim paligid haha,I really think better when it's dark around me haha.
my eyes are swollen and then all of sudden yung plotwist?!?!??!?? I forgot mga pala super tindi ni ate seya sa mga plotwist.😭👊,"My eyes are swollen and then all of a sudden, the plot twist?!?!??!?? I forgot that Ate Seya is super intense with plot twists.😭👊"
"hoy grabe magang maga talaga mata ko, hindi nalang ako matutulog para hindi halata bukas punyemas 😭😭😭 huhu ang ganda ganda.","Hoy, seriously, my eyes are really swollen, I just won't sleep so it won't be noticeable tomorrow, damn it 😭😭😭 huhu, it's so beautiful."
i need to sleep na talaga kahit dipa aq antok haha goodmornighttttttt!!!!!!!!,I really need to sleep now even if I'm not sleepy haha goodmornighttttttt!!!!!!!!
pag ako nainis bibili talaga ako ng bagong sim para sa free shipping na yan 😈😈😈😈😈,"If I get annoyed, I'm really going to buy a new sim card for that free shipping 😈😈😈😈😈"
sumpa ke talaga ing kape nayta,That coffee is really cursed for you.
naiiyak ka na ba dyan @budjahjah 😭🤟🏻,Are you crying there @budjahjah 😭🤟🏻
Oo gagi naghihiwa ako ng sibuyas sensya kana,"Yes, fool, I'm chopping onions, sorry."
"chair up sayo😭😭😭 isunod mo na yung paghiwa ng pechay dyan, isasama mo pa yan sa ulam nyo","Chair up to you😭😭😭 next, chop the pechay there, you'll include that in your dish."
Oo mare pagtapos ko mag luto ng ginisang isda. Nilaga naman HAHAHAHAHA may pechay yon di ba😭🤘🏻,"Yes, friend, after I cook sauteed fish. Then nilaga HAHAHAHAHA it has pechay, right😭🤘🏻"
HAHAHHAHAAH SIGE ENJOY😭🤚,HAHAHHAHAAH GO ENJOY😭🤚
"Comment: Hays nakakakilig talaga sila
🔗 filipinosexstories.com/story…","Comment: Hays, they're really kilig-inducing
🔗 filipinosexstories.com/story…"
"oo, bsbo ako. alam ko 'yan, matagal na. 'di ako magaling pag dating sa acads na 'yan. yes, syempre dapat honest ako dito kase di naman talaga ako nag-aaral ng mabuti e. sino ba ang gaganahan dya'n!? sermon doon, sermon dito, walang support dya'n, walang support dito.","Yes, I'm dumb. I know that, for a long time. I'm not good when it comes to academics. Yes, of course, I should be honest here because I don't really study hard anyway. Who would be motivated there!? Lectures here, lectures there, no support here, no support there."
hindi joke matutulog na talaga ako 😆,"No joke, I'm really going to sleep now 😆"
seryoso na goodnight na talaga..,"Seriously, goodnight for real.."
"Ang talino at ang galing ng nakaisip ng ganitong concept. Originally Filipino talaga. 
BGYO GELO CONCEPT ART
#BGYOkundiman  
#BGYO @bgyo_ph","The person who came up with this concept is so smart and talented. Truly original Filipino. 
BGYO GELO CONCEPT ART
#BGYOkundiman  
#BGYO @bgyo_ph"
"True ganda pa
BGYO GELO CONCEPT ART
#BGYOkundiman  
@bgyo_ph","True, it's also beautiful
BGYO GELO CONCEPT ART
#BGYOkundiman  
@bgyo_ph"
"Di ba? Kudos talaga sa management at sa buong team ng BGYO 
BGYO GELO CONCEPT ART
#BGYOkundiman  
#BGYO @bgyo_ph","Right? Kudos really to the management and the entire BGYO team
BGYO GELO CONCEPT ART
#BGYOkundiman  
#BGYO @bgyo_ph"
"Yes kudos to the people behind this wonderful concept..
BGYO GELO CONCEPT ART
#BGYOkundiman  
@bgyo_ph","Yes, kudos to the people behind this wonderful concept..
BGYO GELO CONCEPT ART
#BGYOkundiman  
@bgyo_ph"
"mga ilang weeks ko rin tinry maging morning person,,, nagawa ko naman siya 😀👍🏼 wala nga lang akong nagawang matino at kaproud proud na output HAHAHAH mare di talaga kaya hapon to madaling araw talaga gumagana utak q 🥲","I tried to be a morning person for a few weeks,,, I managed it 😀👍🏼 but I didn't produce anything meaningful or proud-worthy HAHAHAH mare, I really can't, my brain really works from afternoon to early morning 🥲"
"Mariin namang napapikit si Kyungsoo at napayakap naman siya ng mahigpit sa kaibigan niya.
Pakiramdam niya mali desisyon niya pero ayaw niya rin talaga na habang sila dito palang din naghihilom si Yixing sa nakaraan niya.
It’s unfair to his side. He knows his worth.","Kyungsoo closed his eyes tightly and hugged his friend tightly.
He felt like his decision was wrong, but he also didn't want Yixing to still be healing from his past while they were there.
It’s unfair to his side. He knows his worth."
"He deserves a man who has already moved forward and is ready to love a new one again.
Hindi yung mahal nga siya pero stuck parin ito sa nakaraan niya kaya ngayon ay sobrang gulo ng isip at puso nito.
Mahal niya si Yixing, sobra. Pero hindi siya magpapakatanga para rito.","He deserves a man who has already moved forward and is ready to love a new one again.
Not someone who loves him but is still stuck in their past, making their mind and heart so confused right now.
He loves Yixing, a lot. But he won't be foolish for him."
"Nanatili naman sila Baekhyun at Sehun sa bahay nila Chanyeol para masamahan ni Baekhyun si Kyungsoo.
Kasalukuyan namang nasa sala yung dalawa habang sila Chanyeol at Sehun ay nasa kusina.
Naghahanda ng snacks si Chanyeol para sa kanila at tinutulungan naman siya ni Sehun.","Baekhyun and Sehun stayed at Chanyeol's house so Baekhyun could accompany Kyungsoo.
The two are currently in the living room while Chanyeol and Sehun are in the kitchen.
Chanyeol is preparing snacks for them and Sehun is helping him."
"“Sin.” Tawag ni Sehun.
Saglit namang napatingin si Chanyeol sa kanya at ibinaling naman niya ulit ang tingin niya sa ginagawa niya.
“Bakit?”
""I just want to say sorry sa ginawa ni Kuya Alon kay Mage. Di man kami sobrang close ni kuya I still want to say sorry on his behalf.”","""Sin,"" Sehun called out. Chanyeol briefly looked at him, then returned his gaze to what he was doing. ""What is it?"" ""I just want to apologize for what Kuya Alon did to Mage. Even if Kuya Alon and I aren't super close, I still want to apologize on his behalf."""
"Chanyeol pursed his lips as he lightly nodded his head.
""I appreciate that. And don't worry about it mas galit ako sa sarili ko kesa kay Kuya Alon.""
Napatigil naman si Sehun sa ginagawa niya at napalingon siya kay Chanyeol.
""Dahil ba hinayaan mong mangyare ang mga nangyare?""","Chanyeol pursed his lips and nodded lightly. ""I appreciate that. And don't worry about it, I'm angrier at myself than at Kuya Alon."" Sehun stopped what he was doing and looked at Chanyeol. ""Is it because you let what happened, happen?"""
"Tumango naman si Chanyeol.
""Simula palang iba na pakiramdam ko kay Kuya Alon ehh pero hinayaan ko kasi gustong-gusto siya ni Mage. Kung san masaya si Mage dun ako.""
Napatitig naman saglit si Sehun sa kanya at bahagya siyang napabuntong hininga.","Chanyeol nodded. ""From the start, I already had a weird feeling about Kuya Alon, but I let it be because Mage really liked him. Wherever Mage is happy, that's where I'll be."" Sehun stared at him for a moment and sighed slightly."
"Ibinaling naman ulit ni Sehun tingin niya sa ginagawa niya at dito na siya nagsalita.
""Sin, may gusto ka kay Mage diba?""
Natigilan naman si Chanyeol sa biglang tanong ni Sehun.
""I mean, mahal mo siya diba?""
Hindi naman makasagot si Chanyeol at napatingin lang siya sa kawalan.","Sehun turned his attention back to what he was doing and then spoke. ""Sin, you like Mage, don't you?"" Chanyeol was stunned by Sehun's sudden question. ""I mean, you love him, don't you?"" Chanyeol couldn't answer and just stared into space."
"Nilingon naman ni Sehun si Chanyeol at bahagya namang napangisi si Chanyeol.
With Chanyeol's reaction, Sehun already knows the answer.
Napabuntong hininga naman si Sehun sabay tango.
""I see. Mahal mo nga. I can tell matagal mo na siyang mahal tama ba?""","Sehun looked at Chanyeol, and Chanyeol grinned slightly. With Chanyeol's reaction, Sehun already knew the answer. Sehun sighed and nodded. ""I see. You really do love him. I can tell you've loved him for a long time, right?"""
"Napabuntong hininga naman si Chanyeol at nagpatuloy naman siya sa pagtimpla ng maiinom nila.
""Ever since. But it doesn't matter. I'm already contented just being close to him. That's enough for me. And besides, mahal niya si Kuya Alon. Kita ko kung gaano niya siya kamahal.""","Chanyeol sighed and continued preparing their drinks. ""Ever since. But it doesn't matter. I'm already content just being close to him. That's enough for me. And besides, he loves Kuya Alon. I can see how much he loves him."""
"""So, you won't try and confess to him?""
""It's better to keep what I feel. Ayoko maguluhan si Mage. If I tell him what I feel mappressure yun. He’d feel bad kasi he can’t return the feelings. Baka masira lang din pagkakaibigan namin dahil dun.”","""So, you won't try and confess to him?"" ""It's better to keep what I feel. I don't want to confuse Mage. If I tell him what I feel, he'll feel pressured. He’d feel bad because he can’t return the feelings. Our friendship might just be ruined because of that."""
"“Kaya ka ba may girlfriend?”
“Huh?”
“Kaya ka ba may girlfriend para maisantabi feelings mo para sa kanya?”
Napahinga naman ng malalim si Chanyeol at naglakad naman siya papunta sa ref para kumuha ng yelo.
“Nung una pero ngayon gusto ko narin naman si Riki.”","""Is that why you have a girlfriend?"" ""Huh?"" ""Is that why you have a girlfriend, so you can set aside your feelings for him?"" Chanyeol took a deep breath and walked to the fridge to get some ice. ""At first, yes, but now I like Riki too."""
"“Pero si Mage parin top one sa puso mo?”
Hindi naman sumagot si Chanyeol at inabala niya sarili niya sa tinitimpla niyang inumin.
“Enough about us. Kayo ba ni Resi? Mutual naman feelings niyo at matagal niyo na kilala isa’t isa bat nasa ligawan stage kayo?”","""But Mage is still number one in your heart?"" Chanyeol didn't answer and busied himself with the drink he was preparing. ""Enough about us. How about you and Resi? Your feelings are mutual, and you've known each other for a long time, so why are you still in the courting stage?"""
"“‘Cause I still want to do it right. Slowly but surely. Atsaka matagal din yung mga taon na hindi kami nagkausap at nagkita. Madaming nagbago at nadagdag sa mga buhay namin kaya we still need to have this getting to know stage, this ligawan stage.”","""‘Cause I still want to do it right. Slowly but surely. Besides, it's been a long time since we last spoke and saw each other. A lot has changed and been added to our lives, so we still need to have this getting to know stage, this courting stage."""
"“Hmm… sabagay. Pero teka matanong nga kita, nung una sabi mo raw kay Resi friends lang, bakit?”
Bahagya namang umismid ng tawa si Sehun at medyo nakaramdam siya ng onting hiya rito.
“Nakakahiya man amin pero natakot kasi ako.”
“Natakot? Saan?”","""Hmm… you have a point. But wait, let me ask you, at first you said to Resi that you were just friends, why?"" Sehun chuckled awkwardly, feeling a bit embarrassed. ""It's embarrassing to admit, but I was scared."" ""Scared? Of what?"""
“Natakot ako na baka umulit ulit yung sakit na naranasan ko sa nakaraan namin. Sa totoo lang yung biglang paglaho ni Resi sobrang naapektuhan ako nun. Mahal ko siya ehh tas bigla na lang siyang naglaho ng parang bula. I don’t even know what happened kaya di ko alam iisipin ko.”,"""I was scared that the pain I experienced in our past would repeat itself. To be honest, Resi's sudden disappearance really affected me. I loved her, and then she just vanished into thin air. I don't even know what happened, so I didn't know what to think."""
"Napatango naman si Chanyeol sabay hingang malalim.
“Sabagay. Kung ako rin nasa posisyon mo matatakot nga rin ako. Buti nagrisk ka ulit. Na-trigger ka ba nung supervisor ni Resi?”
Di naman napigilan ni Sehun tawa niya pero tumango naman siya in response sa tanong ni Chanyeol.","Chanyeol nodded, taking a deep breath. ""True. If I were in your position, I'd be scared too. Good thing you risked it again. Did Resi's supervisor trigger you?"" Sehun couldn't help but laugh, but he nodded in response to Chanyeol's question."
"“That actually really made me feel more scared but this time it’s scared about totally losing Resi. I mean, I’d rather be hurt again with the same pain from the past rather than being hurt from a new pain which is losing Resi to another person. Kaya I’m risking it.”","""That actually really made me feel more scared but this time it’s scared about totally losing Resi. I mean, I’d rather be hurt again with the same pain from the past rather than being hurt from a new pain which is losing Resi to another person. That's why I'm risking it."""
"“Sir Clark became your wake up call huh?”
“Yeah. I guess. Sana ikaw din magkaron ka ng taong gigising sayo.”
“Tss. Gago. Ayos na nga ako sa sitwasyon namin ngayon.”
“You’re saying that now kasi di pa secured talaga si Mage pero tignan mo talaga pag yan si Kuya Alon naging","""Sir Clark became your wake-up call, huh?"" ""Yeah. I guess. I hope you also find someone who will wake you up."" ""Tsk. Jerk. I'm fine with our situation now."" ""You’re saying that now because Mage isn't truly secured yet, but you'll really see when Kuya Alon becomes"""
"totoong maayos na at seseryosohin na niya talaga si Mage. You’ll feel what I felt talaga.”
“Tigilan mo na nga ako dyan. Tara na. Tapos na ko dito. Tapos ka na ba dyan sa dip ng nachos?”
Tumango naman si Sehun at binuhat naman na niya yung bowl ng dip at yung bowl ng nachos.","truly settled and seriously commits to Mage. You’ll really feel what I felt."" ""Stop it already. Let's go. I'm done here. Are you done with the nacho dip?"" Sehun nodded and picked up the bowls of dip and nachos."
"Sabay naman na silang lumabas ng kusina at diretsong pumunta sa sala kung saan nag-uusap yung dalawang magkaibigan.
Pagkarating nila doon ay di naman na umiiyak si Kyungsoo at nagchichismisan na yung dalawa.
“Bilis naman makarecover sa iyak ni Mage.” Natatawang bulong ni Sehun.","They both left the kitchen and went straight to the living room where the two friends were talking. When they arrived, Kyungsoo was no longer crying and the two were already gossiping. ""Mage recovered quickly from crying,"" Sehun whispered, laughing."
"“Ganyan yan. Pero panigurado mamaya pag mag-isa na lang ulit yan iiyak na naman yan.”
“Edi wag mo iwan mag-isa. Samahan mo matulog sa kwarto niya.”
“Luh sira ka ba? Never pa nga akong nakapasok sa kwarto niyan.”
“Luh talaga ba?”","""That's how he is. But I'm sure later when he's alone again, he'll cry again."" ""Then don't leave him alone. Sleep with him in his room."" ""Huh, are you crazy? I've never even been inside his room."" ""Really, though?"""
"“Oo. I have full respect for him kaya I never enter his room. Mas nauna pa ngang makapasok dun si Kuya Alon kesa sa ‘kin ehh.”
“Wow. Sa tagal niyong magkaibigan never ka pa talagang nakapasok dun?”
“Oo nga. Siya madalas pumapasok sa kwarto ko kahit walang paalam.”","""Yes. I have full respect for him, so I never enter his room. Kuya Alon even got to go in there before me."" ""Wow. After all these years of being friends, you've never really been in there?"" ""Yeah. He often enters my room without permission."""
"“Kahit papasukin ka niya sa kwarto niya di ka pumapasok?”
“Oo. I make excuses. Anyway, tara na.”
Nauna naman nang lumapit si Chanyeol kela Kyungsoo at Baekhyun at nilapag naman niya yung tray na may pitchel ng juice at mga baso sa lamesa.","""Even if he lets you into his room, you don't go in?"" ""Yes. I make excuses. Anyway, let's go."" Chanyeol approached Kyungsoo and Baekhyun first and placed the tray with a pitcher of juice and glasses on the table."
"Kinuha naman niya yung isang mug na andun na may lamang hot choco at ibinigay niya kay Kyungsoo.
“Eto sayo. Swiss Miss with coffee and cream to make you calmer.”
Napatingin naman si Kyungsoo kay Chanyeol at bahagya namang lumambot ang mga titig niya habang bahagyang napanguso.","He took a mug that was already there, filled with hot cocoa, and gave it to Kyungsoo. ""Here's yours. Swiss Miss with coffee and cream to make you calmer."" Kyungsoo looked at Chanyeol, his gaze softening slightly as he pouted."
"“Thank you, bes. You really know me.”
Ngumiti lang naman si Chanyeol sa kanya at naupo siya sa tabi nito.
Napapangisi naman si Sehun haban inilapag yung chips sa lamesa. Napansin naman ni Baekhyun yung ngisi nito kaya naman napatitig siya kay Sehun na medyo nakakunot ang noo.","""Thank you, bestie. You really know me."" Chanyeol just smiled at him and sat beside him. Sehun grinned as he placed the chips on the table. Baekhyun noticed his grin and stared at Sehun with a slight frown."
"Naglakad naman papunta si Sehun kay Baekhyun at naupo siya sa tabi nito.
“Bat ka ngumingisi dyan ha?” Agad na tanong ni Baekhyun kay Sehun.
“Ha? Ahh wala naman.”
“Wala daw.”
Natawa naman ng kaonti si Sehun at piningot niya ang ilong ni Baekhyun na ikinabigla nung isa.","Sehun walked towards Baekhyun and sat beside him. ""Why are you grinning like that, huh?"" Baekhyun immediately asked Sehun. ""Huh? Oh, nothing."" ""He says 'nothing'."" Sehun chuckled a little and playfully pinched Baekhyun's nose, surprising him."
"“Kulit talaga. Wala nga. Anyway, musta si Mage?
Napahingang malalim naman si Baekhyun at kumuha naman siya ng chips doon sa bowl bago magsalita.
“Medyo kalmado na siya. Sabi niya maayos naman pag-uusap nila ni Kuya Alon ehh. He just really chose to break up with him to give","""You're really playful. I'm serious, it's nothing. Anyway, how's Mage?"" Baekhyun took a deep breath and grabbed some chips from the bowl before speaking. ""He's a bit calmer now. He said his conversation with Kuya Alon went well. He just really chose to break up with him to give"""
"Kuya Alon time to heal and move forward on his own. Sinabi naman niya sa kanya na if he’s already fully healed and have moved forward he’ll give him another chance.”
“Really? Wow. Mahal na mahal niya nga talaga si Kuya Alon.”
“Sobra. I get him naman. Iba talaga pag first love.”","Kuya Alon time to heal and move forward on his own. He told him that if he’s already fully healed and has moved forward, he’ll give him another chance.” “Really? Wow. He truly loves Kuya Alon.” “Very much. I get him though. First love is really different.”"
"Napatitig naman si Sehun kay Baekhyun at bahagya naman siyang napangisi.
“Hmm… speaking of first love, sino first love mo, kupz? Ako ba?”
Para namang nabilaukan si Baekhyun sa kinakain niyang chips kaya naman dali-daling kumuha ng juice si Sehun at binigay ito kay Baekhyun.","Sehun stared at Baekhyun and grinned slightly. ""Hmm... speaking of first love, who's your first love, buddy? Is it me?"" Baekhyun seemed to choke on his chips, so Sehun quickly grabbed some juice and gave it to Baekhyun."
"“Luh. Babes, ayos ka lang? Anyare sayo dyan?” Alalang tanong ni Kyungsoo.
Tumango naman si Baekhyun at ipinokus niya ang sarili sa pag-inom nung juice.
Marahan namang hinimas ni Sehun sa likod si Baekhyun at pilit naman niyang pinipigilan ang mapangiti ng husto.","""Oh no. Babes, are you okay? What happened to you?"" Kyungsoo asked worriedly. Baekhyun nodded and focused on drinking the juice. Sehun gently rubbed Baekhyun's back, trying hard to suppress a wide smile."
"☽ 91
yieee resi pers lab ang clae-clae","☽ 91
yieee resi is clae-clae's first love"
"☽ 92
sige sirain niyo happiness ni clae-clae 🤣","☽ 92
go ahead and ruin clae-clae's happiness 🤣"
"☽ 93
in thiz houz paladesisyon uz 😮‍💨","☽ 93
in this house we're judgmental 😮‍💨"
"☽ 94
no pressure resi 😌","☽ 94
no pressure, Resi 😌"
"☽ 95
sA iYo 😳💓 aNg frEsH 🍃💨 cOnFidEnCe kO 😘😍","☽ 95
My fresh confidence is all yours 😳💓🍃💨😘😍"
"☽ 96
lakas talaga clae-clae","☽ 96
clae-clae is so strong"
"☽ 97
gague clae-clae 🤣","☽ 97
damn clae-clae 🤣"
"☽ 98
aaaaaayyyyy 👁👄👁","☽ 98
aaaaaaayyyyy 👁👄👁"
"☽ 99
update niyo kasi si babes dib 🤧","☽ 99
update babes already, right? 🤧"
"☽ 100
naks naman candresi 😂","☽ 100
well done, Candresi 😂"
"~
Bago magtanghalian naman pumunta si Sehun sa bahay nila Baekhyun. Sinabihan kasi siya ng nanay ni Baekhyun na doon na lang sila mananghalian.
Pagkarating naman ni Sehun doon ay naliligo pa si Baekhyun kaya naman tinulungan niya munang magluto ang nanay ni Baekhyun.","Before lunchtime, Sehun went to Baekhyun's house. Baekhyun's mother had told him they should just have lunch there. When Sehun arrived, Baekhyun was still showering, so he helped Baekhyun's mother cook first."
"""Musta naman panliligaw mo kay Resi, anak?"" Tanong ng nanay ni Baekhyun.
""Ayos naman po, tita. Di naman po ako masyadong pinapahirapan ni Resi. Pero tita ang tigas ng ulo talaga ng anak niyo po. Pag may overtime sila laging nagpapalipas ng hapunan.""","""How's your courting of Resi, son?"" Baekhyun's mother asked. ""It's going well, Auntie. Resi isn't giving me too much trouble. But Auntie, your son is really stubborn. When they have overtime, he always skips dinner."""
"""Ay nako, anak. Yan din sinesermon ko kay Resi. Sinabing kumain siya sa tamang oras tuwing nag-oovertime sila kasi nga mahina katawan niya.""
""Kaya nga po tita ehh. Pero tita di uubra yun sa 'kin kaya ginagawa ko tita pinupuntahan ko siya sa opisina nila para dalan ng pagkain.""","""Oh my, son. That's what I always tell Resi too. I tell him to eat on time whenever they have overtime because his body is weak."" ""Exactly, Auntie. But Auntie, that won't work on me, so what I do, Auntie, is I go to his office to bring him food."""
"Bahagya namang natawa ang nanay ni Baekhyun at napatango pa ito ng ulo.
""Tama yan. Dapat talaga sapilitan para sumunod yan.""
Napatingin naman ang nanay ni Baekhyun kay Sehun at napangiti naman ito ng malambot dito.
""Anak, maraming salamat ha? Salamat at inaalagaan mo anak ko.""","Baekhyun's mother chuckled slightly and nodded. ""That's right. You really have to force him so he'll obey."" Baekhyun's mother looked at Sehun and smiled softly at him. ""Son, thank you so much, really. Thank you for taking care of my child."""
"Napabaling naman ang tingin ni Sehun dito at hiya naman siyang napangiti.
""Responsibilidad ko po yun, tita. Kaakibat po ng pagmamahal ko sa kanya ang pag-alaga sa kanya.""
""Tama talaga pakiramdam ko sayo nung una kitang nakita sa palengke. Sabi na mabuti kang bata.""","Sehun's gaze turned to her, and he smiled shyly. ""It's my responsibility, Auntie. Caring for him comes with my love for him."" ""My feeling about you was right when I first saw you at the market. I knew you were a good kid."""
"Ngumiti na lang naman si Sehun at nagpatuloy na sila sa niluluto nila. Maya-maya naman ay biglang sumigaw si Baekhyun mula sa taas dahil sa 2nd floor bathroom siya naligo.
""Inay!!! Asan po yung mga shampoo?! Wala na pong shampoo dito!""
""Ayy anak! Andito sa baba! Nasa banyo!""","Sehun just smiled, and they continued cooking. A moment later, Baekhyun suddenly shouted from upstairs because he was showering in the 2nd-floor bathroom. ""Mom!!! Where are the shampoos?! There's no shampoo here anymore!"" ""Oh, son! It's down here! In the bathroom!"""
"""Paakyatan po ako, nay!""
Kikilos na sana ang nanay ni Baekhyun para kuhanan ng shampoo ang anak pero pinigilan naman ito ni Sehun.
""Tita ako na po. Pagpatuloy niyo na lang po pagluluto niyo dyan.""
""Ahh osige, anak. Andun lang sa bungad na lagayan yung mga shampoo.""","""Please bring it up for me, Mom!"" Baekhyun's mother was about to move to get shampoo for her son, but Sehun stopped her. ""Auntie, I'll do it. Just continue cooking there."" ""Oh, okay, son. The shampoos are in the holder right by the entrance."""
"""Sige po. Kuhanan ko na po si Resi.""
Dali-dali namang tumakbo si Sehun papunta sa banyo at agad naman niyang nakita yung mga shampoo. Kinuha niya yung isang malaki at mabilis na siyang tumakbo papunta sa taas.","""Okay. I'll get it for Resi."" Sehun quickly ran to the bathroom and immediately saw the shampoos. He grabbed a large one and quickly ran upstairs."
"Pagkarating naman niya doon ay di naman niya inaasahan na maaabutan niya sa may hallway si Baekhyun na nakatapis at basang-basa ang buhok.
Napatitig naman siya rito mula ulo pababa sa paa at bahagya naman siyang napalunok.","When he got there, he didn't expect to find Baekhyun in the hallway, wrapped in a towel and with soaking wet hair. He stared at him from head to toe and swallowed slightly."
"Alam naman niyang maputi si Baekhyun pero di niya inaasahan na ganito itp kaputi at kakinis ang balat.
Bahagya naman siyang nagulat nung biglang napalingon sa gawi niya si Baekhyun.
""Ay chanak ka! Bakit andito ka na?!""","He knew Baekhyun was fair-skinned, but he didn't expect him to be this fair and to have such smooth skin. He was slightly surprised when Baekhyun suddenly turned his way."
"Gulat na sigaw ni Baekhyun at napatakip naman siya sa katawan niya gamit ang mga kamay niya.
Mabilis namang napatalikod si Sehun at ramdam naman niya yung bilis ng kabog ng dibdib niya.
Di niya sinasadya pero nakita niya yung mga pandesal ni Baekhyun sa harap.","""Oh, you little imp! Why are you here already?!"" Baekhyun shouted in surprise, covering his body with his hands. Sehun quickly turned his back, feeling his heart pounding fast. He didn't mean to, but he saw Baekhyun's abs in front of him."
"Kung titignan mo si Baekhyun mukha siyang patpatin pero pagnakita mo na yung katawan nito ay may tinatago rin talagang mga muscles ito.
""Soㅡsorry, Resi. Nagluluto kasi si tita kaya ako na kumuha nung shampoo.""
""Asan na yung shampoo?!""
""Eㅡeto.""","If you look at Baekhyun, he seems thin, but if you see his body, he really does have hidden muscles. ""So—sorry, Resi. Auntie's cooking, so I got the shampoo."" ""Where's the shampoo?!"" ""H—here."""
"Lilingon na dapat si Sehun para i-abot yung shampoo pero bigla namang sumigaw si Baekhyun.
""Wag ka lilingon! I-abot mo lang yung shampoo! Ako lalapit para kunin! Paglumingon ka itutulak kita talaga dyan!""
Mabilis namang tumango si Sehun at inabot niya sa likod yung shampoo.","Sehun was about to turn around to hand over the shampoo, but Baekhyun suddenly shouted, ""Don't look! Just reach the shampoo! I'll come closer to get it! If you look, I'll really push you down there!"" Sehun quickly nodded and reached the shampoo behind him."
"Dahan-dahan namang lumapit si Baekhyun sa kanya at mabilis naman nitong kinuha yung shampoo atsaka humaripas ng takbo pabalik sa loob ng banyo.
Pagkapasok niya sa banyo ay nagpakawala siya ng sobrang lalim na buntong hininga at dito naman lalo niyang naramdaman ang hiya.","Baekhyun slowly approached him and quickly took the shampoo, then rushed back into the bathroom. Once inside the bathroom, he let out a very deep sigh, and that's when he felt even more embarrassed."
"☽ 101
cutie mo clae-clae 🤣","☽ 101
you're so cute clae-clae 🤣"
"☽ 102
tama yan kuya keen itrigger mo pa 😌","☽ 102
that's right, Kuya Keen, trigger him more 😌"
"☽ 103
hinga lang clae-clae 😮‍💨","☽ 103
just breathe, clae-clae 😮‍💨"
"☽ 104
                                          📈
junjun's mood 📈📉📈","☽ 104
junjun's mood 📈📉📈"
"☽ 105
gutom na ang resi 😗","☽ 105
resi is hungry 😗"
"☽ 106 - narration
dito ko na lang lagay medyo mahaba ehh
✨ privatter.net/p/8213088 ✨
ps. happy sunday (o^－^o)","☽ 106 - narration
I'll put it here, it's a bit long ehh
✨ privatter.net/p/8213088 ✨
ps. happy sunday (o^－^o)"
"☽ 107
talaga ba mageni? 🤧","☽ 107
is that true, Mage? 🤧"
"☽ 108
aww resi niyo babie pa raw 😮‍💨","☽ 108
aww, your Resi is still a baby, apparently 😮‍💨"
"☽ 109
shutacca talaga mageni 🤣","☽ 109
shut up, Mage, seriously 🤣"
"☽ 110
taena mage HAHAHAHAHAHAHA","☽ 110
damn it, Mage HAHAHAHAHAHAHA"
"/commercial/
sabog ako dun sa tweet ni resi di ko alam bat ko na type ""yung mata"". iniisip ko bat ko tinype yun ૮(꒦ິཅ꒦ິ)ა sensya na kayo ( ･ᴗ･̥̥̥ )","/commercial/
I was so messed up with Resi's tweet, I don't know why I typed ""yung mata"" (the eye). I'm wondering why I typed that ૮(꒦ິཅ꒦ິ)ა Sorry ( ･ᴗ･̥̥̥ )"
"☽ 111
babie ang resi 🤧","☽ 111
Resi is a baby 🤧"
PUTANGINA MO THOMAS NAUULOL TALAGA KO SAYO,"DAMN YOU, THOMAS, YOU'RE DRIVING ME CRAZY"
PUTANGINA PA HUG RIN AKO CISTERNA,"DAMN IT, HUG ME TOO, CISTERNA"
HAHAHAHAHAHAHAHAHAHAHA ANG GWAPO NG NAG S-SERVE SI 10 PUTANGINA DADDY,"HAHAHAHAHAHAHAHAHAHAHA THE ONE SERVING IS SO HANDSOME, NUMBER 10, DAMN IT DADDY"
Sge mag kalat ka tulog naman tl mo HAHAHSHSHSHSHSHHAHA GAGO ANG GWAPO TALAGA,"Go ahead and make a mess, your TL is asleep anyway HAHAHSHSHSHSHSHHAHA DAMN HE'S REALLY HANDSOME"
Tangina thomas ikaw talaga ang laman ng puso ko,"Damn, Thomas, you're truly the one in my heart"
Tapos si yuki yung blood,And Yuki is the blood
ang sipag ko talaga magstream ngayon 😂 tas sumali pa kong streaming team sa cb naman ni jongin AHAHHAHAHAHHA,I'm really diligent in streaming today 😂 and I even joined a streaming team for Jongin's comeback AHAHHAHAHAHHA
Sobrang nakakapagod mag pa intindi at umintindi sa pa ulit ulit na pangyayari bahala na. darating at darating talaga tayo sa punto ng buhay natin na ayaw nalang nating sabihin kung anong problema.,"It's so tiring to make others understand and to understand the same recurring situations, whatever. We will really reach a point in our lives where we just don't want to say what the problem is."
potangina ruin 1 talaga start,"damn it, ruin 1 is really the start"
"Sana i invite ni kuya sina @anqelaken at @s4mcruz sa bahay niya tapos sila kumausap kina anji at Kd. 
Sila mas nakakaalam sa kung anong friendship meron ang KyJi. 
Please @PBBabscbn @direklauren 
#PBBTellThemTheRealIssue","I hope Kuya invites @anqelaken and @s4mcruz to his house and they talk to Anji and Kd.
They know more about the friendship KyJi has.
Please @PBBabscbn @direklauren
#PBBTellThemTheRealIssue"
"Sa lahat kasi ng nag advice kanina, parang si Kyle lang nakakaintindi sa Kyji 🥺
PROTECT KYJI AT ALL COST","Among all who advised earlier, only Kyle seems to understand Kyji 🥺
PROTECT KYJI AT ALL COST"
"I appreciate Alexa and Shai din naman,   thankful din ako na they were there for Anji.
pero di po pag set ng boundaries yung needed nila, ang kailangan po nila is acceptance. 
PROTECT KYJI AT ALL COST","I appreciate Alexa and Shai too, I'm also thankful they were there for Anji.
But setting boundaries isn't what they need, what they need is acceptance.
PROTECT KYJI AT ALL COST"
"Inuulit ko po TJ at tita Samber, acceptance po na ganun talaga sila yung kailangan nila, hindi po boundaries ‼️‼️‼️‼️
PROTECT KYJI AT ALL COST 📢📢📢","I repeat, TJ and Tita Samber, what they need is acceptance that they are truly like that, not boundaries ‼️‼️‼️‼️
PROTECT KYJI AT ALL COST 📢📢📢"
"Di po ako galit kay tita samber, nagtatampo lang po ako hehe :(
Pero kay TJ, hays juskooo nai stress ako.","I'm not mad at Tita Samber, I'm just a bit disappointed hehe :(
But with TJ, ugh, I'm so stressed."
I WAS READY TO DEBUT IN TWITTER SPACE PERO NATAKOT AKO MAGSALITA BUTI NALANG NANDON SI MS JONI BAUTISTA SHHDEJBD,I WAS READY TO DEBUT IN TWITTER SPACE BUT I WAS SCARED TO SPEAK THANK GOODNESS MS JONI BAUTISTA WAS THERE SHHDEJBD
HAHAHAHAH ME 2 AWNESTLY,HAHAHAHAH ME TOO HONESTLY
IT WAS SO FRUSTRATING WHEN THAT ONE PERSON STARTED TO TRY AND INVALIDATE TANNIES 😕😕,IT WAS SO FRUSTRATING WHEN THAT ONE PERSON STARTED TO TRY AND INVALIDATE TANNIES 😕😕
HE KEPT LOW DIN LMAOODHDJDH mans was attempting 😭 it's draining kasi we've been having this convo time n time again pero ganon pa rin perception ng majority gskdgjdhd. buti na lang talaga those two stood up for the tannies somehow,HE KEPT LOW DIN LMAOODHDJDH mans was attempting 😭 it's draining kasi we've been having this convo time n time again pero ganon pa rin perception ng majority gskdgjdhd. buti na lang talaga those two stood up for the tannies somehow
wow teh pamilyado na yung tao proud na proud ka pang kabit ka nya sa opis hahahahhaha grabe kaya di ko inaaccept yung lalaki na yun sa IG iba talaga pkiramdam ko dun,"wow sis, that person already has a family and you're so proud to be his mistress at the office hahahahhaha that's why I didn't accept that guy on IG, I really had a weird feeling about him"
tos proud pa si ate gurl na may something emerut sila nung family guy 😡 ibang usapan na yan pag may pamilya na hayup ka haha,"and that girl is proud that she has something going on with the family guy 😡 that's a different story when there's already a family, you animal haha"
Gravityy na talaga to guys,"This is really serious, guys"
"K, bad ka. Dapat talaga sayo pinapatumba","K, you're bad. You really deserve to be taken down."
ang hilig sa wipe talaga tommaso,Tommaso really likes to wipe.
Wait di ba si Kang Sora yung partner ni papi sa warm and cozy? Halaaaaa lahat ng nakaka-partner ni papi kinakasal naaaaa!! Susunod na ba?🤡😆,"Wait, wasn't Kang Sora papi's partner in Warm and Cozy? Oh nooooo, all of papi's partners are getting married nowwww!! Is he next? 🤡😆"
Di talaga uso sa kanya ang JOKE noh. Rold when?,"JOKES really aren't his thing, huh. Rold, when?"
I love this conyo Jared since day 1 talaga 🤭,I really love this conyo Jared since day 1 🤭
dito talaga ako iiyak. :(,This is where I'll really cry. :(
PROMISE NAKAKABALIW AT MASASANAY KA RIN NA MINSAN LANG MAGKA UPDATE FROM THE BOYS HAHAHAHAHA,I PROMISE IT'S DRIVING ME CRAZY AND YOU'LL GET USED TO THE BOYS ONLY GIVING UPDATES ONCE IN A WHILE HAHAHAHAHA
SAMEDT FEELSSSSS HUHUHUHUHU. BEST YEAR TALAGA NUNG 2018 HUHUHUHUHU,SAME FEELS HUHUHUHUHU. 2018 WAS REALLY THE BEST YEAR HUHUHUHUHU
"When Seconds After Sunset said: iba talaga, pag ikaw ang kasama
Sa mundong nakakapagod, ikaw ang aking pahinga
Malaman mo sanang mahal parin kita 🤍","When Seconds After Sunset said: it's really different, when I'm with you
In this tiring world, you are my rest
Just know that I still love you 🤍"
hindi talaga ako naniniwala sa 3 month rule.. charot 🤣🤣🤣,I really don't believe in the 3-month rule.. kidding 🤣🤣🤣
"uu. pero minsan ginagamit ko parin iphone ko kasi buhay pa naman pero lapit na talaga sha mag give up
sayout.me/say/pausibol","yes. but sometimes I still use my iPhone because it's still alive but it's really about to give up
sayout.me/say/pausibol"
ang ganda mo talaga tanginaaa,"you're really beautiful, damn it"
haha... walang gising talaga,haha... no waking up at all
Andaming pabaong goodluck sa akin. Kailangan ko nga talaga HAHAHAHA,So many good luck wishes for me. I really need them HAHAHAHA
"Apakafresh pa sakanya ung ""love"", yawit mamamatay talaga ung sisira ng meaning nun sakanya","The word ""love"" is so fresh to him, damn, whoever ruins its meaning for him will really die"
Mapapa PRAISE GOD ka talaga at 9:40 sleeping na ang kambal 😂❤️,You'll really PRAISE GOD when the twins are already sleeping at 9:40 😂❤️
TANGINA KALIMUTAN PALA TALAGA PANG HABANG BUHAY GUSTO MO HA SIGEE GAGOO KAA WALA KANANG MATATAKBUHAN PANG KINANGINA MO KAA NAPAKATAAS NG PRIDE MOO BINABAAN KONANGA PARA UMOKAY TAYO TAS IKAW PA MAGMAMATAAS? TANGNAA MOO DIKA KAWALAAN TANGNA MOKAA MAGBAGO KANA HUY MAGDADALAGA KANA.,"Damn it, you really want to forget me forever, huh? Go on, you fool! You have nowhere left to run, you damn bastard! Your pride is so high! I even lowered mine for us to be okay, and now you're the one acting all high and mighty? Damn you! You're no loss! Damn you! Change, girl, you're becoming a young lady!"
Wasakan ng speaker talaga pag dating ng december 1 🔥🚒,Speakers are really going to be blasting on December 1st! 🔥🚒
PASAY ALLSTAR,PASAY ALLSTAR
struggle talaga pag clingy ka tas anlayo ng ebeb mo hanu,"It's a real struggle when you're clingy and your significant other is so far away, right?"
"minsan maiinggit nalang talaga ako kay cindy e, kase nandyan  yung mama niya to care of her hahaha. samantalang ako nasa abroad, yes, iknow ma kung baket ka nandyan pero ma sana nandito ka nalang, diba?","Sometimes I really just envy Cindy, because her mom is there to take care of her, hahaha. Meanwhile, I'm abroad, yes, I know mom why you're there, but mom, I wish you were just here, right?"
pag bumalik talaga si Soojin sa GIDLE gagawin kong 50:50 share sa mga isko ko sa axie,"If Soojin really returns to GIDLE, I'll make my Axie earnings a 50:50 share with my scholars."
Wala na kami halos files..Ramdam na talaga ang Thanksgiving sa US 🎉🎊,We barely have any files left.. Thanksgiving in the US is really felt now! 🎉🎊
ah talaga travel around the word?,"Ah, really, travel around the world?"
black swan deserve a grammy talaga tapos the whole ly: album,"Black Swan truly deserves a Grammy, and then the entire LY: Album."
ang gulo talaga sa totoo lang but your heart still saying OK lang.,"It's really messy, to be honest, but your heart is still saying it's okay."
"Media is obviously unfair about BBM and Duterte, halatang they were controlled by oligarchs.","Media is obviously unfair about BBM and Duterte, it's clear they are controlled by oligarchs."
#BBM2022 ✌🏻🇵🇭,#BBM2022 ✌🏻🇵🇭
BOY SINGHOT😂😂😂,SNIFFING BOY😂😂😂
Kaya pala si batugan back to war on drugs/ BBM and inaasikaso!!,No wonder the lazy one is back to the war on drugs/BBM and taking care of things!!
Onsehan na🤣🤣🤣🤣🤣,It's a betrayal now🤣🤣🤣🤣🤣
Pero pag ganito ba kandidato mo ikaw na matalino?. nagtatanong lang!,"But if this is your candidate, does that make you smart? Just asking!"
"Hmmnnnnn...... haist.... akala ko talaga nanununog ka.   Ayaw mo nyang meme ko ha. Sige, bigyan pa kita ng iba. Pwede na ba yan sa panlasa mo??🙄🙄🙄","Hmmnnnnn...... sigh.... I really thought you were burning things down. You don't like this meme of mine, huh? Okay, I'll give you more. Is that good enough for your taste??🙄🙄🙄"
"Talagang sinabi eh,leni leave na🤣","They really said, Leni, leave already!🤣"
🤣😳😁,🤣😳😁
Witweeeeew! Dapat matagal na.,Whooosh! Should've happened a long time ago.
"Mali ang mga intelligence mo po tatay Digs 😂 .. love u po 👊🏻🇵🇭
#BBMSARA wala ng iba p ✌🏻🇵🇭👊🏻","Your intelligence is wrong, Tatay Digs 😂 .. love you po 👊🏻🇵🇭
#BBMSARA, no one else ✌🏻🇵🇭👊🏻"
NAGSUPSUP NA NAMAN SI BOY ADIK😂😂😂,THE ADDICT BOY IS SUCKING AGAIN😂😂😂
"Kaya nga sabi ni Pres. Duterte dati di ba??Mga estupido mga yan kasi madaling magpapaniwala sa mga pakagat nya. Alam mo na, bobo is life ang motto nila. Kaya nga pati kandidato nila pambansang obob eh. 🤭🤭🤭","That's what Pres. Duterte said before, right? They're stupid because they easily fall for his bait. You know, 'stupid is life' is their motto. That's why even their candidate is the national idiot. 🤭🤭🤭"
"361
— san, where?","361
— where, San?"
"362
— telepathy","362
— telepathy"
"363
— what i mean all","363
— what I mean, all"
"364
— halatang fishy","364
— clearly fishy"
"365
— k/b/v","365
— k/b/v"
"366
— memories","366
— memories"
"367
— last checks & finalization","367
— last checks & finalization"
"368
— han coffee shop","368
— Han coffee shop"
"369
— order","369
— order"
"370
— here, coffee","370
— here, coffee"
"371
— pagitnaan","371
— in the middle"
"372
— mr.","372
— Mr."
"373
— luiz kalma ulit pls","373
— Luiz, calm down again please"
"374
— highclass squad","374
— high-class squad"
"375
— hammer, montero, tesla, range rover","375
— Hammer, Montero, Tesla, Range Rover"
"376
— mercedes benz, jeep wrangler, bmw, gixxer 250","376
— Mercedes Benz, Jeep Wrangler, BMW, Gixxer 250"
"377
— paso na pwet","377
— butt's numb"
"378
— traffic zone","378
— traffic zone"
"379
— stop over, stop over","379
— stop over, stop over"
"380
— alex best boy","380
— Alex, best boy"
"381
— alex masaya","381
— Alex is happy"
"382
— moca chikas","382
— Moca chicas"
"383 
— beside","383
— beside"
"384 
— elias & luiz, unang byahe","384
— Elias & Luiz, first trip"
"385
— sure","385
— sure"
"386
— kahit ano","386
— anything"
"387
— the vibe of bmw","387
— the vibe of BMW"
"388
— self meme","388
— self-meme"
"389 
— touchdown","389
— touchdown"
"390
— peace & calm","390
— peace & calm"
"391
— resthouse","391
— resthouse"
"392
— someone","392
— someone"
"393
— important","393
— important"
"394
— mami vien ikalma mo","394
— Mami Vien, calm down"
"395
—  introduce properly","395
— introduce properly"
"396
—  mami vien talaga","396
— Mami Vien, really"
"397
—  bulakballs & kor","397
— Bulakballs & Kor"
"Haba ng buhok ni ati. Top mc, top actor and top singer. Top, Top, Toppp!!!","Ati has such long hair. Top MC, top actor, and top singer. Top, Top, Toppp!!!"
Eto talaga yon hahahahahaga 🤡 tayo,This is really it hahahahaga 🤡 us
The traumatized urge to overexplain para di matwist ang words mo against you,The traumatized urge to overexplain so your words aren't twisted against you.
Oo stalker ako saka subtweet talaga yan sayo 😔😔😔,"Yes, I'm a stalker and that's really a subtweet about you 😔😔😔"
you don’t know how much my acad slump rn breaks my heart ☹️ eme eme lang ako pero deep down ansakit. super sakit. as someone na academic validation ang ginamit buong buhay to have a purpose ☹️,"You don't know how much my acad slump right now breaks my heart ☹️ I'm just kidding, but deep down it hurts so much. It hurts a lot. As someone who used academic validation their whole life to have a purpose ☹️"
ang masakit kasi ay i get the lessons and i can answer naman hindi lang talaga ako makapagcomply sa deadlines to the point na rushed sya 😭 pero hey. i think i need this slap. tho 😭 sana hindi masyado masakit yung sampal ha 😭,"The painful part is that I get the lessons and I can answer them, but I just can't comply with deadlines to the point that it's rushed 😭 but hey. I think I need this slap. Though 😭 I hope the slap isn't too painful ha 😭"
tho i won’t change these circumstances if i had the choice. regret is something i don’t do na. andami kong learnings outside acads so fck that boring acads sht 😩😌✊,"Though I wouldn't change these circumstances if I had the choice. Regret is something I don't do anymore. I have so many learnings outside academics, so f*ck that boring acads sh*t 😩😌✊"
my october month is full of blessings like God is so good talaga huhu 🥺❤️,"My October month is full of blessings, God is really so good huhu 🥺❤️"
Ekis ka talaga sakin Alan Peter Cayetano. Leche ka. Ipamudmod mo na lang na tag sampunglibo sa mahihirap yang ginagastos mo sa political ads. #NoToCayetano #BBMSARA2022 #Eleksyon2022,"You're a no-go for me, Alan Peter Cayetano. You ass. Just distribute ten thousand pesos each to the poor instead of spending it on political ads. #NoToCayetano #BBMSARA2022 #Eleksyon2022"
Magpasalamat na lang sana na may mga natutulungang kapwa mo Filipino,You should just be thankful that you're helping your fellow Filipinos.
Ekis ka rin panget . Ang Ganda-ganda ng programang Sampung Libong Pag-asa ni Cong Alan Peter Cayetano,"You're also a no-go, ugly. Cong Alan Peter Cayetano's Ten Thousand Pesos of Hope program is so good."
Pag sinampal ko mukha mo sampung libong barya bigay ni Cong Alan Cayetano awts ka talaga,"If I slap your face with ten thousand coins given by Cong Alan Cayetano, you'll be in pain, truly."
Buti pa nga si cong. AlanCayetano may mga programa para makatulong sa nangangailangan na may pandemya pa din ang bansa ekis ka din brod puro putak di ka nakakatulong,"At least Cong. Alan Cayetano has programs to help those in need, even with the ongoing pandemic in the country. You're also a no-go, brod, all talk and no help."
Hala pala desisyon? Pala dikta ka? Wala kang natangap na ayuda kaya nag dedesisyon ka sa perang hindi naman sayo??,"What, are you deciding for me? Are you dictating? You didn't receive aid, so now you're deciding on money that isn't yours??"
Lah tanga kb? 😂 Tagal tagal nang independent ni Cong. Alan saka un ads nya bayad ng sponsors pati sa ayuda lahat yon donasyon. Porket team duterte cayetano un grp sya na? Bobo ampota. 😂 Di nga legit grp yan bonaks,"Lah, are you stupid? 😂 Cong. Alan has been independent for a long time, and his ads are paid for by sponsors, even all the aid is donations. Just because his group is Team Duterte Cayetano, it means it's his? Idiot, damn. 😂 That's not even a legitimate group, blockhead."
"Yes, private hospital yan...mayroon yan mga PRO for VIP treatment.","Yes, it's a private hospital... they have PROs for VIP treatment."
samin never maeekis yan si Cayetano kasi ang daming nagawang magnda niyan at natulungan,"Here, Cayetano will never be crossed out because he has done so many good things and helped so many people."
Peste ka Mas Marami na tulungan si Cong Alan Kaya manahimik ka,"You plague, Cong Alan has helped more people, so shut up."
"Marunong lang tlgang tumulong si 
Sirr Alan Peter. d katulad puro paninira wala ka nman dulot ur ambag sa bansa  😅",Sir Alan Peter really knows how to help. Unlike others who just criticize and don't contribute anything to the country 😅
Leche ka din! If I know isa ka sa nag aabang mabigyan!,"You ass too! If I know, you're one of those waiting to be given something!"
Maraming natulungan si cong alan at di naman kawalan yang boto mo kung ayaw mo syang iboto,"Cong Alan has helped many, and your vote is no loss if you don't want to vote for him."
Ekis kana ngayon hindi ka lang kase nakakatanggap ng 10k ayuda dahil sa ugali mo,You're crossed out now; you just don't receive the 10k aid because of your attitude.
Whooo! 40 energy is real🤩. Ang bait talaga ni manager 😍,Whooo! 40 energy is real🤩. Manager is really so kind 😍
Two hours pa lang ba talaga sa work?😤,Has it really only been two hours at work?😤
ayoko na talaga maginom aa,I really don't want to drink anymore.
"still kilig from yesterday, mi bb gave me 💸 to buy my precious postcards
I told him to mine it for me but he doesn't know how then he said go get it na, mine mo. then he asked for my gcash afterwards. omg talaga","Still giddy from yesterday, my baby gave me 💸 to buy my precious postcards. I told him to mine it for me but he doesn't know how, then he said go get it, mine it. Then he asked for my GCash afterwards. OMG, really."
that's his gift na raw for my bday 💓,That's his gift now for my birthday 💓
ang di nya alam madami pa ko nabili 🤭🤣 baka naman HAHAHA,What he doesn't know is I bought a lot more 🤭🤣 just kidding HAHAHA
"if he doesn't have things to do lang baka ang dami ko pa na mine, kapal ng fes 😂 forgive me for being so marupokpok ✌️🙏","If he didn't have things to do, I probably would have 'mined' a lot more, I'm so brazen 😂 forgive me for being so easily swayed ✌️🙏"
Na whatever that I’m about to do. You’ll know na magkakamali ako and it makes me ask my myself kung mali ba talaga yung pinapasok ko?,"Whatever I'm about to do. You'll know I'm going to make a mistake, and it makes me ask myself if what I'm getting into is really wrong?"
😭😭😭,😭😭😭
ma sosyal update once a month for 10 months,My fancy update once a month for 10 months.
di ba ma hahaha worth it din pala,"Isn't it, mom? Hahaha, it was worth it after all."
Awit talaga tong grammy nato 🤦‍♀️🤦‍♀️🤦‍♀️,This Grammy is truly a mess 🤦‍♀️🤦‍♀️🤦‍♀️
TANGINAAA suot pala ni vee kanina 'yung sweatshirt na bigay ng mga pagong depota walang nakapansin sa amin 😭 IYAK MALALA,"DAMN IT, Vee was wearing the sweatshirt the turtles gave him earlier, damn it, none of us noticed 😭 CRYING SO MUCH"
TANGINA MO GRABE HINDI KO TALAGA NAPANSIN 😭,"DAMN YOU, I REALLY DIDN'T NOTICE 😭"
hirap maging christian talaga,It's really hard being a Christian.
"Lord, pag hindi pa talaga panahon, tanggap ko po. I will humbly submit to Your sovereignty. Ikaw na po bahala.
I will let it slip through my mind.
I will just let things be...","Lord, if it's not truly time yet, I accept it. I will humbly submit to Your sovereignty. It's up to You.
I will let it slip through my mind.
I will just let things be..."
DESEEERVE MO ANG MUNDO ANG GALING GALING TALAGA SO FUCKING PROUD OF YOUUUUU,"YOU DESERVE THE WORLD, YOU ARE SO AMAZING, SO F*CKING PROUD OF YOUUUUU"
hay ang saya lang talaga,"Oh, I'm just so happy."
Shet talaga nasa maling bansa talaga ko e!!!!!,"Damn, I'm really in the wrong country!!!!!"
"Dipende, kung ako talaga yung problema:>","Depends, if I'm really the problem :>"
Hindi pa rin talaga ako ready 'noh?,"I'm still really not ready, huh?"
"honestly, hindi talaga okay pare hahaha masama pa rin loob ko sa grannys tapos ngayon pinuyat niyo ako dahil lang sa problema niyo sa lovelife. sa tingin niyo, tuwang-tuwa kayo ako?","Honestly, it's really not okay, dude, hahaha, I'm still annoyed at Granny's, and now you guys kept me up because of your love life problems. Do you think I'm happy about that?"
Di talaga ako inaantok punyeta,"I'm really not sleepy, damn it."
masakit talaga realtalk.,"It really hurts, to be honest."
"Magigising ka na lang talaga sa ingay, bwisit tong allen na 'to!!!","You'll just wake up to noise, this Allen is so annoying!!!"
nilalamig kamay ko,My hands are cold.
announcement ng top achievers kanina ‘di ba,"Top achievers announcement earlier, right?"
gusto ko talaga siya kausapin;(,I really want to talk to him :(
Higa pa more.😂,More lying down. 😂
Talaga ba?😂,Really? 😂
Yung,The
Iba kana na talaga vaneneng hahaha,"You've really changed, Vaneneng, hahaha."
GOOD MORNING TALAGA 😍,GOOD MORNING INDEED 😍
di ko na kaya yung 6am sana alas tres na lang talaga kasi 4-5 naman lagi sleeping time ko :((,"I can't handle 6 AM anymore, I wish it was really 3 AM because my sleeping time is always 4-5 AM :(("
what if ngayon ako magupdate ng sa pagkapit noh,"What if I update about 'pagkapit' now, huh?"
gago hindi nalang talaga ako matutulog,"Damn it, I'm really just not going to sleep."
HHAAHHA,HAAHHA
fav month ko talaga march,March is really my favorite month.
"buti na lang talaga nagpaalam ako kay sir kelvs na hindi muna ako makakasama, tanginang lalamunan ‘to dinamay buong katawan HAHAHAHHAHAHAHWHWHWHWHWHWHAHAHAHHAHAHAHA","Good thing I told Sir Kelvs I couldn't join for now, this damn throat dragged my whole body down HAHAHAHHAHAHAHWHWHWHWHWHWHAHAHAHHAHAHAHA"
Buti nalang talaga bumaba na ang BP ni nanay susko,"Good thing Mom's BP is finally down, thank goodness."
"MALALAMAN TALAGA KUNG ANG PARENT(S) AY RETOKADA, PAG NANGANAK, HINDI TALAGA MAPAGKAILA. CGURO NAMAN MAY KILALA KAYO NA MGA GANITONG NANGYAYARI😁IBA TALAGA PAG ORGANIC ANG BEAUTY NG PARENTS GAYA NG BIBIS NATIN
@thelionspride01
 #BOYCOTTMZETxAPTxGMA261 
 - ALDUB/MAICHARD FOREVER ❤️","YOU'LL REALLY KNOW IF THE PARENT(S) HAD PLASTIC SURGERY, WHEN THEY GIVE BIRTH, IT'S UNDENIABLE. YOU PROBABLY KNOW PEOPLE WITH THESE SITUATIONS 😁 THE BEAUTY OF PARENTS IS REALLY DIFFERENT WHEN IT'S ORGANIC, JUST LIKE OUR KIDS @thelionspride01 #BOYCOTTMZETxAPTxGMA261 - ALDUB/MAICHARD FOREVER ❤️"
"Goin Crazy...TALAGA @aldenrichards02 nag iisa lang at wlang katulad c @mainedcm ..ORGANIC BEAUTY.. MABAIT AT MAPAGMAHAL, MAALAGA.😍😍
BOYCOTT GMAxTAPE
#BOYCOTTMZETxAPTxGMA261","Goin Crazy... REALLY @aldenrichards02 is unique and incomparable @mainedcm.. ORGANIC BEAUTY.. KIND AND LOVING, CARING. 😍😍 BOYCOTT GMAxTAPE #BOYCOTTMZETxAPTxGMA261"
Ang taas nag fever ko today hayist kinaya ko lang talaga,"My fever is so high today, ugh, I really just endured it."
Okaaaaay. Tapos na akong manuod ng 'The Princess Switch 3' tas pota sa kanilang dalawa naman ako kinilig ngayon HAHAHAHAHA nakakarelax talaga 'tong movie na 'to simula pa TPS1 huhu,"Okayyyy. I'm done watching 'The Princess Switch 3' and damn, I'm now crushing on the two of them HAHAHAHAHA This movie is really relaxing ever since TPS1 huhu."
"sorry ate ang dami ko na cc :( ang lungkot lang kasi for haze e, siya lang yung meron si haze tapos ganon pa — Ganon talaga, kahit gaano kaimportante saatin yung isang tao,.. hindi na natin sila mapililit na maging saatin lang :))) curiouscat.qa/Hoonabunjing/p…","Sorry, ate, I'm getting too many C.C.s :( It's just sad for Haze, he's all Haze has, and then this happens — That's just how it is, no matter how important someone is to us, we can't force them to be ours alone :))) curiouscat.qa/Hoonabunjing/p…"
"tutulog na ako di na talaga maganda yung inggit na naffeel ko ngayon, ikakadeds ko na talaga jshdsjhdje chz wanhap","I'm going to sleep, the envy I'm feeling right now is really not good, it's going to be the death of me, jshdsjhdje jk one-half"
oo gago talaga ansarap mag inom sa batasan ang youngland ng qc bwshahahahshshshahahagaga,"Yes, it's really crazy, it's so good to drink in Batasan, the 'youngland' of QC bwshahahahshshshahahagaga"
Ganito ba talaga ka ingay sa japan? Haha! Kidding aside. Nag enjoy ako dito. #sushiro,Is it really this noisy in Japan? Haha! Kidding aside. I enjoyed it here. #sushiro
sana talaga di mag lag yung laptop ko bukas habang nag pepresent,I really hope my laptop doesn't lag tomorrow while I'm presenting.
203,203
204,204
205,205
206,206
207,207
208,208
209,209
210,210
211,211
212,212
213,213
214,214
215,215
216,216
217,217
218,218
219,219
220,220
221,221
222,222
223,223
224,224
225,225
226,226
227,227
227,227
228,228
229,229
230. next day.,230. next day.
231,231
232,232
232,232
233,233
234,234
"235. tw // wala lang, baka mahimatay kayo sa kilig, ang gwapo ni yonjen","235. tw // nothing, you might faint from the kilig, Yonjen is so handsome"
GAGO PARA PARAAN TALAGA,"DAMN, REALLY RESOURCEFUL"
ang hirap kumanta habang narampa triny ko gaya gaya kasi ako kay mareng taeyeon TEH di ko kaya hingal na hingal na ako kya lodicakes ko talaga si mami 🥰😭🥺,"It's so hard to sing while walking the runway, I tried because I imitate Taeyeon, sis, I can't, I'm so out of breath, that's why my mami is truly my idol 🥰😭🥺"
tbh ang ganda ng condition ng boses nya sa concert na to super super stable!! 😭✨ i cannot mami no one comes close talaga,"Tbh, her voice condition in this concert is so good, super super stable!! 😭✨ I cannot mami, no one comes close, really."
ang gurl yung adlibs nya sa Gee ang angassss diba cutesy cutesy yan pero pang the Boys yung tunog ganern!!,"And girl, her ad-libs in Gee are so cool, right? It's supposed to be cutesy cutesy but it sounds like 'The Boys'!"
and don’t get me started sa twinkle at dancing queen gurl kulot na kulot at birit na birit hiyang hiya na ang cheese curls sa ganda ng mga kulot nya teh,"And don't get me started on Twinkle and Dancing Queen, girl, so curly and high-pitched, cheese curls are ashamed of how beautiful her curls are, sis."
Sana talaga mag bunga naman yung pag pupuyat ko 😏,I really hope my sleepless nights pay off 😏
Sabi ko sa inyo eh walang pasok sa thursday LAKAS TALAGA NG PANGAMOY KO KAPAG WALANG PASOK NYARM,"I told you there's no class on Thursday, my sense of smell is really strong when there's no class, NYARM."
kyot2 talaga patatas HAHAHAHA,Potatoes are really cute HAHAHAHA
Ang tangina ni Sevi at Riri talaga,Sevi and Riri are really such assholes.
Not yet so may balak talaga lagyan HAHAHA,"Not yet, so there's really a plan to put it in HAHAHA"
"walang iba pang sasarap sa pag titi
nginan natin",Nothing else is as satisfying as us staring.
Titi. Period.,Dick. Period.
ay ang sotsab talaga neto ni japp hilig sa kold bantutan,"Oh, Japp is really so 'sotsab' (slang for 'naughty' or 'likes to mess around'), loves to fool around with girls."
Luh bastos di naman nakahubad,"Oh, rude, they're not even naked."
diz u?,Is this you?
Ewan ko na lang talaga pag losing streak pa to bukas,I really don't know what I'll do if this is still a losing streak tomorrow.
"WATCH | Pres. Rodrigo Duterte's pre-recorded ""Talk to the People""
invidious.tiekoetter.com/watch?v=VtAVy1SD…","WATCH | Pres. Rodrigo Duterte's pre-recorded ""Talk to the People"" invidious.tiekoetter.com/watch?v=VtAVy1SD…"
Pres. Duterte: I am very pleased to inform the entire nation that we continue to beat covid-19. The positivity rate is down from 3.4% on November 18 to 2.3% today. (via News5/Maricel Halili),Pres. Duterte: I am very pleased to inform the entire nation that we continue to beat covid-19. The positivity rate is down from 3.4% on November 18 to 2.3% today. (via News5/Maricel Halili)
Pres. Duterte: Salamat. Sa awa ng Diyos ay bumaba ang kaso but we still have to follow health protocols being implemented by the government if we really want to make a headway. (via News5/Maricel Halili),"Pres. Duterte: Thank you. By the grace of God, the cases have gone down but we still have to follow health protocols being implemented by the government if we really want to make a headway. (via News5/Maricel Halili)"
"Testing czar Vince Dizon is present at Pres. Rodrigo Duterte's ""Talk to the People."" The camp of presidential aspirant Manila Mayor Isko Moreno earlier said that Dizon joined his campaign team. This has been denied by Malacañang. (via News5/Maricel Halili)","Testing czar Vince Dizon is present at Pres. Rodrigo Duterte's ""Talk to the People."" The camp of presidential aspirant Manila Mayor Isko Moreno earlier said that Dizon joined his campaign team. This has been denied by Malacañang. (via News5/Maricel Halili)"
"Pres. Duterte: kung gusto mo magtrabaho at ayaw mo magpabakuna, hindi ubligado ang employer na tanggapin ka. (via News5/Maricel Halili)","Pres. Duterte: If you want to work and don't want to get vaccinated, the employer is not obligated to accept you. (via News5/Maricel Halili)"
"Pres. Duterte: I appeal to all governors and mayors, dalhin ninyo ang constituent ninyo sa mga vaccination site. (via News5/Maricel Halili)","Pres. Duterte: I appeal to all governors and mayors, bring your constituents to the vaccination sites. (via News5/Maricel Halili)"
"Pres. Duterte: ‘yung pupunta sa (fastfood para magpabakuna), I am authorizing all governors and mayors, gumastos na lang kayo ng pera. Papalitan ko na lang ‘yan balang araw. Pakainin niyo na lang sila. (via News5/Maricel Halili)","Pres. Duterte: For those who will go to (fast food to get vaccinated), I am authorizing all governors and mayors, just spend money. I will replace it someday. Just feed them. (via News5/Maricel Halili)"
"Pres. Duterte: ayaw ninyo magpabakuna, hindi kayo tinanggap sa restaurants, dyan na lang kayo sa tabing dagat. (via News5/Maricel Halili)","Pres. Duterte: If you don't want to get vaccinated, you won't be accepted in restaurants, just stay by the beach. (via News5/Maricel Halili)"
"Pres. Duterte: I know of one girl na talagang halos galit sa akin dahil bakit ang Davao walang napala. Sabi ko, that is the price we have to pay. You don’t want to be criticized na inuuna mo ‘yung iyo.(via News5/Maricel Halili)","Pres. Duterte: I know of one girl who was really almost angry with me because Davao got nothing. I said, that is the price we have to pay. You don't want to be criticized for prioritizing your own. (via News5/Maricel Halili)"
talaga ba magkano un sa NTF ELCOCK ulit?,Really? How much is that for NTF ELCOCK again?
"Oras na talaga para matulog ka ate mochi HAHAHAHAAHAHHAAH
#5GSpace
x.com/i/spaces/1YqKDqYLRMBGV","It's really time for you to sleep, Ate Mochi HAHAHAHAAHAHHAAH #5GSpace x.com/i/spaces/1YqKDqYLRMBGV"
"Cancel na talaga si ate mochi
#5GSpace
x.com/i/spaces/1YqKDqYLRMBGV",Ate Mochi is really cancelled #5GSpace x.com/i/spaces/1YqKDqYLRMBGV
Dami 😭 nagkasabay-sabay talaga 😦,So many 😭 They really happened all at once 😦
Oke papabudol talaga pag comeback yan HAHAHA,"Okay, I'll really get persuaded if it's a comeback HAHAHA"
Grabe talaga yung calls today!!! Di ko kinakaya!!! Parang gusto ko na lang humimlay nang hanggang next next year!!!,The calls today are really intense!!! I can't handle it!!! I just want to lie down until next next year!!!
Hooooy yawaaaa talagang K-drama pala talaga to. Hahahahhahahahahahah,"Hoooy, damn, this really is a K-drama. Hahahahhahahahahahah"
"Yung utak ko talaga ang 2G dahil sa law 🥲
#5GSpace
x.com/i/spaces/1YqKDqYLRMBGV",My brain is really 2G because of law 🥲 #5GSpace x.com/i/spaces/1YqKDqYLRMBGV
Kakabili ko pa naman ng reaver zzzz,And I just bought a Reaver zzzz
reaver better padin lods pero yung karambit talaga,"Reaver is still better, lods, but that Karambit though."
baka kasi yung the way na ibenta nila kailangan bilhin both haha,"Maybe the way they sell it, you have to buy both, haha."
pero ang sakit pala talaga sa puso,But it really hurts the heart.
time check 4am and i have 8am class later. ganito talaga napapala ng nagprocrastinate ng 3weeks xd,Time check 4 AM and I have an 8 AM class later. This is what I get for procrastinating for 3 weeks xd
Kung natatandaan mo to on Dacera case na sinailalim sila sa Drug Testing 😁 ewan ko kung anung fact checking na ginagawa mo ah.,"If you remember this on the Dacera case, they were subjected to Drug Testing 😁 I don't know what kind of fact-checking you're doing, though."
Ito @MahusayMagTweet itanong mo kay kuya rodolfo kung  bakit ususan din address nakalagay sa Drug test result nya. Ifafact check din agad ng rappler si BBM kung peke ung pinaketa nyang result. Wag tanga,"Ask @MahusayMagTweet, ask Kuya Rodolfo why 'Ususan' is also the address on his drug test result. Rappler would immediately fact-check BBM if the result he showed was fake. Don't be stupid."
"Dati ang BGC part talaga ng  Brgy .Ususan, Taguig later on nagkaroon ng Bgy. Fort Bonifacio na naging barangay captain pa si Lino Cayetano. We can verify naman yung address ng bawat health facility. 
Reference:
scribd.com/document/42424214…","BGC used to be part of Brgy. Ususan, Taguig. Later on, Bgy. Fort Bonifacio was created, and Lino Cayetano even became its barangay captain. We can verify the address of each health facility. Reference: scribd.com/document/42424214…"
WAHAHAHHAHAHAHA BOOM PANES DI LAHAT NG NAKAGRADUATE MATALINO YUNG IBA NAGMAMAGALING LNG HAHAHAHA🤣🤣🤣,"WAHAHAHHAHAHAHA BOOM, YOU'RE EXPOSED! NOT ALL GRADUATES ARE SMART, SOME ARE JUST SHOWING OFF HAHAHAHA🤣🤣🤣"
GWAPO TALAGA NG BABY KOOO 😭😭😭 TOSCANOOO MEEN,"MY BABY IS SO HANDSOME 😭😭😭 TOSCANO, MAN!"
grabeeeeeee huhuhu paurong talaga tumanda,"Oh my goodness, huhuhu, it really feels like aging backward."
Ang hina talaga ng NTC natin. Yan lang ang kayang gawin? Wala man lang explanation from Telcos kung paano biglang nag-spike ang mga spam messages na ganito?,Our NTC is really weak. Is that all they can do? No explanation from Telcos as to how spam messages like these suddenly spiked?
Basag talaga muka,Totally busted face.
sino nanaman yan enaka,"Who is that again, Enaka?"
mga ot4 talaga mga paladesisyon eh🥱,"Those OT4s are really so judgmental, eh 🥱"
Ang dali ko talaga mabudol… aigooooo 😂,I'm so easily swayed… aigoo 😂
wala po ba talaga mag aavail 😭😭 send tips namn oh ayyss,"Is no one really going to avail? 😭😭 Send some tips, please, ayyss."
kinakabahan ako di talaga maganda kutob ko,"I'm nervous, I really have a bad feeling."
"mapapa ""where did i go wrong?"" ka na lang talaga.","You'll just end up saying, ""Where did I go wrong?""."
nagyayaya uminom. sis navaccine talaga ako,"Inviting me for a drink. Sis, I really got vaccinated."
Aga ko talaga nagising,I really woke up early.
Dapat talaga may limitation lang yung pagtulog pag hapon eh,There really should be a limitation to napping in the afternoon.
"ANG NASABI KO NA LANG TALAGA AY ""TRUE BA?"" 😔 binili ko ung naka top loader dko alam ganon pala ung makukuha ko sa inorder ko HAHAHAHAHAHAA hay baka naman trade sa wd ni yk hahahaa","ALL I COULD REALLY SAY WAS, ""IS THAT TRUE?"" 😔 I bought the one in the top loader, I didn't know that's what I'd get from my order HAHAHAHAHAHAA hay, maybe a trade for YK's WD, hahahaa."
also received my pasabuyss from madam kei! ngl kinilig ako dun sa mahagrid and pawsitive influencer 😺 pwede na kami magtwinning ni YK&LK HAHAHAH salamatttt @127to122!! Sa susunod ulit ㅋㅋ #127to122_feedback,"Also received my 'pasabuy' from Madam Kei! NGL, I was thrilled with Mahagrid and Pawsitive Influencer 😺 YK&LK and I can totally be twinning now HAHAHAH thank youuuu @127to122!! Until next time ㅋㅋ #127to122_feedback"
"yung nagpa RT lang talaga sya ng pawsitive influencer tapos ako,, 🤡","She just retweeted the Pawsitive Influencer, and then me,, 🤡"
teka lang napaswerve talaga ako kay Hendery BEIDNDIEJX,"Wait, Hendery really made me swerve BEIDNDIEJX"
"Fudge na hu hook na ako talaga sa BTS 
Unti unti na akong nagiiging Army. 💜","Fudge, I'm really getting hooked on BTS. I'm slowly becoming an Army. 💜"
Patugtugin mo na rin yung one-hour loop ng Permission to Dance. Hahaha. Diyan ako nagsimula. Hahaha. 🤣😂🤣😂,You should also play the one-hour loop of Permission to Dance. Hahaha. That's where I started. Hahaha. 🤣😂🤣😂
Sa mga ganitong opportunity talaga ko nao-overwhelm e!,It's opportunities like these that really overwhelm me!
"U guys think that we see less of Leni kaya hayun pinintura na talaga, despite of d fact that she is ALL OVER d Mainstream Media. Sawa na nga kami, memorize na namin mukha nya. Same pa rin naman ang brain,gusto nyo talaga siya ma overexposed so be it lol😂
#UniTeamMarcosSara ❤️💚","You guys think that we see less of Leni, that's why she's really being painted in a bad light, despite the fact that she is ALL OVER the mainstream media. We're already sick of it, we've memorized her face. The brain is still the same, you really want her to be overexposed, so be it lol 😂 #UniTeamMarcosSara ❤️💚"
anong tiway 🤨,What is 'tiway' 🤨
akala ko bad word 😭😭😭 pero no problem u'r welcome !!,"I thought it was a bad word 😭😭😭 but no problem, you're welcome!!"
ahhhh tiway as in ty thank you 🥲🚶🏻‍♀️,"Ahhhh, 'tiway' as in 'ty', thank you 🥲🚶🏻‍♀️"
HAHAHAHAHAHAHHAHAHAHAHA MAHINA TALAGA UTAK KO SA GANYAN 😭😭😭,HAHAHAHAHAHAHHAHAHAHAHA MY BRAIN IS REALLY SLOW WITH THOSE THINGS 😭😭😭
"the best and most heart fluttering kiss is the nakakakaba kiss pero yung totoo kasi WALANG-TAKOT TALAGA ‘TONG MGA ‘TO MAGLANDIAN at bat may pa-lantern pa kasi si jiun yan tuloy kitang-kita sila agad 😂😂😂😭😭😭
#TheKingsAffection #TheKingsAffectionEp14","The best and most heart-fluttering kiss is the nerve-wracking kiss, but honestly, these two are REALLY FEARLESS in flirting, and why was Jiun holding a lantern? Now they're immediately visible 😂😂😂😭😭😭 #TheKingsAffection #TheKingsAffectionEp14"
😂😂😂 ako ang kinakabahan sa dlawang yan pag magkasama tas me landian scene😅😂 ung kilig ko me halong takot at kaba😂😂😂,😂😂😂 I'm the one who gets nervous with those two when they're together and there's a flirting scene 😅😂 My kilig (thrill/giddiness) is mixed with fear and nervousness 😂😂😂
"diba kaloka sila eh, lakas ng loob talaga MYGHAD yung tatay pa ni jiun nakawitness di mo tuloy alam kung kakabahan ka ba o kikiligin panira yung tatay at bgm sa mood eh 🤣🤣🤣","Right? They're crazy, they're so bold, MYGHAD, Jiun's father even witnessed it, so you don't know whether to be nervous or thrilled, the father and the BGM ruin the mood eh 🤣🤣🤣"
"🤣🤣kaya nga,ok na sana ung eksena nila kaso nahahaluan ng takot😅🤣 ang sweet ng moment pero ung bgm pang suspense😂😂😂 ahh basta dun lang ako nakatingin sa kanilang 2🥰","🤣🤣 That's right, their scene would have been okay, but it's mixed with fear 😅🤣 The moment is sweet, but the BGM is for suspense 😂😂😂 Ahh, I'm just looking at the two of them 🥰"
"Good Morning Brilliants! ❤️💎✨
Ngayon sana ako mamimili ng mga gifts for Christmas, unahin ko na muna shanghai ni Senyora! 😂😂😂
Awra awra lang yan, simulan na ng bakbakan mamaya sa buhatan!","Good Morning Brilliants! ❤️💎✨ Today I was supposed to buy gifts for Christmas, but I'll prioritize Senyora's shanghai first! 😂😂😂 That's just for show, the battle will begin later with the lifting!"
Ang ganda mo po talaga Mami Dam😍😍,"You're really beautiful, Mami Dam😍😍"
anong ilyt gago di na talaga ko makahinga,"What's ilyt? Idiot, I can't breathe anymore."
ganda nyo talaga 😭,You're really beautiful 😭
"Sa pagprotekta ng PBB kay TJ at Brenda, yung ginawa nilang action keneme ay na-misunderstood pa. Ending? KyJi na naman pinagdidiskitahan sa loob ng BNK. Kuya, linawin mo kasi sa kanila kung ano yung issue. Pakita mo vids/clips ganon para aware sila. Jusko kayo!","In protecting TJ and Brenda, PBB's 'action-keneme' was misunderstood. The ending? KyJi is again being singled out inside BNK. Kuya, you should clarify the issue to them. Show them videos/clips so they're aware. Goodness gracious!"
You have failed me today in the timed test 😪,You have failed me today in the timed test 😪
pero feel ko na rin naman talaga na babagsak ako,But I already really felt that I would fail.
I call this Monkey-Monkey Lower Abs Exercise. 😅,I call this Monkey-Monkey Lower Abs Exercise. 😅
@TaniMoonBlood @nochillxkarl  pag kaka alam ko hilig ni tantan sa armpit 🤔,"@TaniMoonBlood @nochillxkarl From what I know, Tantan likes armpits 🤔"
omsim si tantan talaga hahahaha,"Totally, it's Tantan hahaha."
Mas gusto po ni karl,Karl likes it more.
"“That is why I have only been watching her for all these years.”
Hyun anuna mga galawan at linyahan talaga natin ‘no second lead na second lead na napakasakit 😭😭😭
#TheKingsAffection #TheKingsAffectionEp14","“That is why I have only been watching her for all these years.” Hyun, what are these moves and lines of ours, a second lead, a second lead, it's so painful 😭😭😭 #TheKingsAffection #TheKingsAffectionEp14"
"“You are the only person I trust in this world, and His Majesty is the only person I will sacrifice my life for.”
shuta ka hyun kinakabahan ako sa mga linyahan mo PLS DON’T BE THE SAEGUK RECIPE 2ND MALE LEAD WHO WILL END TRAGICALLY  😭💔
#TheKingsAffectionEp14","“You are the only person I trust in this world, and His Majesty is the only person I will sacrifice my life for.” Shut up, Hyun, your lines are making me nervous, PLEASE DON’T BE THE SAEGUK RECIPE 2ND MALE LEAD WHO WILL END TRAGICALLY 😭💔 #TheKingsAffectionEp14"
"To be honest, kinikilig ako sa interactions nila pero since alam ko naman na naset na yung boundary, wala ng malisya sa akin kulitan nila. And if nakilala talaga nila si Anji, they would know na normal Anji yun. Tingnan nyo nga sarili niyo sa salamin bago kayo sumatsat.","To be honest, I get giddy with their interactions, but since I know the boundary has been set, their playful banter doesn't have any malice for me. And if they really knew Anji, they would know that's just normal Anji. Look at yourselves in the mirror before you start blabbering."
LOUDER!!!,LOUDER!!!
ang blooming talaga ni seulgi lately,Seulgi is really blooming lately.
"rumour about enha's new hair colour :
uwon : 🤷🏻‍♀️ 
hee : 🤷🏻‍♀️
jay : blonde
jake : blonde
hoon : 🤷🏻‍♀️
sunoo : dark colour
riki : dark colour",Rumor about Enha's new hair color: uwon: 🤷🏻‍♀️ hee: 🤷🏻‍♀️ jay: blonde jake: blonde hoon: 🤷🏻‍♀️ sunoo: dark color riki: dark color
makikipagsuntukan talaga q kay satanas pag totoo to,I will really fight Satan if this is true.
Pero sakit talaga ng ulo ko ngayon. Di ako makapag trabaho ng maayos. Pwede ba 3hrs breaktime ko? Haha! Sakto ko na sa out ko 😅,But my head really hurts today. I can't work properly. Can I have a 3-hour break? Haha! It would perfectly align with my clock-out time 😅
Kung nabigyan lang ng lead series ang DonKiss I’m sure they’ll become even bigger than they are...sobrang sayang talaga. I get so sad when I think of the what ifs,"If DonKiss had been given a lead series, I’m sure they’d become even bigger than they are… such a huge waste. I get so sad when I think of the what-ifs."
Sa true. Feeling ko isa sila sa magiging bigating LT talaga. 🥺,So true. I really feel like they would have become one of the biggest love teams. 🥺
😭😭😭 sayang talaga i hate it here hahaha,"😭😭😭 What a waste, I hate it here, hahaha."
"sobra, kanina watching playhouse nakaka chubby ng puso ang mga comments ng mga tao abt sa donkiss at the same time nakaka hinayang hayss mnagemnt :'(","So much, earlier watching Playhouse, the comments of people about DonKiss were so heartwarming, and at the same time, it's such a pity, hayss management :'("
Hindi pinahalagahan ng MGMT ang lt nang dalwa sobrang sayang ❤️,"Management didn't value the love team of the two, such a big waste ❤️"
ASA KA PA,YOU WISH!
kayanin ko nalang talaga mag-isa pre,"I guess I really have to endure this alone, pre."
tangina mababaliw talaga,"Damn, I'm really going crazy."
4:00AM konting bulong pa ng demonyo sa tabi ko papadeliver talaga ako,"4:00 AM, a few more whispers from the devil beside me and I'm really ordering delivery."
got my balloons 🥳 thank u sa pa bday bash na may kasamang kumikislap na red flag aking mahal na t.a. <33 mahal ko kayo so much xD,"Got my balloons 🥳 thank you for the birthday bash with a sparkling red flag, my dear t.a. <33 I love you all so much xD"
"hbd laham na laham kita, baby.","Happy Birthday, I really, really love you, baby."
MAHAL KITA SO MUCH TALAGA BABY,"I REALLY LOVE YOU SO MUCH, BABY."
Grabe these trolls are really paid 60k a month to spread shit 🥴 like.... they are paid para magpaka tanga hahahhah hirap na talaga kumita ngayon,"Wow, these trolls are really paid 60k a month to spread shit 🥴 like.... they are paid to be stupid hahahhah it's really hard to earn money now."
oh why did you delete pala ur retweet about bbm’s fake drug test accusations? HAHAHAHAHAHAHHAHAHAHAHA pahiya much ba lt naman,"Oh, why did you delete your retweet about BBM's fake drug test accusations? HAHAHAHAHAHAHHAHAHAHAHA So embarrassed, huh, LOL."
"but honestly, sana talaga bayad kayong mga robredogs and anti-marcos kasi sobrang saklap kung tanga kayo for free :((","But honestly, I really hope you Robredogs and anti-Marcos are paid, because it's so tragic if you're stupid for free :(("
what really?? sana all paid noh 😔 or maybe u’re one of those trolls na kumikita ng ganyan to spread shit wow send money naman sa gcash share ur blessings bestie,"Not to be insensitive or what, but there are nights when I really wonder what kind of AUs Miss 99MISFITS could have made if she hadn't deactivated. 'Cause, you know, Fallacy's the first and only AU of hers that I've read, and I really learned a lot. I just hope she's doing good :("
"not to be insensitive or what but there are nights talaga where i wonder what kind of aus pa kaya yung magagawa ni miss 99MISFITS if hindi siya nag-deactivate. coz yk, fallacy's the first and only au of her that i've read and i learned alot talaga. i just hope she's doing good :(","Not to be insensitive or what but there are nights talaga where i wonder what kind of aus pa kaya yung magagawa ni miss 99MISFITS if hindi siya nag-deactivate. coz yk, fallacy's the first and only au of her that i've read and i learned alot talaga. i just hope she's doing good :("
same :(( my first au was fallacy and ano ba reason kung bakit nagdeact si author?,"Same :(( my first AU was Fallacy, and what was the reason why the author deactivated?"
"for a person na walang favorites talaga, ang hirap mag-isip ng specific na bagay for a subject 😔✋","For a person who really doesn't have favorites, it's hard to think of something specific for a subject 😔✋"
kulang nalang magroleta ako ng random na bagay na naiisip ko para lang gawin kong favorite,All that's left is for me to roulette a random thing I think of just to make it my favorite.
magalit kayo kung sinadya namin pero sinadya ba talaga namin?,"Get mad if we did it on purpose, but did we really do it on purpose?"
may replay ba yon hshahahaha,"Was there a replay of that, hsahahaha?"
antok na talaga ako tas may lakad la ako bukas hshahahaha,"I'm really sleepy, and I have plans tomorrow, hsahahaha."
sino bang hindi aantukin kapag nagawa ng schoolworks,Who wouldn't be sleepy when doing schoolwork?
sinasabi ko masama talaga ugaLI TT need ko na ata ma2log para di ako magutom>!>1..1,I'm saying my behavior is really bad TT I think I need to sleep so I don't get hungry >!>1..1
"um that one group that be like dazed dazed dazed , epipen yeah them","Um, that one group that be like dazed dazed dazed, epipen, yeah, them."
it's actually ballpen,It's actually ballpen.
Talaga ba liyan !??? PAKKK oh char ! JAHAHA,"Really, Liyan!??? POW! Oh, just kidding! JAHAHA."
🙂🙂🙂🙂🙂🙂,🙂🙂🙂🙂🙂🙂
I'M SO SICK OF THESE MOTHERFUCKERS. YOU CAN ALL GO TO HELL AND JOIN BEETHOVEN 🔪 THE FUCKING DISRESPECT.,I'M SO SICK OF THESE MOTHERFUCKERS. YOU CAN ALL GO TO HELL AND JOIN BEETHOVEN 🔪 THE FUCKING DISRESPECT.
Ngayon ko lang napansin to. bwisit talaga!!!!,I just noticed this now. Damn it!!!!
diba!!! tas isang award lang yung inannounce nila. sobrang obvious na talaga na ginagamit lg sila for the audience.,Right!!! And they only announced one award. It's really so obvious that they're just being used for the audience.
Sobra!! Ang kapal talaga ng mga to uggghhhh nanggigigil na naman ako sa kanilaaaa 🙄🙄🙄,"So much! These people are really shameless, uggghhhh, they're making me furious again! 🙄🙄🙄"
sobrang kapikon 😭😭😭 kung hindi lang talaga gustong gusto ni yoongi yung award eh wala na talaga kong pake sa mga pakshet na to,"So annoying 😭😭😭 If Yoongi didn't really, really want the award, then I wouldn't care about these damn people anymore."
hindi na talaga ko magkakape sa gabi,I'm really not drinking coffee at night anymore.
"oo wag niyo na ask, fav era ko talaga b:c, pero gurl d:d era slaps😭❤️","Yes, don't even ask, B:C is really my favorite era, but girl, D:D era slaps 😭❤️"
"Ilang taon man  piliin mong wag umuwi mapapaisip ka talaga minsan , deserve ko ba talaga na hanggang ngyon eh hindi mo parin napipili ung sarili pra sumaya s kung anong meron ka ngyon.","No matter how many years you choose not to go home, you really wonder sometimes, do I really deserve that until now you still haven't chosen yourself to be happy with what you have now?"
"I wasn’t expecting much as I know that #GRAMMYs will really snub @BTS_twt like what they did last year. They are only using them for clout. 
Gotta believe Eminem when he said its all money and a total BS.",I wasn’t expecting much as I know that #GRAMMYs will really snub @BTS_twt like what they did last year. They are only using them for clout. Gotta believe Eminem when he said its all money and a total BS.
Dapat di na pumayag si bang shiyeok na papuntahin to perform. He should know better. Eversince si Grammys ay trash.,Bang Sihyeok shouldn't have allowed them to perform. He should know better. Grammys has been trash ever since.
"Simula nung nawala yung 90s era, kung sino sino na lang ang nananalo. Kahit di nila deserve. Yung mga deserving, they got snubbed. They are messing with the wrong people.","Ever since the 90s era disappeared, just anyone wins. Even if they don't deserve it. The deserving ones get snubbed. They are messing with the wrong people."
Pera pera labanan kay grammys. Epal yang platform na yan. Dapat dyan #cancelgrammys eh.,It's all about money at the Grammys. That platform is annoying. They should #cancelgrammys.
Oh well… Yung ibang nominated lalo na sa Record of the Year and Song of the Year nga di ko gets bakit kasali eh wala naman masyado ganap.,"Oh well… I don't even get why some of the other nominees, especially for Record of the Year and Song of the Year, are included, as they haven't had much going on."
True. Di nga naten sila knows. Di nga sila maingay. San kaya nagbebase si Grammys?,True. We don't even know them. They're not even popular. Where does the Grammys base its decisions?
Hahaha ewan ko ba dyan sa mga yan.,"Hahaha, I don't know about them."
Dapat iboycott yan ng boys. Pra madala sila.,Boys should boycott that. So they'll learn their lesson.
Remember even BSB na lagi record breaker and sold out concerts before di naman nanalo kahit isa sa dami ng nimonations nila. Something is fishy talaga with Grammys.,"Remember, even BSB, who were always record-breakers and had sold-out concerts before, never won even one Grammy despite their many nominations. Something is really fishy with the Grammys."
Isa pa yan. Issue ko na yan dati. Akala ko lang iba tlaga ang reviews at policies ni grammys baka ndi pasok bsb naten sa mga categories. Pero sold out concerts til now. Something is not right lalo na ung millennium album nila na tumabo tlaga sa sales pero ndi manalo sa kanila.,"That's another thing. I've had that issue before. I just thought that the Grammys' reviews and policies were really different, maybe our BSB didn't fit their categories. But they've had sold-out concerts until now. Something isn't right, especially their Millennium album, which really had massive sales but still didn't win anything from them."
"Di ba? So kung ano nararamdaman ng armys, we felt it even before nung BSB days.","Right? So what Armys are feeling now, we felt it even back in the BSB days."
alam niyo minsan natatakot na aq sa health q ilang years na ako nagpupuyat last time na natulog ako ng maaga for straight 2 weeks ata which is 9-11 pm is nung dye era pa and there are days na naagahan ako sa tulog pero mas marami padin talaga yung puyat ko 😭,"You know, sometimes I get scared for my health. I've been staying up late for years. The last time I slept early for a straight 2 weeks, like 9-11 PM, was during the 'dye' era, and there are days I get to sleep early, but I really stay up late more often 😭"
also pag may bagyo maaga ako nakakatulog 😭😭,"Also, when there's a storm, I fall asleep early 😭😭"
"di ako maangas,, sadyang naangasan kalang talaga saken.",I'm not being arrogant; you just perceive me that way.
archiveofourown.org/works/35…,archiveofourown.org/works/35…
"This was it. This was his last chance. If he doesn’t succeed, it’s all over. As sweat dripped down the side of his forehead, Sehun, closed his eyes and took a deep breath.","This was it. This was his last chance. If he doesn’t succeed, it’s all over. As sweat dripped down the side of his forehead, Sehun, closed his eyes and took a deep breath."
"He threw the ring, desperately wishing it would land and capture one of the rubber duckies floating around the mini pool in the booth. He inhaled as he saw the side of the ring hit a duck’s head, but alas, the duck didn’t go in the ring.","He threw the ring, desperately wishing it would land and capture one of the rubber duckies floating around the mini pool in the booth. He inhaled as he saw the side of the ring hit a duck’s head, but alas, the duck didn’t go in the ring."
"He pouted as Junmyeon pulled on his arm. “Halika na kasi. Kanina pa tayo dito. Laki na ng nagastos mo dyan, eh pwede namang bumili nalang tayo ng stuff toy na yan.”","He pouted as Junmyeon pulled on his arm. “Come on. We’ve been here for a while. You’ve already spent so much here, when we could just buy that stuffed toy.”"
"Sehun side-eyed his boyfriend and whined, “Kanina lang sabi mo gusto mo yon! Tapos nung sinabi kong bibilin ko, umayaw ka naman! Ang hirap kaya, ikaw kaya!”","Sehun side-eyed his boyfriend and whined, “Just earlier you said you wanted it! Then when I said I’d buy it, you backed out! It’s really hard, you try it!”"
"“May daya naman kasi yang mga yan! Di ka naman talaga mananalo, kaya mahirap. Swerte swerte lang yan. Di ka lang siguro sinuswerte.” Jun replied as he tried to calm his boyfriend.","“But those games are rigged! You really can’t win, that’s why it’s hard. It’s just luck. Maybe you’re just not lucky,” Jun replied as he tried to calm his boyfriend."
"Junmyeon rolled his eyes before handing the attendant a hundred peso bill to try the game, just to show his boyfriend that no one ever really wins the game.","Junmyeon rolled his eyes before handing the attendant a hundred peso bill to try the game, just to show his boyfriend that no one ever really wins the game."
"Looking at Sehun, he threw the first ring. Se gawked at him when he saw that the ring went in. Surprised with himself, Junmyeon threw the second and third ring, which both went in.","Looking at Sehun, he threw the first ring. Se gawked at him when he saw that the ring went in. Surprised with himself, Junmyeon threw the second and third ring, which both went in."
"Enjoying himself and the luck that he had, Jun spent a few more hundred pesos on the game, winning a number of stuffed toys.","Enjoying himself and the luck that he had, Jun spent a few more hundred pesos on the game, winning a number of stuffed toys."
"Afterwards, Jun tiptoed to put an arm around his boyfriend, and told him, “Libre mo nalang ako DQ bago tayo mag Realto, para fair, g?” Still a bit annoyed but couldn’t help resist his boyfriend, Se nodded.","Afterwards, Jun tiptoed to put an arm around his boyfriend, and told him, “Just treat me to DQ before we go to Realto, for fairness, ‘g’?” Still a bit annoyed but couldn’t help resist his boyfriend, Se nodded."
"Later on that night after bringing Junmyeon home, he found the stuffed toys that Junmyeon won on the back seat of his car, when he had thought that Jun brought them home.","Later on that night after bringing Junmyeon home, he found the stuffed toys that Junmyeon won on the back seat of his car, when he had thought that Jun brought them home."
"He was about to call Jun when he saw a note. He read it as he picked it up. “Para kay Sej”, it said. Se smiled.","He was about to call Jun when he saw a note. He read it as he picked it up. “For Sej,” it said. Se smiled."
Sobrang sama talaga ng loob ko.,I'm really deeply hurt.
Ka-miss kumarat. Kalat. Eme,Miss doing crazy things. Messing around. Joking.
Iba din talaga to !,This is really something else!
ANG GWAPO TALAGA,SO HANDSOME
LARA 🤲,LARA 🤲
su4thive talaga ni billie skksksksksks,Billie is really so assertive skksksksksks
Saktan mo ako k lang 🤲,"Hurt me, it's okay 🤲"
Taas kalendaryo puso 😭😭,My heart is racing 😭😭 (literally 'high calendar heart' - slang for rapid heartbeat)
HAHAHAHAHA,HAHAHAHAHA
HAHAHAHAH WALA TALAGA PUMASOK SA ISIP KOO SORNA 😭😭,HAHAHAHAH NOTHING REALLY CAME TO MY MIND SORRY 😭😭
Mag babasa pa nga ulit ako ng hn12 e 😭😭,I'm going to read HN12 again 😭😭
Inaka pumasok ka sa space,"Holy cow, you entered the space."
Hindi pa nga ako tapos sa binabasa ko 😭,I haven't even finished what I'm reading yet 😭
Wag mo na muna basahin haist,"Don't read it yet, ugh."
Taena naman nito nasa training talaga ako ngayon 😭,"Damn it, I'm really in training right now 😭"
UMAGANG KAY GANDA NAMAN TALAGA DI KO ALAM KUNG POGI OR MAGANDA SI MINJEONG SA PIC. NA TO 😍,"WHAT A BEAUTIFUL MORNING, I DON'T KNOW IF MINJEONG LOOKS HANDSOME OR BEAUTIFUL IN THIS PIC 😍"
give up na talaga me.. don k na,I'm really giving up.. you go ahead.
pogi talaga 🤧,So handsome 🤧
Okay matutulog na talaga ako,"Okay, I'm really going to sleep now."
Sabi ko matutulog na ako pero sumali pa ako sa space 😂,I said I was going to sleep but I still joined the space 😂
Mukang babalik na sa normal ang trabaho. Sana talaga,It looks like work will go back to normal. I really hope so.
hindi na talaga tuloy yung neck kiss? hays,So the neck kiss isn't really happening? Hays.
Gagi kulang ata ako sa tulog pero kamuka talaga ni @dxtrkm_ si mingyu dito walang biro😭,"Damn, I might be sleep deprived but @dxtrkm_ really looks like Mingyu here, no joke😭"
YES OMG HAHAHAHAHAHAHA,YES OMG HAHAHAHAHAHAHA
SM TALAGA ISUSUMPA KITA KAPAG WALA SIYANG SOLO ALBUM PAGBALIK,"SM, I SWEAR I'LL CURSE YOU IF HE DOESN'T GET A SOLO ALBUM WHEN HE COMES BACK."
Nagkulot and selfies lang aq sa 1hr break ko HAHAHAHAHAHHA,I just curled my hair and took selfies during my 1-hour break HAHAHAHAHAHHA
HAHAHAHAHAHAHAHA ig worthy neman gewa mu ale,"HAHAHAHAHAHAHAHA Your work is Instagram-worthy though, ale."
"Tru yarn ses, para sa story HAHAHHAHAHAHAHA","True that, sis, for the story HAHAHHAHAHAHAHA"
manifesting irate customers for Alex please. HAHAHAHAHAHA,Manifesting irate customers for Alex please. HAHAHAHAHAHA
"Ayni napen, li ya pa naman irate, makulit yamu talaga HAHAHAHAHAHHAAHA","Not really irate, just really persistent HAHAHAHAHAHHAAHA"
goodluck ale,"Good luck, ale."
solid talaga mga chika ni charisse inabot kami ng alas tres sa labas,"Charisse's stories are really solid, we were outside until three in the morning."
😂😂😂 yan gagaling bes mag suhol pag may mga kailngn ahhahahaha😂😂,😂😂😂 You guys are good at bribing when you need something ahhahahaha😂😂
Hahahahh😂😂 gagaling manuyo ee at gagawin talaga lahat payagan lang ee at pag may kailngan hahahah talent talaga nila yan😂😂,"Hahahahh😂😂 They're good at persuading and will really do anything just to be allowed, and when they need something, hahahah that's really their talent😂😂"
"HOY PO A’TIN!
Please talk about Bazinga and use our official hash #Bazinga_SB19 for #HotTrendingSongs 
Our goal is 150-200K tweets daily. We only reached about half of that goal yesterday with 84K tweets.
@SB19Official #SB19",HEY EVERYONE! Please talk about Bazinga and use our official hash #Bazinga_SB19 for #HotTrendingSongs. Our goal is 150-200K tweets daily. We only reached about half of that goal yesterday with 84K tweets. @SB19Official #SB19
"Paano natin kaya sila ma-engganyo mag engage kahit sa tweets lang ni @SB19TrendsPH ? Sobrang baba talaga eh. It’s like they don’t care? Puzzling!!? They know we have to do the work right? @SB19Official #SB19
#Bazinga_SB19","How can we encourage them to engage, even just with @SB19TrendsPH's tweets? The engagement is really low. It's like they don't care? Puzzling!!!? They know we have to do the work, right? @SB19Official #SB19 #Bazinga_SB19"
POTEK BAT PINOPOST YING ENTRY SA CLUB HAYOP NAYAN MUKA KONG TANGA DON TANGGAL DIGNIDAD MALALA TALAGA HAHAHAHA,"HOLY CRAP, WHY ARE THEY POSTING THE CLUB ENTRY? THAT'S CRAZY, I LOOK LIKE AN IDIOT THERE, IT'S A TOTAL LOSS OF DIGNITY HAHAHAHA"
eto na jake mag-aaral na ako ng mabuti talaga kasi nakakahiya naman sayo nasa harap ka pa ng laptop ko,"This is it, Jake, I'm really going to study hard now because it's embarrassing with you right in front of my laptop."
"OHHHHH THE TITLE. ANO WAKE ME UP, SHIRO KASI ANO SONNE WAS BEGGING SHIRO TO WAKE HIM UP FROM THIS DREAM NA ANO NAAKSIDENTE SI SHIRO? HINDI KO PA TAPOS BASAHIN PERO PINATAY KO AGAD SI XAV1.😭😭😭GUSTO KO LANG ISHARE YUNG THEORY KO KASI THE TITLE MAKES SENSE TALAGA.","OHHHHH THE TITLE. SO 'WAKE ME UP, SHIRO' BECAUSE SONNE WAS BEGGING SHIRO TO WAKE HIM UP FROM THIS DREAM WHERE SHIRO GOT INTO AN ACCIDENT? I HAVEN'T FINISHED READING IT YET BUT I IMMEDIATELY KILLED XAV1. 😭😭😭 I JUST WANT TO SHARE MY THEORY BECAUSE THE TITLE REALLY MAKES SENSE."
hayss akala ko si ano si sonne yung mat3t3gi kasi yung title it's a bit confusingggg.,"Hayss, I thought Sonne was the one who would 'sleep' (die) because the title is a bit confusingggg."
Ganun talaga huhu,"That's just how it is, huhu."
Dalawang araw nako sa master 4. May sumpa talaga,I've been on Master 4 for two days. It's really cursed.
"well deserved, congrats!!!","Well deserved, congrats!!!"
"Panlilinlang lang 'yan, tamad talaga aq HAHAHAHA. Thank you too!!!","That's just a trick, I'm really lazy HAHAHAHA. Thank you too!!!"
teh tangina kala ko kanina may multong nag-ttype sa keyboard,"Girl, damn, I thought a ghost was typing on the keyboard earlier."
"pagbukas ko ng ilaw, may katabi lang pala akong ipis lol","When I turned on the light, there was just a cockroach beside me lol."
"btw dedz na po sya, courtesy of baygon (odorless)","Btw, it's dead now, courtesy of Baygon (odorless)."
and tsinelas (just to make sure na patay na talaga),And a slipper (just to make sure it was really dead).
solid talaga mga fam & tropa ni jaym aliw sobra HAHAHAHAHAHAHA,"Jaym's family and friends are really great, so entertaining HAHAHAHAHAHAHA"
"dear casual viewers, mga hindi tambay sa ls,
do not hate nor bash anji if you see kd looking miserable again. k?
anji is not at fault here. so dont you dare. hate the antagonist/s instead.
thanks!","Dear casual viewers, those who don't frequent livestreams, do not hate nor bash Anji if you see KD looking miserable again. K? Anji is not at fault here. So don't you dare. Hate the antagonist/s instead. Thanks!"
Hindi kasalanan ni anji at kd Ang may kasalanan si TJ nanaman dapat talaga I automatic nomination na yang jiririts na yan eh,It's not Anji and KD's fault. The one at fault is TJ again. That annoying Jiririts should really be automatically nominated.
"Lucy has really set the standard for aus for me. Pag hindi well written, hindi ko na talaga tinutuloy. Kaya ayan tuloy, wala na akong mabasang iba sa kaartehan ko 😂","Lucy has really set the standard for Australian content for me. If it's not well-written, I really don't continue it anymore. That's why, because of my pickiness, I can't read anything else 😂"
relaxing talaga pag minamasahe ako ni nobela,It's really relaxing when my novel massages me (referring to a significant other named 'Nobela' - novel)
"Busy talaga ang mga trolls ni Boy Singhot. Ang sinabi ni Duterte na nagamit ng cocaine ay si Boy Recto, pero ang mga trolls anak ni Leni ang pinararatangan na may dalang droga sa US?  Kagaano kababastos at kahahayop sila?","Boy Singhot's trolls are really busy. Duterte said the one who used cocaine was Boy Recto, but the trolls are accusing Leni's child of bringing drugs to the US? How rude and animalistic are they?"
so ano talaga ang totoo potanginuh,"So what's the truth, goddamn it."
pati aq naguluhan din veh,"Even I got confused, veh."
nakakabaliw mag isip jsksjsks,Thinking is driving me crazy jsksjsks.
HAHAHAHAHHAHA LODI KO TALAGA SI MASTER BOY PUSO THE TIKTOK HEARTTHROB,HAHAHAHAHHAHA MASTER BOY PUSO THE TIKTOK HEARTTHROB IS REALLY MY IDOL.
Loko hahahaa,Crazy hahahaa
TikTok pel wen,"TikTok, when will you deliver?"
Kala mo naman talaga may alam.. pwe kundi pa mang gugulang ng tao saka umunlad wag ganorn,"Acting like they really know something.. ugh, if they didn't take advantage of people, they wouldn't have prospered, don't be like that."
"HALA THANK U NAMAN KUNG GANON, KALA KO WALA NA TALAGA 😭 SO HAPPY INUWIAN KA NI JUNGWON 😊","OH MY GOD, THANK YOU IF THAT'S TRUE, I THOUGHT IT WAS REALLY OVER 😭 SO HAPPY JUNGWON CAME HOME TO YOU 😊"
Iba talaga pag best friends kahit ilang buwan walang usap o taon na walang kitaan iba pa din bonding ❤,"It's really different with best friends, even if months or years pass without talking or seeing each other, the bonding is still special ❤"
Bakit tinanggap ng abscbn ang ad?,Why did ABS-CBN accept the ad?
They cannot decline due to law. The Fair Election Act. Kaya wag nating silang ibash.,"They cannot decline due to law, the Fair Election Act. So let's not bash them."
E diba hindi pa naman considered na campaign ad yan kasi wala pang campaign period? So they can decline pa kasi sa Fair Election Act ang bawal tanggihan ng mga networks ay mga political campaign ads?,But isn't it not yet considered a campaign ad because the campaign period hasn't started? So they can still decline because the Fair Election Act only prohibits networks from rejecting political campaign ads?
"Pag ginawa nila yun, sasabihan na naman silang bias. Saka pera na rin yan sakanila. Ang laki ng lugi ng ABSCBN. Makapal lang talaga mukha ni Marcoleta.","If they do that, they'll be called biased again. Besides, that's money for them. ABSCBN has lost so much. Marcoleta just has the nerve."
Sorry walang wala lang talaga ako,"Sorry, I really have nothing."
Visual novels at palpitation bumubuhay sakin ngayon. Natatawa na lang ako sa pinaggagawa ko sa ra ko HSGSGSAGAGAH,Visual novels and palpitations are what keep me going right now. I just laugh at what I'm doing in my real account HSGSGSAGAGAH.
"Pero taena, gusto ko matulog kaso taena kasi talaga T_______T","But damn it, I want to sleep but damn it really T_______T"
"grabe talaga, ang out of nowhere amputa","Wow, that's really out of nowhere, damn it."
tangina sabi ko di na talaga ako magiinom,"Damn, I said I wouldn't drink anymore."
tambak sa unang part ng 2nd set cisterna pero nanalo pa rin lol,Piled up in the first part of the 2nd set (cisterna) but still won lol.
parang milano lang nung 1st set lol,Just like Milano in the 1st set lol.
Backstage warm-up #MyUniverseAMAs. GB x,Backstage warm-up #MyUniverseAMAs. GB x
"taray talaga ni chris parang galing lang jogging tapos nakakita ng mababangong hypebeast sabay sabing ""arat gawa kanta""","Chris is really cool, like he just finished jogging and saw some fragrant hypebeasts then said 'let's make a song'."
Hoy natatawa akoo sa jogging 😭😭😭,"Hey, I'm laughing so hard at the jogging 😭😭😭"
HAHAHAA YAWA KA INDAY,"HAHAHAA DAMN YOU, INDAY."
Jogging? please😭 4am na tatakbo na ba tayo??,"Jogging? Please😭 It's 4 AM, are we going to run now??"
HAHAHAHAHAHAH TE INDAY BAKEEET,HAHAHAHAHAHAH SISTER INDAY WHY?
HAHAAHAHAHAHAHAHAHAHAAHHAHAAHAHAHAHAB ATEEEE 😭😭,HAHAAHAHAHAHAHAHAHAHAAHHAHAAHAHAHAB ATEEEE 😭😭
"Argh, hindi talaga dapat nababati eh. Hahacm chour!","Argh, I really shouldn't be greeting them. Hahacm chour!"
HUHU APAKA DISKARTE TALAGA NI RINO 😭💙💙💙 tama yan bebi,"HUHU RINO IS SO RESOURCEFUL 😭💙💙💙 That's right, baby!"
Nilaglag si Kiko. Ahahahahaha!!,Kiko was thrown under the bus. Ahahahahaha!!
"Bobo mo naman umintindi what if nga e parehas sila manalo 
Halata mo kapag dds mahina sa reading comprehension","You're so stupid for not understanding, what if they both win? It's obvious when someone is a DDS, they have poor reading comprehension."
"Ikaw ba naman ang mag almusal ng fake news mula kay mocha suson, burat by at taeng pinoy araw araw mabobobo talaga. 😂","If you have to eat fake news for breakfast every day from Mocha Uson, Burat By, and Taeng Pinoy, you'll really become stupid. 😂"
"miss ko na ka-bonding ang kabataan, sobrang mentally unhealthy ko na talaga","I miss bonding with young people, I'm really so mentally unhealthy now."
"MA, HOW CAN YOU DO THIS TO ME?!","MOM, HOW CAN YOU DO THIS TO ME?!"
HAHAHHAHAHAHAHA AMPOTA TALAGA,"HAHAHHAHAHAHAHA OH MY GOD, IT'S REALLY FUNNY/RIDICULOUS."
JONGIN DI MO BA TALAGA KAMI PWEDENG JOWAIN ISA ISA,"JONGIN, CAN'T YOU REALLY BE OUR BOYFRIEND, ONE BY ONE?"
WOW SO GALING TALAGA IANNE <//3,WOW IANNE IS REALLY SO GOOD <//3
Anubayan di talaga ako makatulog,"Oh man, I really can't sleep."
GANDA NUNG HAMPAS TANGINA TALAGA,"THAT HIT WAS BEAUTIFUL, HOLY SHIT."
antahimik naman ng enjin stan twt ngayon,It's so quiet on engene stan twt right now.
"It's already past 3 am, what do you expect 😭","It's already past 3 am, what do you expect 😭"
gantong oras kasi madalas maingay 😞😞,"Because at this time, it's usually noisy 😞😞"
🧍🏻‍♀️🧍🏻‍♀️🧍🏻‍♀️🧍🏻‍♀️ talaga?,🧍🏻‍♀️🧍🏻‍♀️🧍🏻‍♀️🧍🏻‍♀️ Really?
oums minsan may exposing thread pero madalas katarantaduhan,"Sometimes there's an exposing thread, but mostly it's just nonsense."
HAHAHAHAHAHA,HAHAHAHAHAHA
minsan talaga di kaibigan nakakatulong sayo yung ibang tao pa mismo 🙄,"Sometimes it's really not your friends who help you, but other people themselves 🙄"
"Alexa
Shanaia
Kyle
KD
And ANJI
Mga mas matured pa sa Adult celebrity hms!!!!!","Alexa, Shanaia, Kyle, KD, and ANJI are more mature than the adult celebrity housemates!!!!!"
"Pag talaga nakalabas tong si TJ, sira talaga mental health nito sa daming basher, kagigil potacca!!","If TJ gets out, his mental health will really be ruined because of so many bashers, it's infuriating, damn it!!"
Hindi parin talaga makasabay yung mata ko sa bilis ng bola hahahha,My eyes still can't keep up with the speed of the ball hahahha.
"try ko den hihi
friendsforever.world/fr/sync…",I'll try too hihi friendsforever.world/fr/sync…
OMG BESTIE TALAGA KITA 😭,OMG YOU'RE REALLY MY BESTIE 😭
MALING MALI TALAGA MAG TIKTOK NG GANITONG ORAS PUTANGINA NAGKA-SPARKS TULOY PONYEMAS,"IT'S REALLY, REALLY WRONG TO DO TIKTOK AT THIS HOUR, DAMN IT, I ENDED UP HAVING SPARKS, FUCK."
WALA PA AKONG TULOG NAUULOL NANAMAN AKO GEJDHD ANG ATTRACTIVE TALAGA NG KAMAY MO 😠,"I HAVEN'T SLEPT YET, I'M GOING CRAZY AGAIN GEJDHD YOUR HANDS ARE SO ATTRACTIVE 😠"
Antok na talaga ako Goodnight,I'm really sleepy. Goodnight.
pogi talaga ni megumi grrr,Megumi is really handsome grrr.
bakit parang werewolf character tong si szwarc adjkdfk,Why does Szwarc seem like a werewolf character? adjkdfk
Potangina.. Hee 🥲🥲 i dont know why pero naghahanap nalang talaga ako ng rason to cry. 🥲 and this story breaks my heart. Especially Jake's and Hee. 😭 tngina.,"Damn it.. Hee 🥲🥲 I don't know why, but I'm just looking for a reason to cry. 🥲 And this story breaks my heart. Especially Jake's and Hee's. 😭 Damn it."
ikaw parin pala talaga,It's really still you.
"Mga ses! Wala kayong mapapala jan sa taong yan. Sine spaces time immemorial ganyan na yan, walang character development. Kayo lang ma stress. I say mute block or ignore! Thank you!","Girls! You won't gain anything from that person. Since spaces time immemorial, they've been like that, no character development. You'll just get stressed. I say mute, block, or ignore! Thank you!"
Clickbait eh 🤷🏻‍♂️,"It's clickbait, eh 🤷🏻‍♂️"
Oo eh 😅 i plead guilty as charged. Sue me na lang lol,Yeah 😅 I plead guilty as charged. Sue me lol.
Ay no jeed to say sorry! I admit to my guilty pleasures hahahah ang sakit ng cringe talaga. I can't helo but crave for more cringe 😅,"Oh no, no need to say sorry! I admit to my guilty pleasures, hahahah, the cringe really hurts. I can't help but crave for more cringe 😅"
@shidoni  mas bet ko pa makipaglandian sa mga brasiliero sa space ni jusshy hahha,@shidoni I'd rather flirt with Brazilians in Jusshy's space haha.
"if anji gets saved and nominated again because of her being sensitive or for crying dahil nasabihan siya. wow talaga.
ngaun lang sya umiyak ng may luha, diba yun hanap niyo? 🙄
pag feelings ni anj laging di valid. pag feelings ng iba ""awe"", ""ay kawawa naman si ganito"" 
Tse!","If Anji gets saved and nominated again because of her being sensitive or for crying because someone told her off. Wow, really. Now she's crying with tears, isn't that what you're looking for? 🙄 When it's Anji's feelings, they're always invalid. When it's others' feelings, 'awe,' 'oh, poor thing.' Pfft!"
"bitaw sakto. kalagot sa mga edaran nmn tana, pero sila mn nuon murag bata ug isip. 
Laban KYJI💛💛💛💪💪","Exactly. It's annoying when we're all older, but they're the ones acting childish. Fight, KYJI💛💛💛💪💪"
"@kathlyn_qt  basahin mo .
[Ang gagaling talaga wala akong ambag dito ah]","@kathlyn_qt read this. [They're really so good, I didn't contribute anything here.]"
pero feel ko hindi talaga sila siblings lonyeta nadudugo na utak ko,"But I really feel like they're not siblings, my brain is bleeding."
will post ny bentables na talaga mamaya pls sana sipagin ako 😥,"I will really post my bentables later, please, I hope I feel industrious 😥"
seokjin alas tres na parang awa,"Seokjin, it's three o'clock, please have mercy."
blessing our moots with this thread 😮‍💨😮‍💨,Blessing our moots with this thread 😮‍💨😮‍💨
hayy LA seokjin talaga 😩💗💘💖💕,Hayy LA Seokjin really 😩💗💘💖💕
NU anuna? Hayy siguro punta na mga ako sa manila talaga,"NU, what now? Hayy, maybe I'll really go to Manila."
apakabait kong gf deserve ko talaga ng clo😁,"I'm such a good girlfriend, I really deserve clothes 😁"
pake namin,Who cares?
pangit mo kabonding pakyu haha,"You're bad to bond with, fuck you haha."
magtigil talaga ko jusq,"I'll really stop, my god."
"natapos din sa p6🥺
sakit talaga sa ulo, dami ko pang hahabulin sa mga majors ko baka ako tapusin ng mga 'to😭🤣","Finally finished P6 🥺 It's really a headache, I still have a lot to catch up on in my majors, they might be the end of me 😭🤣"
OT4 STANS WILL ALWAYS WIN TALAGA ANO PO 😭🥰 #BLACKPINK,"OT4 STANS WILL ALWAYS WIN, RIGHT 😭🥰 #BLACKPINK"
ang confusing talaga ng carrd noh😭😭😭,"Carrd is really so confusing, huh 😭😭😭"
Nakakalungkot  talaga pero wala ko magawa eh lahat nalang ng nega vibe nasakin ata kelan kaya ako magiging okay kaht ilang araw lang😶😢,"It's really sad, but I can't do anything, it seems all the negative vibes are with me, when will I be okay, even for a few days? 😶😢"
qt talaga pupper ng happy crush q 🥺,My happy crush's pupper is really cute 🥺
di ako natutuwa talaga,I'm really not happy.
"Same..yung akala mo things are getting better. Then may ganito pala.ang shakit lang...sakit. I love Kyji both parang pagwala isa,di complete.","Same..you think things are getting better. Then something like this happens. It just hurts...it hurts. I love Kyji both, it's like if one is missing, it's not complete."
tangina talaga ni maine ha ha ha,"Damn Maine, ha ha ha."
ANO NANAMAN??????!?!,WHAT IS IT AGAIN??????!?!
PUTANGINA NAPKA GWAPO NG PLAYERS NG CISTERNA,"HOLY SHIT, THE CISTERNA PLAYERS ARE SO HANDSOME."
Parang ako sa Suntory vs VC HAHAHAHAHAHAHAAHAHHAHAHA,It's like me in Suntory vs VC HAHAHAHAHAHAHAAHAHHAHAHA.
Milano whomstve,Milano whomstve.
Wla na talaga.,There's really nothing left.
Dahil may ibang mga bagay talaga na kailangan mabago o baguhin,Because there are some things that really need to be changed or fixed.
Sobrang magical talaga kapag kino-confirm ng mga anito ko 'yung mga tanong ko. Nakakaiyak din. 😭😭😭😭😭😭😭😭😭😭😭😭😭,It's truly magical when my ancestors confirm my questions. It makes me cry too. 😭😭😭😭😭😭😭😭😭😭😭😭😭
What the actual f*ck? Jü$tin bi3b3r having that 8 nominations? For what??? Taenang yan oi ano yon? Scammys talaga buset. His latest releases are mostly trash ano yun? Wtf talaga,"What the actual f*ck? Jü$tin bi3b3r having that 8 nominations? For what??? What the hell is that? The Scammys are really annoying. His latest releases are mostly trash, what is that? What the f*ck, really."
goodmorning ganto pala feeling ng iniwan 😃,"Good morning, so this is what it feels like to be left 😃"
Bawal talaga matulog sa fandom na to 😭,"Dude, you really can't sleep in this fandom 😭"
Gagi can’t resist the beat of BMW Pero yoko talaga ng lyrics 🤢,"Damn, I can't resist the beat of BMW, but I really hate the lyrics 🤢"
Finally eating Filipino food again,Finally eating Filipino food again.
Saya panlasang pinoy talaga weeeeeeiii pabusog ka jannn,"Filipino cuisine is truly delightful, weeeeeeiii, fill yourself up there!"
ok na yun haha cute nung pfp q parang chat heads na tuloy haha,"It's fine haha, my pfp is cute, it looks like chat heads now haha."
char akala mo naman talaga afford,"Just kidding, as if I could actually afford it."
TANGNA SANA NEXT YEAR DIKANA GNYAN KATOXIC TANGA USO MAGBABA NG PRIDE TANGNA MO IKAW NA NGA MAY ATRASO SAKEN PERO PINALAGPAS KO NALANG PERO YAWA KA PANGIT SA GNYAN AYAW MAGBABA NG PRIDE PARANG GAGO LANG TIGNAN NATIN KUNG MAY MAKAKAUSAP KAPA SAMIN MAGTOTROPA.,"DAMN IT, I HOPE NEXT YEAR YOU WON'T BE THIS TOXIC, YOU FOOL. IT'S FASHIONABLE TO HUMBLE YOUR PRIDE, DAMN YOU. YOU'RE THE ONE WHO WRONGED ME, BUT I JUST LET IT GO. BUT DAMN YOU, IT'S UGLY TO NOT HUMBLE YOUR PRIDE, IT LOOKS STUPID. LET'S SEE IF YOU'LL STILL HAVE ANYONE TO TALK TO AMONG OUR GROUP."
I can't sleep :< need ko pa magising ng 6 para sa performance ng Enha tas may pasok pa ako ng 9 >~<,I can't sleep :< I still need to wake up at 6 for Enha's performance and I have class at 9 >~<
"Pinupuyat mo kami ni @jeffjorda @mendozapauline gahahaha! Aliw
facebook.com/createdbyvalsea…","You're keeping @jeffjorda and @mendozapauline and me up late, gahahaha! Amusing. facebook.com/createdbyvalsea…"
hahaha nakakatuwa talaga laruin @UnpackingALife 🥰,"Hahaha, @UnpackingALife is really fun to play 🥰"
so it turns out blondie is credited for sour too... the power of this woman talaga,So it turns out blondie is credited for Sour too... the power of this woman is real.
GHOOORL @nine_monster,GHOOORL @nine_monster
OMAYGAD,OH MY GOD.
"and i cant believe it, FIRST TIME??? A BLASPHEMY TO THEIR FORMER WORKS, I SWEAR!!!","And I can't believe it, FIRST TIME??? A BLASPHEMY TO THEIR FORMER WORKS, I SWEAR!!!"
Not really. walang kwenta talaga US Music awards in the 70s lol,Not really. US Music awards in the 70s were really worthless lol.
delulu lang ba talaga ako hahaha,Am I really just delusional? Hahaha.
cute nung mic parang kakanta yung mga coach ahahshahahah,"The mic is cute, it's like the coaches are going to sing, ahahshahahah."
parang wala maxiado queenta sinabi ko pero ayon..,"It's like I didn't say much, but yeah..."
"ay nako, bat naman kasi Love spell pa talaga pinabili ni mama ugh","Oh no, why did Mom really make me buy Love Spell, ugh."
Naka tatlong mall tuloy 🥴,I ended up going to three malls 🥴
parang fb na pfp q haha,My pfp looks like Facebook now haha.
Mabalik talaga akong cod pag summer,I'll really go back to playing CoD in the summer.
magulang ko nga hindi nagrereklamo sa merch ko na araw araw kong kinakalkal sa harap nila at natutuwa pa pero ikaw ang lakas mo naman sabihin na nagyayabang ako 😭😭,"My parents don't even complain about my merch that I dig through every day in front of them and they even enjoy it, but you have the audacity to say I'm bragging 😭😭"
"hindi ba pwedeng masaya lang talaga ako, haha shuta nakakaconscious na tuloy mag myday","Can't I just be happy, haha damn, now I feel self-conscious about posting stories."
"ayoko na talaga, pati pagmamyday ko merch pinapansin niyo 😭","I really can't do this anymore, you even notice my merch when I post stories 😭"
"Gusto ko talaga magpa commission kay mx Emma kaso di ko pa keri magcomply sa 0.6 per word, pag pang finals nalang siguro ❤️","I really want to commission Ms. Emma, but I can't afford to comply with 0.6 per word yet, maybe for finals. ❤️"
"Napaka Good News talaga on how the Philippines gradually is improving!Thank You to PRRD Govt and to All of the Filipinos who are vaccinated. Hopefully to inspire MORE FILIPINOS to Trust the Covid Vaxx & get Vaccinated Soon👌
#UniTeamMarcosSara ❤️💚
UNITED LOYALISTDDS",Such good news on how the Philippines is gradually improving! Thank You to PRRD Govt and to All of the Filipinos who are vaccinated. Hopefully to inspire MORE FILIPINOS to Trust the Covid Vaxx & get Vaccinated Soon👌 #UniTeamMarcosSara ❤️💚 UNITED LOYALISTDDS
"At the end of the day, sarili mo lang talaga 🙃","At the end of the day, it's really just yourself 🙃"
"Aghhhhhhhh 🥺🥺 why me na aapektuhan, sakit pala hehehe","Aghhhhhhhh 🥺🥺 why am I the one affected, it hurts hehehe."
"San ba talaga ko nasasaktan? Dahil ba sa nag eexpect pa ko na magiging ok kami na di mawawala ung pinagsamahan ,kahit na nag karon ng alitan , o dahil sa nalaman ko na yung totoong di lahat ng kaibigan mo tatagal talaga sa parte ng buhay ko.","Where am I really hurting? Is it because I still expect us to be okay and that our bond won't disappear, even after an argument, or because I found out that not all your friends will really last in my life?"
"Anyway okay lang naman nung una na matapos na talaga ung pagkakaibigan  eh kasi nagalit talaga ko ng sobra sakanila  , misunderstanding kasi, pano ba naman mag twitweet ng ganun, so kami nag react agad hanggang sa bumilis pangyayari nagulat nalang kami na ay ok unfriend","Anyway, it was okay at first for the friendship to really end, because I got really, really angry at them. It was a misunderstanding, how could they tweet like that? So we reacted immediately, and things happened so fast, we were just surprised that, oh, okay, unfriended."
"I don't know if mababasa niyo to, but guy's im the type of person na hindi nagtatanim ng galit, kahit na masakit ung nangyari, mabilis maghilom ung galit ko, and sobrang nakakamiss lalo na magpapasko,anyway kung happy naman na talaga kayo na kayo kayo nalang it's ok 🤗","I don't know if you'll read this, but guys, I'm the type of person who doesn't hold grudges. Even if what happened hurt, my anger heals quickly, and I miss it so much, especially with Christmas approaching. Anyway, if you're really happy just among yourselves, it's okay 🤗"
"We will move forward na 🙂 thankyou and i know nasaktan din namin kayo sa mga salitang binitawan namin, pero i want to clarify na its just a word and we didn't meant it im so sorry, God knows how i feel right now, nung inistalk ko kayo 🥺 pero sabi ko nga ok lang un","We will move forward now 🙂 Thank you, and I know we also hurt you with the words we said, but I want to clarify that it's just a word and we didn't mean it, I'm so sorry. God knows how I feel right now, when I stalked you 🥺 but as I said, it's okay."
"Para kong nag momove on,thankyouu guys!! Sa mga araw na naging part kayo ng life ko, and sa mga masasayang memories  i will treasure it🤗 GOD BLESS YOU ALL!","It's like I'm moving on. Thank you, guys!! For the days you were part of my life, and for the happy memories, I will treasure it 🤗 GOD BLESS YOU ALL!"
"Tinry ko lang naman sumali sa pa activity sa work naman about a song that you can listen to for days. Si MAPA yung sinabi ko. Kasi halos ito din yung song na naging A'TIN na ako. Ayun, nasali pa sa nanalo, pandagdag merch din. Hehe 
thank you for your songs @SB19Official #SB19","I just tried to join the work activity about a song you can listen to for days. I picked MAPA. Because that's pretty much the song that made me an A'TIN. And I even got picked as a winner, extra merch for me. Hehe 
thank you for your songs @SB19Official #SB19"
"Haha may pangbili na mamaya ng #Bazinga_SB19 photocards yiheee! Kita kits!
@SB19Official #SB19","Haha, I'll have money to buy #Bazinga_SB19 photocards later, yiheee! See you! 
@SB19Official #SB19"
"Yes po para sa pc talaga yan hehe kitakits Ate! 💙🤗
@SB19Official #SB19","Yes, that's really for the PC, hehe, see you, Ate! 💙🤗
@SB19Official #SB19"
matutulog na talaga ako.,I'm really going to sleep now.
Buti pa panaginip ko parang ganun parin. Sana mamaya ulit.,At least my dream was still like that. I hope it happens again later.
pinakaba ako sa wala 🤨,You scared me for nothing 🤨
Wala ba talaga 🤔,Is there really none? 🤔
ang cute talaga ni chimon gagii 😭😭😭,"Chimon is so cute, dammit 😭😭😭"
exact 4 matutulog na talaga ako,I'm really going to sleep at exactly 4.
🤡🤡,🤡🤡
Feel ko dapat di talaga ako nanonood ngayon.,I feel like I really shouldn't be watching right now.
si ryeowook talaga naaalala ko agad pag i'm your girl ng s.e.s pinapatugtog,Ryeowook is always who I remember immediately when S.E.S.'s 'I'm Your Girl' plays.
Gusto ko talaga pasukin yung BNX 😔,I really want to get into BNX 😔
Parang….. violinstion na yon??? Hahahahahah,"That's like... a violation, right??? Hahahahahah"
sabi ko talaga maaga ako matutulog HAHAHAHAHA,I really said I'd sleep early HAHAHAHAHA
putangina mo talaga grammy madaling araw na dito gumising ako kahit napaka aga ng pasok ko tas nakakagigil ka,"Damn you, Grammy, it's early morning here and I woke up even though I have to start work super early, and you're so infuriating."
ok. kailangan na talaga matulog :) may midterm exam kame mamayang 7 am boset,"Okay. I really need to sleep now :) We have a midterm exam at 7 AM later, ugh."
Vote niyo ‘yung panong 😭,Vote for 'panong' 😭
*payong talaga ‘yon kanina pa ‘yang auto correct 😤,"It was really 'payong' earlier, this auto-correct is annoying 😤"
"Hayaan mo ko maging masaya dahil kapag kayo masaya kayo, masaya ko para sa inyo. Wag puro pang gagalaiti sa katawan, naiinggit ka ba? Siguro naman hindi dami dami mong pera eh. Wag ganon wag epal. Try mo masaya yun yung manahim at wag mag reac sa sarili mong post 😂","Let me be happy because when you're happy, I'm happy for you. Don't always be full of rage, are you jealous? I guess not, you have so much money. Don't be like that, don't be annoying. Try being happy, that's better, and don't react to your own post 😂"
"Napaka multi-tasker ko talaga, nagwa-watch together kami thru gmeet tapos co-host ako sa space sa main ko","I'm such a multi-tasker, we're watching together through Gmeet and I'm co-hosting a space on my main."
Parang ang sarap gumala 🤔🤔🤔,It feels like it would be nice to go out 🤔🤔🤔
"we are responsible for our own feelings pero bakit parang responsibilidad ni anji yung kay kd?
again, not hating kd. i hate the hms.","we are responsible for our own feelings but why does it seem like anji is responsible for kd's? 
again, not hating kd. i hate the hms."
"may nagtanong if natutulog pa daw ako, natutulog naman ako pero iba lang talaga body clock ko at nightshft ako sa part time job ko sa cllcntr 9pm hanggang 6 ng umaga 🤣","Someone asked if I was still sleeping; I do sleep, but my body clock is just different, and I work a night shift at my part-time job at a call center from 9 PM to 6 AM 🤣"
"Legit na allergic talaga ang G word sa mga boybands, as in bihira lang sila mag-nominate.",It's legitimately true that the 'G' word is allergic to boybands; they rarely get nominated.
Tawang tawa ako dun sa “Payag ka pogi ka pero lahat ng tao bulag.” HAHAHAHA napakasiraulo nyo talaga,"I'm laughing so hard at ""Would you agree to be handsome but everyone is blind?"" HAHAHAHA you guys are so crazy."
"""You make me feel like a Merry Munchkin, whenever I'm with you. Friends are really wonderful, but special ones are few."" 🎶
Hoping na mapili po✨ Me and my sister would be very happy 😊 SLMT @dunkinph
#SB19xDunkinPH #MerryMunchkin 
@SB19Official #SB19","""You make me feel like a Merry Munchkin, whenever I'm with you. Friends are really wonderful, but special ones are few."" 🎶
Hoping to be chosen po✨ Me and my sister would be very happy 😊 Thanks @dunkinph
#SB19xDunkinPH #MerryMunchkin 
@SB19Official #SB19"
"""Ang saya ng Pasko ng dahil sayo, Merry Munchkin, Merry Christmas, Merry Christmas, Merry Munchkin to you.""🎶🥰✨
#SB19xDunkinPH #MerryMunchkin 
@SB19Official #SB19","""Christmas is so joyful because of you, Merry Munchkin, Merry Christmas, Merry Christmas, Merry Munchkin to you.""🎶🥰✨
#SB19xDunkinPH #MerryMunchkin 
@SB19Official #SB19"
"ayywawieeee ang saya talaga ng pasko💙🤗
good luck ate tiffff 🤩✨
#SB19xDunkinPH 
#MerryMunchkin 
@SB19Official #SB19","ayywawieeee Christmas is really so joyful💙🤗
good luck ate tiffff 🤩✨
#SB19xDunkinPH 
#MerryMunchkin 
@SB19Official #SB19"
"Thank you Fiya 🤗 Sana this time palarin na ☺️
#SB19xDunkinPH 
#MerryMunchkin 
@SB19Official #SB19","Thank you Fiya 🤗 I hope this time we get lucky ☺️
#SB19xDunkinPH 
#MerryMunchkin 
@SB19Official #SB19"
"papalarin yan atee🤞
#SB19xDunkinPH 
#MerryMunchkin
@SB19Official #SB19","You'll get lucky, atee🤞
#SB19xDunkinPH 
#MerryMunchkin
@SB19Official #SB19"
parang nagiging bente nalang wankey ngayon ah,It seems like one wonkey is only twenty now.
"ito talaga yung sinasabi ko sa inyo simula palang, most of hms anti-loveteam talaga HAHAHAHAHHAAH kaazr","This is what I've been telling you all along, most of the housemates are really anti-loveteam HAHAHAHAHHAAH so annoying."
Kinakabahan ako. Nagugutom ako pero parang hindi nako gutom now HAHAHAHAHAHAHHAA,I'm nervous. I'm hungry but I don't feel hungry anymore HAHAHAHAHAHAHHAA
Dapat dba a month before remind na. Nku kung d pa mag email ung HR sa pending wala talaga,"Shouldn't it be a reminder a month before? Ugh, if HR doesn't email about the pending one, then nothing."
Nakakapanira talaga ung exam na pending kaloka nov. 9 pato  patpos na nov.,"That pending exam is really ruining things, it's crazy. That was Nov. 9 and it's already the end of Nov."
Linis talaga ng kwarto malala,My room is seriously so clean.
parang ayoko na lang tanggapin mga bigay mo,I kind of just don't want to accept your gifts anymore.
gusto ko talaga ng kausap ngayon kahit sino payan kahit ex ko payan,"I really want someone to talk to right now, whoever it is, even my ex."
hoy HAHWHHWHWJWHW wala akong ex HA,hoy HAHWHHWHWJWHW I don't have an ex HA
ang panget kasi pakinggan kapag may ex,it just sounds bad when you have an ex
PESTE KA TALAGA CHOI MUJIN PATRAINING KA PA HA LIKE OOH KILL UR FATHERS KILLER. TAS IKAW UNG KILLER ABAAA IBA KA SER AJSJASDHFASF,"YOU DAMN CHOI MUJIN, YOU MADE ME TRAIN LIKE OOH KILL YOUR FATHER'S KILLER. THEN YOU'RE THE KILLER, WOW, YOU'RE SOMETHING ELSE SIR AJSJASDHFASF"
Okay lang parang kagat lang ng dinosaur,"It's okay, just like a dinosaur bite."
SA INGGIT LANG TALAGA AKO MAMAMATAY,I'M REALLY GOING TO DIE OF ENVY
Hala uy bat parang same kami lagi ng ginagawa😃,"Oh no, why do we always seem to be doing the same things?😃"
"At kung hindi ko pinakilala limang lalaking yun SA NANAY KO.
hindi sana narinig ng nanay ko yang big boi throwing three stacks na yan edi sana hindi AKO gumagastos para sa iba’t ibang lalaki ngayon maliban sa limang lalaki KO!
It’s now 5 + 9 + 23.. 🤯🤯🤯😅💖","And if I hadn't introduced those five guys TO MY MOTHER.
My mother wouldn't have heard that big boy throwing three stacks, and then I wouldn't be spending money on different guys now, except for MY five guys!
It's now 5 + 9 + 23.. 🤯🤯🤯😅💖"
ang smooth ng dalawang linggo ko feeling ko may mali talaga eh,"My past two weeks have been so smooth, I feel like there's really something wrong."
baka bagsak nako kaya di ako kinakabahan :^),"Maybe I've already failed, that's why I'm not nervous :^)"
MAAR NAMAN PARANG DI PAMILYA,"IT'S SO ANNOYING, IT'S LIKE WE'RE NOT FAMILY"
Cno ka?,Who are you?
Follow back ko ba?😕,Should I follow back?😕
TANGINA MO,FUCK YOU
"Follow back kita mamaya, BC aq.","I'll follow you back later, I'm busy."
"Sana hindi maubos schoolworks mo, goodluck","I hope you don't run out of schoolwork, good luck."
"Tulungan mo ‘ko teh, need ko mag vlog.","Help me, sis, I need to vlog."
"Gusto mo lang makita mukha ko e, g lang basta gising aq","You just want to see my face, huh, sure as long as I'm awake."
Kahit cno maaalibadbaran kapag nakita ka.,Anyone would be annoyed if they saw you.
"Sendan kitang maraming pictures ko, gets namang nahihiya ka lang manghingi","I'll send you lots of my pictures, I get that you're just shy to ask."
"Grabe! Na miss mo talaga ako, ano?","Wow! You really missed me, didn't you?"
ANG PRETTY PUTANGINA PARANG HINDI BARDAGOL 😭😫❤️,"SO PRETTY, DAMN, SHE DOESN'T EVEN LOOK LIKE A MESS 😭😫❤️"
Sisimulan ko na to talaga ulit. Motivation please..,I'm really going to start this again. Motivation please..
Pag si jeno at jaehyun teaser mamayang gabi magwawala talaga ako,"If Jeno and Jaehyun's teasers drop tonight, I'm really going to freak out."
Ang daming nag chichismis about kay szwarc ? sino ba to👀,So many people are gossiping about Szwarc? Who is this 👀
WEREWOLF KO YAAAN HAHAHAHAH,THAT'S MY WEREWOLF HAHAHAHAH
ginawa mong halimaw 😭🤣,You made him a monster 😭🤣
hindi kasi yung dating nya sakin yung parang hot werewolf na nasa human form nila HAHAHAH shuta arthur pwede bang pasali sa pack 🤭,"It's not that he looks like a hot werewolf in his human form HAHAHAH dang Arthur, can I join the pack? 🤭"
"sa buong buhay ko, parang wala man lang akong nagawang tama","In my entire life, it feels like I haven't done anything right."
so nalaman ko na nagluto lola ko ng sinigang nung wala ako 🥲 parang 'di pamilya ah,"so I found out my grandma cooked sinigang when I wasn't there 🥲 it's like we're not family, huh?"
"pag ako di nagising para sa klase ko mamaya, blaming u meralco wala pa kong tulog bwiset 😒","If I don't wake up for my class later, I'm blaming you, Meralco, I haven't slept yet, damn it 😒"
Still have 7:30 exam tomorrow and here I am wide awake,Still have 7:30 exam tomorrow and here I am wide awake
di talaga uso satin matulog🤣,Sleeping isn't really our thing 🤣
Kakalungkot lang kasi tngina bat parang may nag iba? :(,"It's just sad because damn, why does it feel like something changed? :("
bakit ako nasa couple fyp napakabaho na ng tiktok ko putangina nakakasama ng loob pero when,why am I on couple fyp my tiktok is so disgusting damn it's heartbreaking but when
binibigyan kita ng jowa tas ayaw mo naman humarot tas mag-whewhen ka adik ka ba,"I give you a partner and you don't want to flirt then you ask 'when', are you crazy?"
panapanahon lang talaga na jowang jowa ako i’m so <//3,"There are just times when I really want a significant other, I'm so <//3"
potangenang twitter to kada open ko may message isa tas wala naman parang tanga ampota.,"Damn this Twitter, every time I open it there's one message but there's nothing, like it's stupid as hell."
parang gusto ko nalang maging hatdog.,I kind of just want to be a hotdog.
"Mamaaaa, parang ngayon palang hihimatayin na koooo😭","Mamaaaa, I feel like I'm going to faint right nowwww😭"
"Hindi ako takot sa dextrose pero takot ako sa injection?? Syempre yung dextrose di ko naman nararamdaman nilalagay sa kamay ko e, tulog naman kasi ako pag nilalagay yun e😭😭","I'm not scared of dextrose but I'm scared of injections?? Of course, I don't feel the dextrose being put in my hand, I'm asleep when that's done 😭😭"
Pwede din naman magsimp kay billkin diba 😭,"We can simp for Billkin too, right? 😭"
bet ko yung pareho nating profile pic si pp kase siya talaga dapat pero mas nagsisimp na din tayo kay billkin these days AHAHAHAHHA,"I like that we both have PP as our profile pic because he should really be it, but we've also been simping for Billkin more these days AHAHAHAHHA"
WE'RE SHARING THE SAME ENERGY HAHAHAHAHAHA,WE'RE SHARING THE SAME ENERGY HAHAHAHAHAHA
YES BESTIE AHAHAHAHHHA,YES BESTIE AHAHAHAHHHA
hanggang talisod nalang ba talaga :(( bakit pag nag rere-read ako umaasa ako na may sunod tong talisod :((,Is it always going to be just 'Talisod' :(( why do I hope there's more to this 'Talisod' when I reread it? :((
Parang ang sarap mag patangay sa alon🙂,It feels like it would be nice to be carried away by the waves 🙂
Ang cute ng bata parang siya <3,"The child is cute, just like him <3"
everything has been so overwhelming in uni :’) gusto ko na lang maging halaman,everything has been so overwhelming in uni :’) i just want to be a plant
kayo na lang talaga pahinga ko these days @treasuremembers 🥺,you guys are really my only rest these days @treasuremembers 🥺
Lrt. OMG TALAGA,"LRT. OMG, REALLY"
Di pa talaga totally kaya kontrolin yung sarili,I still can't totally control myself.
"""Threat"" to public health.""","""Threat"" to public health."
It’s how he deliver his words not so Presidential.,"It's how he delivers his words, not so Presidential."
"Halos naman ng bansa ngayon hard sell or direct coercion ang vaccination.
Sa palagay ko hindi maibebenta sa mga ayaw.","Almost all countries now are doing hard sell or direct coercion for vaccination.
I believe it won't sell to those who don't want it."
"Mert 750,000 na ang namamatay na Kano kahit hindi maibenta iyan ang gagawin ay itatapon na lang katulad ng mga gamot na hindi nagagamit dito. Hindi ni-re-recycle kahit pwede pang gamitin. Kung mag tapon ako ng gamot sa Police station at pharmacy ay kahon-kahon. Bawal ang re cycle","750,000 Americans are already dying, even if it doesn't sell, they'll just throw it away like unused medicines here. They don't recycle it even if it can still be used. When I throw away medicine at the police station and pharmacy, it's boxes of it. Recycling is forbidden."
"Madaling mag expire at ma bulok ang mga vaccine ninyo diyan sa USA, may special temperature ang pinag iimbakan ng mga ito. Itatapon talaga.
Mura lang naman talaga iyang mga MRNA vaccines na gamit ninyo diyan dahil synthetic.","Your vaccines in the USA expire and rot quickly; they require a special storage temperature. They will really be thrown away.
Those MRNA vaccines you use there are actually cheap because they are synthetic."
Kaya nga ang vaccine namin talagang naka schedule lalo na kung may insurance ka kasi doon ang reimbursement. Kukulitin ka kahit dental insurance.,"That's why our vaccine is really scheduled, especially if you have insurance, because that's where the reimbursement is. They'll nag you even for dental insurance."
"Dito rin naman sa Metro Manila ay naka schedule rin kaya nga lang ay marami pa rin ang ayaw pagpa bakuna.
Iba iba ang dahilan, isa na ang SIKSIKAN sa bakunahan at malamang ay duon pa mahawa ng sakit.
Tulad rin diyan ay hindi rin alam ng marami kung ano ang bakuna.","Here in Metro Manila, it's also scheduled, but many still don't want to get vaccinated.
There are various reasons, one is the CROWDING at vaccination sites, and they might even get sick there.
Just like there, many also don't know what kind of vaccine it is."
parang trip ko sa sea side mamaya huh walang tulugan😭,"I feel like going to the seaside later, huh, no sleeping 😭"
SCREAMINGGGGGGG INTERNALLY kasi madaling araw na but omggggg ka talaga Namjoon,"SCREAMINGGGGGGG INTERNALLY because it's early morning but omggggg you, Namjoon, are something else."
PARANG READY NAMAN NA AKO MAGKA JOWA. CHARIZ!,I FEEL LIKE I'M READY TO HAVE A PARTNER. JUST KIDDING!
Parang gusto kong i try mag axie budget nalang kolang,"I kind of want to try Axie, I just need the budget."
Paano kung totoo to 😭😭😭😭😭,What if this is true? 😭😭😭😭😭
@wwiinn_77xx  what if ako talaga si winwin,@wwiinn_77xx What if I'm really Winwin?
mine payooo,"Mine, please."
Bobo talaga akong tao 😂 legit yon! my Red nga akong grade sa transcript ko eh PERO PUTANGNIA FEELING KO NGAYON MAS MATALINO PA KO SA GRAMMY'S 😂😂😂😂😂😂😂😂😂,I really am a dumb person 😂 that's legit! I even have a Red grade on my transcript BUT F*** I FEEL LIKE I'M SMARTER THAN THE GRAMMYS NOW 😂😂😂😂😂😂😂😂😂
"Mananatili talaga, lalo na si ate blaze😭😭","It will truly remain, especially Ate Blaze😭😭"
Parang tanga HAHAHAHAHA,Like an idiot HAHAHAHAHA
ANG GANDA TALAGA NG BOSES 😩😩😩😩,THE VOICE IS SO BEAUTIFUL 😩😩😩😩
cravings satisfied 😋,cravings satisfied 😋
POTANGINA 😭😭😭😭😭😭,F*** 😭😭😭😭😭😭
SALUHAN MOKO HDHWHAHSJDJEKAJD,CATCH ME HDHWHAHSJDJEKAJD
BAKIT NAAMOY KO 😭😭😭😭,WHY DO I SMELL IT 😭😭😭😭
ANG SARAP NG TOPPINGS BALIW KISSES YAN,"THE TOPPINGS ARE SO DELICIOUS, THAT'S CRAZY KISSES"
BEH 😭😭😭😭😭😭 PARANG ANO NG ASO KO,BEH 😭😭😭😭😭😭 IT'S LIKE MY DOG'S...
"Good night naman talaga...@keun16308352
@SB19Official #SB19","Good night, everyone...@keun16308352 @SB19Official #SB19"
Hahahahaha kay Jeongwoo tayo mag tanong be😅 sa update nya nakasalalay ang ipon😭🥲,"Hahahahaha let's ask Jeongwoo, beh 😅 our savings depend on his update 😭🥲"
satruueee!! Hahaha. once a month lang update ng bata nate e.,"True! Hahaha. The kid only updates once a month, Nate."
Saklap beb hahahahah buti nlng tlga magaling sya sa actingan apapa pledge ang mga inays🤣 kahit papaano nadadagdagan ang kaban lol,"Such a bummer, beb hahahahah good thing she's really good at acting, so the mothers will pledge 🤣 at least the treasury grows lol"
"truuut! kse kung hindi, nako wala talaga. lalangawin talaga ang kaban. 🤣","True! Because if not, oh no, it's really nothing. The treasury will really gather flies. 🤣"
gosh sana talaga icancel ni sir ung oral examination sa cle bwahahah,"Gosh, I really hope sir cancels the oral examination for CLE bwahahah"
3:37 am putekk lahat nalang pinanood kona kase wala na talaga ako magawa,"3:37 AM, damn it, I've watched everything because I really have nothing else to do."
Guyssss parang Aleian na ang mananalo  sa dating nila ahhhh😍😍🥰🥰🥰so xcited namn..,"Guysss, it looks like Aleian will win based on their date ahhhh😍😍🥰🥰🥰so excited.."
Mananalo san?,Win what?
2nd Gen is iconic talaga!! 😭✊🏻 Na hook talaga ako sa KPop because of nobody ng wonder girls 😭😭,"2nd Gen is truly iconic!! 😭✊🏻 I really got hooked on KPop because of Wonder Girls' ""Nobody"" 😭😭"
parang kahapon lang no'ng tayo'y magkasama,It feels like just yesterday when we were together
"""Sometimes the hardest thing is to sacrifice the one you love talaga and to let him go pag hindi na siya masaya talaga sa ‘yo..."" bandera.inquirer.net/298348/…","""Sometimes the hardest thing is to really sacrifice the one you love and to let him go when he's really no longer happy with you..."" bandera.inquirer.net/298348/…"
"Andito si Ms @MsVinaMorales para sa inyo! 
#ABSCBNChristmasID2021 #AnditoTayoParaSaIsatIsa #vinamorales #VINA #dyosavina",Ms @MsVinaMorales is here for you! #ABSCBNChristmasID2021 #AnditoTayoParaSaIsatIsa #vinamorales #VINA #dyosavina
ETO TALAGA MINAMANIFEST KO NOON PALANG🥵😭,THIS IS WHAT I WAS MANIFESTING ALL ALONG🥵😭
"skl gagi, imbes na antukin ako sa playlist ko, kinilig lang ako kasi grabe yung pagkakasunod sunod 😭
(syempre scripted na yung nasa vid pero ganyan talaga yung magkakasunod kanina 😭) 
goodnight siguro </3","Just sharing, dang, instead of feeling sleepy from my playlist, I just got giddy because the sequence was amazing 😭 (of course the one in the video is scripted but that's really how it was in sequence earlier 😭) goodnight I guess </3"
Laptrip parin talaga to e hahahahaha,"This is still really funny, haha."
PARANG BROKEN AKO GUYS. 🙃,"I FEEL BROKEN, GUYS. 🙃"
sino pa gising?,Who's still awake?
sige matulog ka na parang kulang na kulang ka sa tulog eh,"Go to sleep, you seem to be severely lacking sleep."
wala na talaga akong pera 🥲,I really don't have any money left 🥲
"last exam na sana today, parang sasakitin na ako kapag may nag-announce pa","I hope today is the last exam, I feel like I'll get sick if anyone announces another one."
TANGENA TALAGA😭,"DAMN IT, REALLY😭"
"Di ba siya pwedeng kumawala sa lt lalo na at di naman na nakakabuti sa kanya at sa career niya. Kasi aminin niyo man o sa hindi, si Chin yung laging sumasalo ng issues niya dahil sa lt. Wala namang nagsasabi na di na sila pwedeng maging friends but for now let them breathe.","Can't she break free from the love team, especially since it's no longer good for her and her career? Because admit it or not, Chin always takes the fall for her issues because of the love team. No one is saying they can't be friends anymore, but for now, let them breathe."
nag tanong lang naman ako kung si harley bayun sabay sabi ni kuya harley parang kailan lang kinukuya mo pako ah sorry my false atleast di nakalimot bleehh,"I just asked if that was Harley, then my brother said, ""Harley, it feels like it was just yesterday when you were calling me 'kuya' (older brother),"" oh sorry my bad, at least I didn't forget bleehh"
bat yung ilong ko sa picture namin ni mozzy parang yung nose emoji 👃🏻👃🏻 HAHQHQHAHAHAHAHHA,Why does my nose in our picture with Mozzy look like the nose emoji 👃🏻👃🏻 HAHQHQHAHAHAHAHHA
parang hahanginin nanaman yung pera ko🙃,It feels like my money will be blown away again 🙃
ATE ELLI!!! PARANG AWA NANDITO LANG AKO😔🧎🏻‍♀️,"ATE ELLI!!! PLEASE, I'M RIGHT HERE😔🧎🏻‍♀️"
"Mas paniniwlaan namin ang mga taong may alam at may experience noong panahon na hindi pa tayo nbubuhay,yung mga nakaw na sinasabi n'yo,alamin n'yo dito.para malinawan mga utak n'yo.this is your chance to know.bago kau mgreply ng nega,make sure n npnood n'yo yan.","We will believe the people who have knowledge and experience from a time when we weren't alive, what you call 'stolen', learn about it here. So your minds will be cleared. This is your chance to know. Before you reply negatively, make sure you've watched it."
"Ano na! I just had my coffee (kanu) then binilhan ako ni mommy ng th tas sb naman from kuya.
AYAW NIYO BA AKO MATULOG????? 
At this point, kabahan na kayo I guess @yeosin_01 @bookofjjune @leesuyeons charot! Hahahaha!","What's up! I just had my coffee (Kanu), then mommy bought me TH, and then SB from kuya. DON'T YOU WANT ME TO SLEEP????? At this point, you guys should be worried I guess @yeosin_01 @bookofjjune @leesuyeons just kidding! Hahahaha!"
Maghanda ka na sa 6 hrs na usapan.. x3 pala kasi 3 kape..hahahahaha,Prepare for 6 hours of talking.. x3 actually because 3 coffees..hahahahaha
LATE REPLY AQ ngayon meron na resulta yung maraming kape HAHAAHHAHA,"I'M LATE TO REPLY, now there's a result from too much coffee HAHAAHHAHA"
Grabe epekto ng kape..di lang 6 hrs.. parang aabot 6days 🤣🤣🤣,The effect of coffee is intense..not just 6 hours.. it feels like it will last 6 days 🤣🤣🤣
Ghorl ang bagal talaga daig pa pagong x snail combined,"Girl, it's really slow, slower than a turtle x snail combined."
"""Tell me something""I should say ✌️","""Tell me something"" I should say ✌️"
cancel mochi daw kasi anak nya lang daw si nishi tapos hindi daw si beomii .. #5GSpace,"Cancel Mochi, they say Nishi is her only child and not Beomii.. #5GSpace"
oh see parang binabackstab na nila sila ate beomii 😭 #5GSpace,"Oh, see, they're like backstabbing Ate Beomii 😭 #5GSpace"
okay cancel mommy mochi kasi pinapatulog ako,"Okay, cancel Mommy Mochi because she's putting me to sleep."
KAILANGAN MAKITA NI ATE BEOMII ITO @sunjaeyhoon,ATE BEOMII NEEDS TO SEE THIS @sunjaeyhoon
cancel tita jin kasi pinapatulog nya si mommy mochi #5GSpace,Cancel Tita Jin because she's putting Mommy Mochi to sleep #5GSpace
HINDI ATA AKO KILALA NI MOMMY MOCHI #5GSPace hala oh,MOMMY MOCHI DOESN'T SEEM TO KNOW ME #5GSPace oh no
tumatawa ako dito pero nakikinig ako sa makungkot na music HAHAHA? sad and happy at the same time,I'm laughing here but I'm listening to sad music HAHAHA? sad and happy at the same time
HINDI KILALA NI MOMMY MOCHI SARILI NYA,MOMMY MOCHI DOESN'T KNOW HERSELF
WAG NAMAN SAD SPACE #5GSpace,NOT A SAD SPACE #5GSpace
nakakatakot pala maging malungkot ?? #5GSpace,"It's scary to be sad, isn't it? #5GSpace"
"nagrerecord po si mommy mochi, may “evidence” haysh nako cancel nyo si mommy mochi feeling ko hindi ako anak ni mommy mochi","Mommy Mochi is recording, there's ""evidence"" gosh, well, cancel Mommy Mochi, I feel like I'm not Mommy Mochi's child."
"opo hoonie walang space sila ate beomii inaabangan ko din, HAHAHA so nag space si tita jin buti naman may happy pill nanaman ako #5GSpace","Yes, Hoonie, Ate Beomii's space is what I'm waiting for too, HAHAHA so Tita Jin made a space, good thing I have a happy pill again #5GSpace"
jowa ni jungkook?? #5GSpace fake news ba ito trip nyo lang ba? HAHAHHA,Jungkook's girlfriend?? #5GSpace Is this fake news or are you just messing around? HAHAHHA
"mommy mochi family problems :"")",Mommy Mochi family problems :')
AMPON LANG AKO???? HAYS,AM I JUST ADOPTED???? HAYS
"mommy mochi, wag mo sinisiraulo si tita jin :"")","Mommy Mochi, don't mess with Tita Jin :')"
“feeling ko pag nakajowa si jungkook madami magiging broken” nako hoonie tumigil ka dyan,"""I feel like if Jungkook gets a girlfriend, a lot of people will be broken"" Oh Hoonie, stop it."
AY BAHALA KAYO ANONG ORAS NA AYOKO MAG SPEAK WAG NYO NA AKO NG MIC SI ONYOYNYONYO NALANG,OH WHATEVER IT'S LATE I DON'T WANT TO SPEAK DON'T GIVE ME THE MIC JUST ONYOYNYONYO
wag nyo nga ginanaganyan name ni onyonyonyonyo 😭😭 pag yan nagleave,Don't mess with Onyonyonyonyo's name 😭😭 if they leave
may nag kick out kay hoonie sa space (not exposing space baka icancel ako dito ineexpose ko sila HAH.),"Someone kicked Hoonie out of the space (not exposing the space, they might cancel me here if I expose them HAH.)"
“ikaw ba yung hoonie na malibag/lib0g” ANO??? #5GSpace,"""Are you the Hoonie who is dirty/lustful?"" WHAT??? #5GSpace"
CANCEL ONYONYONYONYO KASI 2G SYA !!!! #5GSpace,CANCEL ONYONYONYONYO BECAUSE HE'S 2G!!!! #5GSpace
pag 2g daw old school HAHAHAHAHHAHAHAH #5GSpace,They say 2G means old school HAHAHAHAHHAHAHAH #5GSpace
lagpas 20's na daw si tita jin #5GSpace,They say Tita Jin is over 20's #5GSpace
mas matanda si mommy mochi kaysa kay tita jin ng limang araw #5GSpace,Mommy Mochi is five days older than Tita Jin #5GSpace
ANO NI REPORT NA AGE NYO?,HAVE YOU REPORTED YOUR AGE?
yehey pwede ako mag bardagulan dito sa thread kahit nirerecord ako ni mommy mochi,"Yay, I can argue here in the thread even if Mommy Mochi is recording me."
PANDAK SI HOONIE PERO MAS PANDAK SINA TITA JIN AT MOMMY MOCHI,HOONIE IS SHORT BUT TITA JIN AND MOMMY MOCHI ARE SHORTER
"i have a cousin, 13 palang pero 5 flat sya then malaman laman ko si mommy mochi matanda na pero 5 flat 😭","I have a cousin, only 13 but 5 flat, then I find out Mommy Mochi is old but 5 flat 😭"
HOY HINDI KO ITWEETWEET HS NYO !! #5GSpace,"HEY, I WON'T TWEET YOUR HS (High School)!! #5GSpace"
hoonie nyo manok na #5GSpace,Your Hoonie is now a chicken #5GSpace
onyonyo language by hoonie #5GSpace,Onyonyo language by Hoonie #5GSpace
"Yoko talaga ng ganitong pakiramdam, naaral ko na to dati ih, maaral nga ulit","I really don't like this feeling, I studied this before, I guess I'll study it again."
busy akong manood ng anime tapos?? akala ko eme eme lang 'yung mga nagre-reply nang ganito pero ghorl kaya nga myday kasi that merch made myday at hindi mo naman pera 'yung pinambili mo niyan. hindi naman ikaw 'yung naghirap mag-ipon o kumita para bumili ng mga bagay na gusto ko,"I'm busy watching anime and then?? I thought the replies like this were just joking but girl, that's why it's a 'myday' because that merch made my day and it's not your money that was used to buy it. You didn't work hard to save or earn to buy the things I want."
"nakakasama lang ng loob at nakakaiyak at the same time kasi i am just minding my own business here, rewarding myself kaya bumibili ako merch and of course, ive been dreaming to treat myself ever since kasi i cannot afford to buy those things before.","It just makes me sad and cry at the same time because I am just minding my own business here, rewarding myself, that's why I buy merch and of course, I've been dreaming to treat myself ever since because I couldn't afford to buy those things before."
"kaya bumabawi lang ako sa sarili ko kasi kaya ko na bumili gamit sarili kong pera? and hindi 'yan pagyayabang please lang. never akong nagyabang ng mga bagay na meron ako kasi oo nga, ano bang mapapala ko diyan sa pagyayabang? wala naman diba.","That's why I'm just making it up to myself because I can now buy with my own money? And that's not bragging, please. I never bragged about the things I have because, yes, what would I gain from bragging? Nothing, right."
"masaya ako sa merch, okay. sana maging masaya ka nalang din sa buhay mo or better maging masaya nalang din para sa ibang tao, let them enjoy and mind your own business nalang po siguro. 😭😭","I'm happy with the merch, okay. I hope you just become happy with your life or better yet, be happy for other people, let them enjoy and just mind your own business, perhaps. 😭😭"
"Andami kong mali now sa work, sobrang nakaka sad parang ang lala sinasabe ko nalang sa sarili ko na di naman ako nakaranas ng ganito, may ibang tao din na mas malala pa at alam ko na ginagawa ko naman best ko para mag improve, pero nalulungkot at nadodown padin ako.","I have so many mistakes at work now, it's so sad, it feels so severe. I just tell myself that I haven't experienced this before, there are other people who have it worse, and I know I'm doing my best to improve, but I still feel sad and down."
"Para sa mga nag sasabing selfish ako, kung totoo man yun sana wala nako now. Bata palang ako naisip kona lumayas at mag pakamatay dahil sa sama ng loob ko sa mga taong nakapaligid sakin, pero iniisip ko sila kaya diko wnawakasan buhay ko.","For those who say I'm selfish, if that's true, I wouldn't be here now. Even as a child, I thought about running away and killing myself because of the bitterness I felt towards the people around me, but I think of them, so I don't end my life."
ano na! parang wala pasok bukas ah hahaha morniinng,"What's up! It feels like there's no class tomorrow, hahaha, good morning!"
"hindi masakit promise, parang kinagat ka lang ng aso","It doesn't hurt, I promise, it's just like a dog bite."
parang 2 weeks ko na tong inaaraw araw :)) open.spotify.com/track/2m6Ko…,It feels like I've been listening to this everyday for 2 weeks :)) open.spotify.com/track/2m6Ko…
"Kung hindi ko narinig cover ng limang lalaki ng Sorry sorry.. Naega meonjeo.. Nuni busyeo.. Sumi makhyeo.. Naega michyeo baby na yan..
di ko sana narinig ang BAYBEEEHH NEGE BANHAEBEORIN NAEGE WAE IRAE!! na yan edi sana hindi ako gumagastos para sa mga lalaking yun ngayon!","If I hadn't heard the cover of ""Sorry Sorry"" by five guys... ""Naega meonjeo.. Nuni busyeo.. Sumi makhyeo.. Naega michyeo baby na yan.."" then I wouldn't have heard ""BAYBEEHH NEGE BANHAEBEORIN NAEGE WAE IRAE!!"" and then I wouldn't be spending money on those guys now!"
ang hina ko talaga sa mga singer tf,"I'm really weak for singers, TF."
Maalala ko lang sabi ni Dara never nya ipiflex yung jowa nya. So it means ndi yung mga taong naiisip ko. Baka yung mamang tahimik lang ever since at naka date nya 10 years ago sa may Han river. Jusko parang naiimagine ko na. Sana sya na nga.,"I just remembered Dara said she would never flex her boyfriend. So it means it's not the people I'm thinking of. Maybe it's that quiet guy from way back whom she dated 10 years ago by the Han River. Gosh, I can almost imagine it. I hope it's him."
"Sa interview na yan,lahat ng bintang n'yo sa mga marcos na walang basehan, malalamn n'yo ang kasagutan. Syempre sasabhin n'yo,kasinungalingan yan,kase utak dilawan kayo 😅kya hindi n'yo panoorin, pero kung open minded ka,at naghahanap ng kasagutan sa mga pangyayari noon.","In that interview, all your baseless accusations against the Marcoses will be answered. Of course, you'll say it's lies, because you have 'dilawan' (yellow-coded/anti-Marcos) minds 😅 that's why you won't watch it, but if you're open-minded and looking for answers to what happened then."
"Parang ewan kayoooo, magulo kayo bente times huhy","You guys are acting weird, you're messy twenty times, huhy."
"Bestfriend 💛💛💛
My favorite, sana all may bestfriend na tulad nyo.
Ano man ang kahantungan, ang importante sa akin yung andyan kayo para sa isa't-isa, yung mananatili kayo na masaya hindi man magkasama.
@kimpoyfeliciano @giecayetano","Bestfriend 💛💛💛 My favorite, I wish everyone had best friends like you. Whatever the outcome, what's important to me is that you're there for each other, that you remain happy even if you're not together. @kimpoyfeliciano @giecayetano"
Parang ewan ako sa part nayun hahaha 🤣,"I was weird in that part, hahaha 🤣"
Ang daming triggered sa post ni Aicelle. Wala naman syang binanggit na pangalan pero galit na galit yung mga troll nung magnanakaw.😂😂😂😂😂😂😂😂😂😂😂😂😂😂😂😂😂😂,"So many people are triggered by Aicelle's post. She didn't mention any names, but the thief's trolls are furious. 😂😂😂😂😂😂😂😂😂😂😂😂😂😂😂😂😂😂"
Parang inamin na magnanakaw sila? Kasi nga nag react agad sila!!!!,It's like they admitted they're thieves? Because they reacted immediately!!!!
Parang jowa pics!!!,Like couple pics!!!
"tangina ansakit talaga ng part ni ryle sobrang dama aaaaaaaaaaaaaa kailangang ivalidate araw araw at sabihan na di iiwan pero di parin naniniwala kahit anong sabi ng kahit sino kasi at the end of the day, di talaga mawawala takot namin na magdisappear yung tao 
sad","Damn, Ryle's part really hurts. I feel it so much, aaaaaaaaaaaaaa. He needs to be validated everyday and told that he won't be left, but he still doesn't believe it no matter what anyone says because at the end of the day, our fear that people will disappear will never truly go away. Sad."
parang may nadislocate na eme sa braso ko. mali yung pagbangon q 🤧,It feels like something in my arm got dislocated. I got up wrong. 🤧
"You deserve all the love we give @chiefilomeno!!!
CHIE you on SHOWTIME","You deserve all the love we give, @chiefilomeno!!! CHIE, you on SHOWTIME!"
Bkit may kychie kpa loveteam kba ni kyle I respeto mo nman chie may loveteam pa si kyle yong kycine respeto nman ok,"Why do you still have KyChie? Are you Kyle's love team? Please respect Chie. Kyle already has a love team, KyCine. Please respect that, okay?"
they're not LT ok fans who did was a fans  don't blame chie nor kyle if there's existed #KyChie  n fandom  bkit c chie  blame iu qngvmy fandom n kychie kya cguro ganun c kyle nasasakal n s fans ng kycine,"They're not a love team, okay? The fans are the ones who did it. Don't blame Chie or Kyle if a #KyChie fandom exists. Why blame Chie if there's a KyChie fandom? Maybe that's why Kyle feels suffocated by the KyCine fans."
"Nkita nmin yong video na sinabi ni kyle"" si chie daw nagsabi sa knya na gusto nya na mka loveteam si kyle"" hindi ba nya alam may ka loveteam pa yan"" tingnan nyo ang video na nag usap sla lhat doon sa swimmingpool""","We saw the video where Kyle said, ""Chie told him that she wants to be Kyle's love team."" Doesn't she know he already has a love team? Watch the video where they all talked by the swimming pool."
Anong vid yan? Pa send po link. Kung ano ano nalang talaga ung ina accuse kay Chie. 25 na po si Chie. Do you think interested sha sa LT? Nakilala sha as herself not as part of any LT.,"What video is that? Can you send the link? They're just accusing Chie of anything. Chie is 25 now. Do you think she's interested in a love team? She became known as herself, not as part of any love team."
"Bat parang na mi miss ko si kapitan Gelo? actually hindi parang, tlgang nami miss ko sya walang halong biro.
#BGYOkundiman 
#BGYO @bgyo_ph","Why do I feel like I miss Captain Gelo? Actually, it's not 'feel like,' I really do miss him, no kidding. #BGYOkundiman #BGYO @bgyo_ph"
"if ang tae ay bumulwak, bakit ka matutulog?","If poop explodes, why would you sleep?"
Wag na matulog mamatay din lang jk,"Don't sleep anymore, you'll die anyway, jk."
yan dapat 🤩,That's how it should be 🤩
Wag ka na din matulog,You shouldn't sleep anymore either.
ganto talaga pag walang kabebe time,This is what happens when you don't have 'kabebe time.'
Same hahahah self love nalang waw,"Same, hahahah. Self-love it is, wow."
"tulog na kasi ata ung kabebe time ko, just kidding kala mo talaga meron","My 'kabebe time' is probably already asleep, just kidding, as if I really have one."
Reveal naman po kung meron HAHAHA,"Reveal if you have one, HAHAHA."
"Tanong kay Bongbong Marcos, Jr - Anong ginawa mo sa pendemic?
Sagot - pumunta ako sa Spain at nakalanghap ako ng Covid virus. Top that.","Question for Bongbong Marcos, Jr. - What did you do during the pandemic? Answer - I went to Spain and inhaled the Covid virus. Top that."
Nagparecount lang po buong 6 yrs. 2 yrs na pandemic. Hahahahaha.,Just recounting the entire 6 years. 2 years of pandemic. Hahahahaha.
"Manang mana kayo sa nanay n'yo, kuda ng kuda 😅","You're just like your mother, always blabbering. 😅"
Meron naman karapatang kumuda si VP Leni dahil maraming nagagawa para maka tulong. Iyong iba hindi na nga nakatutulong nanggugulo pa.,VP Leni has the right to speak up because she's doing a lot to help. Others aren't helping and are just causing trouble.
"Sino ba nanggugulo? If si bbm tinutukoy mo, name something that he did,bakit nasabi mong ""nanggugulo pa""","Who's causing trouble? If you're referring to BBM, name something he did that makes you say he's ""causing trouble."""
"Desidido na ako kanina na mag-socmed break, tapos nag-alarm na lang ako para sa 3:00 AM perf ng enha, na 6:00 AM pa lala. Nung nakita ko weverse post ni Hee, haha ayoko na pala mag-socmed break... Jk HAHAHAHAHAH","I was determined to take a social media break earlier, then I set an alarm for Enha's 3:00 AM performance, which is actually at 6:00 AM. When I saw Hee's Weverse post, haha, I guess I don't want to take a social media break anymore... Jk HAHAHAHAHAH"
parang di ko kaya ngayon hshs,"I don't think I can handle it today, hshs."
"Get ready for a new level of joy with the Jollibee Chick’nwich! Crunchy, juicy, and delicious - a new level of chicken sandwich. Try it now!","Get ready for a new level of joy with the Jollibee Chick’nwich! Crunchy, juicy, and delicious - a new level of chicken sandwich. Try it now!"
"Ano nangyayare sa inyo? yung pancit nyo sa chowking parang instant noodles, yung honey beef nyo ang tabang tapos ito hilaw naman 😑","What's happening to you guys? Your pancit at Chowking tastes like instant noodles, your honey beef is bland, and this one is raw 😑"
"parang kinilig din ako, sancha 😭😭","I think I felt a thrill too, Sancha 😭😭"
"kainis! sila KD at Anji pa pinag isipan nila sa ""boundaries"" na tinutukoy ni Kuya eh binabash nga si Anji dito sa labas dahil lagi niya tinataboy si KD
yan patunay na di naman talaga nila nakikita lahat ng ginagawa ng mga kasama nila sa loob 
FORCE EVICT TJ
#PBBKumuTransformers","Annoying! They even blamed KD and Anji for the ""boundaries"" Kuya was referring to, when Anji is getting bashed here outside because she always pushes KD away. This proves that they don't really see everything their housemates do inside. FORCE EVICT TJ #PBBKumuTransformers"
"""Kuenen"" parang ""kunin"" pero jeje SKJZJSKZMS","""Kuenen"" sounds like ""kunin"" (to get) but in a 'jeje' way SKJZJSKZMS"
parang ayoko na uli magbasa ng kahit anong au haha gusto ko nang saksakin sunod sunod na heartbreak to ah :)),I feel like I don't want to read any AU anymore haha. I want to stab this series of heartbreaks now :))
haha sino ba kasi may sabi sayo na sunod-sunurin mo ha :)),"Haha, who told you to read them one after another :))"
tatapusin ko agad pag may schoolworks para sa happiness,"I'll finish it quickly when I have schoolwork, for happiness."
parang dati lang hindi tayo nagaaral ah,"It feels like we weren't studying just recently, huh?"
"Try ko nga makapag ipon starting today hanggang 27 ng december para sa bday ko 🤣
Oh sa mababait jan beke nemen gcash 09569414312 Thank you labyu 🤣🤣🤣","I'll try to save money starting today until December 27 for my birthday 🤣 Oh, to the kind people out there, maybe some Gcash? 09569414312. Thank you, love you 🤣🤣🤣"
"parang medyo irita na rin siguro si shai kanina kase andaming taong sumusulpot habang nag-uusap sila ni anji sabi niya nga bago sila pumasok sa kwarto ""daming tao kase e, she can't breathe""","Shai probably felt a bit irritated earlier because so many people kept popping up while she and Anji were talking. She even said before they went into the room, ""There are so many people, she can't breathe."""
i hope mamaya makapag-usap na ng maayos si anji and shai. walang ibang tao ang mangingielam. feeling ko kase kay shanaia lang siya kumportableng magsabi ng problema niya. ayon lang naman.,I hope Anji and Shai can talk properly later. Without anyone else interfering. I feel like she's only comfortable telling Shanaia about her problems. That's all.
grabe talaga sparks neto 😩,The sparks between them are really intense 😩
Anlamok dito taena wala ng pwesto para sa mga bantay,"There are so many mosquitoes here, damn, no more space for the guards."
"yesss~ damihan mo kain! ang pagkain parang ikaw, hindi ko kaya na wala sa buhay ko 😆","Yes~ eat a lot! Food is like you, I can't live without it 😆"
"hahahahahahhaa </3
♥︎ jaehyun basang sisiw sparks parang fireworks 🎆","hahahahahahhaa </3 ♥︎ Jaehyun, drenched like a chick, sparks like fireworks 🎆"
worth it i-manifest ng almost 2 mos. haha 💔,Worth manifesting for almost 2 months. haha 💔
Parang nilalagnat nanaman ako za,"I feel like I'm having a fever again, za."
Minsan kaylangan tàlaga natin mag paraya pero pak u silang dalawa,"Sometimes we really need to give way, but f*** them both."
Gumising ng maaga para sa Pancit Canton 🤣,Woke up early for Pancit Canton 🤣
Syempre combo ng Iced Coffee ko tas yung masarap na kausap ko😉,"Of course, a combo of my Iced Coffee and my great conversation partner 😉"
Parang bongga din maging kabit? Charizz,Being a mistress seems like a grand thing? Just kidding.
"di naman sa dinedemonyo ko mga kaibigan ko ano, pero parang ganon na nga #stanenhypen <33","It's not that I'm demonizing my friends, but it's kind of like that. #stanenhypen <33"
nakakaloka talaga tong grammys shuta,"These Grammys are really crazy, holy shit."
Ganitong oras talaga may nagsisiga? Ano ba naman yan? 😩,Is someone really burning garbage at this hour? What is this? 😩
Parang Oxford lang,Like Oxford.
tulog na ba kayo,Are you all asleep?
KAPIT LANG PARA SA ENHA,Hold on tight for ENHA.
parang pinagsisihan ko na nag quit ako sa drum and lyre 😮‍💨,I think I regret quitting drum and lyre 😮‍💨
wag kaung ***an** kung may iba pla kaung *u***,Don't cheat if you have another.
nkakapunyeta ksi parang gusto kitang sakalin,"It's so annoying, I feel like I want to choke you."
npakasoaper 🚩🚩🚩,So super red flag 🚩🚩🚩
ah talaga ba? sino ka muna nyehe,"Oh really? Who are you first, nyehe."
HAHAHAHAHAA PARANG KAHIT AKO GUSTO KO LAGI KATEXT SI ALONZO E,HAHAHAHAHAA I THINK EVEN I ALWAYS WANT TO TEXT ALONZO.
"Start ko kaya 2022 ko para sa pamilya, goal at careee life ko. Iwas na sa toxic kapagod e hays 😌","Maybe I should start my 2022 for my family, goals, and career life. Avoiding toxic things, it's tiring, sigh 😌"
tawang tawa ako sa away nung dalawang fandom HABDJSHSHSHAHAHAHAHAHAHAHAHAHAHAHAHA PARANG MGA GAGO,I'm laughing so hard at the fight between the two fandoms HABDJSHSHSHAHAHAHAHAHAHAHAHAHAHAHAHA THEY'RE LIKE FOOLS.
Unsa man ni nga semana oy? Biochem pbl modules back to back tapos corre heavy ang friday? Di po sya compatible sa akin na bobo. Parang hanggang today lang po gagana ang utak ko tapos leader pa ako tomorrow sa PBL so parang magkaka-brain hemorrhage po yata ako this week.,"What kind of week is this? Biochem PBL modules back-to-back, then Friday is super heavy? It's not compatible with me, a dummy. It feels like my brain will only work until today, and then I'm a leader for PBL tomorrow, so I think I might have a brain hemorrhage this week."
Naka pang malakasan ako niyan ma'am @ricadetiquez  kasi kakatapos ko lang po mag pictorial with the products 🥰💖,"I was all dressed up for a strong look, Ma'am @ricadetiquez, because I just finished a pictorial with the products 🥰💖"
Yass sweet girl🥰 parang totoo haha,Yass sweet girl🥰 it's like it's true haha
"I cannot choose kasi I love them both, literally 🔥","I cannot choose because I love them both, literally 🔥"
My POWER TRIO!! syempre di pwedeng maligo nang wala silang tatlo 💖🥰,"My POWER TRIO!! Of course, I can't shower without these three 💖🥰"
My current skincare ✨,My current skincare ✨
"I need to protect myself from the radiation caused by gadgets from online selling, gotta have this!✨","I need to protect myself from the radiation caused by gadgets from online selling, gotta have this!✨"
"Need to deliver orders, gotta stay safe & protected with these face masks! 💖","Need to deliver orders, gotta stay safe & protected with these face masks! 💖"
Awts,Ouch.
"Di naman masakit, parang kagat lang ng dinosaur.","It doesn't hurt, it's just like a dinosaur bite."
BAT KASE MOOTS KO PANAY PINOY?? DKAKS AROUND THIS TIME NGA TULOG NA SILA EH DITO MAAGA PA KAINIS HAHAHAHAHHAHAHA,"WHY ARE ALL MY MOOTS PINOY?? DKAKS THEY'RE PROBABLY ASLEEP AROUND THIS TIME, BUT IT'S STILL EARLY HERE, ANNOYING HAHAHAHAHAHHAHAHA"
Nasa qatar ako sis HAHAHAHAHAHAH,"I'm in Qatar, sis HAHAHAHAHAHAH"
YUPP!! tipong mga 7pm nag sasabihan na ng goodnight yung nasa gdm ko😭😭 WHAT ABOUT ME?,"YUPP!! Like around 7pm, the people in my GDM are already saying goodnight😭😭 WHAT ABOUT ME?"
"HELLO PO GOODNIGHT NA MEE!! HAHAHAHAHAHA HERE, BEBE MO PARA SA TULOG MO LATUR","HELLO GOODNIGHT TO MEE!! HAHAHAHAHAHA HERE, YOUR 'BEBE MO' FOR YOUR SLEEP LATER."
Honestly wala akong ma mukhaan ni isa sa kanila?? Iba yung structures ng katawan nila ehh,"Honestly, I can't recognize any of them?? Their body structures are different, ehh."
"Ako rin pero the rest di ko na ma mukhaan, parang iba kasi yung figure nila, di siya famillar sa akin","Me too, but I can't recognize the rest anymore, their figures seem different, not familiar to me."
Parang tanga mga tatay ng AU mag boang 😭😭😭😭,"The AU dads are like idiots, they're crazy 😭😭😭😭"
Binabaliw talaga ako ni Jisoo ngayong era eh ✋😩💛,Jisoo is really driving me crazy this era ✋😩💛
Paki ingatan ang Mental Health ng mga bagets. Sobra na. Hinda na tama. Akala namin pamilya ang nabubuo dyan sa BNK. Pero bakit parang may nasisirang pagkakaibigan.  Walang mali sa closeness ng mga bagets. @PBBabscbn,Please take care of the Mental Health of the young ones. It's too much. It's not right anymore. We thought a family was being built there in BNK. But why does it seem like friendships are being broken? There's nothing wrong with the closeness of the young ones. @PBBabscbn
Hirap talaga uminom nang walang kain potaaaaa,"It's really hard to drink without eating, damn it."
BAKIT NAMAN KASI PARANG PINAG BIYAK NA ITLOG SILA ANGEL,WHY DO ANGEL AND THEY LOOK LIKE TWO HALVES OF AN EGG?
"Bakit parang ang lakas ng kutob ko na para tong ""Ang Narco List"" nung 2019? Yung sila-sila din ang may gawa ng issue about Bong Go. Tapos in the end, papatunayan kunwari na hindi totoo para may media mileage.
Tandaan, bad publicity is still publicity.","Why do I have a strong gut feeling that this is like ""Ang Narco List"" back in 2019? Where they themselves created the issue about Bong Go. Then in the end, they'll supposedly prove it's not true for media mileage. Remember, bad publicity is still publicity."
"done rewatching ""Goyo ang batang heneral"" daming aral","Done rewatching ""Goyo: The Young General,"" so many lessons."
it's so good. and it makes me think na what if nabuhay ako sa panahon ng pananakop ng mga amerikano? hindi ko siguro kinaya. hays!! grabe yung mga dinanas ng mga pilipino noon para sa kalayaan ng pilipinas.. nakakalungkot. ang sakit sa puso.,"It's so good. And it makes me think, what if I lived during the American occupation? I probably wouldn't have survived. Hays!! The Filipinos endured so much back then for the freedom of the Philippines... It's sad. It hurts my heart."
"Parang mocha,inilipat ang MAYON","Like Mocha, who moved MAYON."
PUTANGINA NAGPUYAT AKO PARA SA ANGST SANA SINAKSAK NYO NA LANG AKO,"FUCKING HELL, I STAYED UP LATE FOR ANGST, YOU SHOULD HAVE JUST STABBED ME."
"Sabi kakain, wala sa plano inom. Ngayon parang mali ko pa na inaantok ako? 🙃 Galing mo din.","You said we'd eat, drinking wasn't in the plan. Now it's like it's my fault that I'm sleepy? 🙃 You're really something."
"La pregunta es por qué el chavismo escoge un personaje tan repudiado por la gente, opción A porque se burlan del electorado opción, opción B el personaje es lo suficientemente manejable     y corrupto, opción C el tipo siempre fue pieza del chavismo",The question is why Chavismo chooses a character so repudiated by the people. Option A: because they make fun of the electorate. Option B: the character is sufficiently manageable and corrupt. Option C: the guy was always a piece of Chavismo.
"🇻🇪king's...El referido por Uds.no es
Freddy Superlano es Adolfo Super
lano quien firmo para veneficio de 
Alex Saab,quien se ausento para sa
car la Tibisay Lucena se lanzo como
candidato por el partido MIN,Fre
ddy Superlano gano la gobernacion
Barinas,rectractese","🇻🇪kings... The person you referred to is not Freddy Superlano, it's Adolfo Superlano, who signed for the benefit of Alex Saab, who was absent to remove Tibisay Lucena, and ran as a candidate for the MIN party. Freddy Superlano won the governorship of Barinas. Retract that."
parang hindi mo gawain dati to ha ano ka hahahahah 5 or 6 kana nga natutulog e wow ha bago payan sayo,"It feels like you didn't use to do this, what's up with you, hahahahah. You even used to sleep at 5 or 6, wow, that's new for you."
gumising lang naman ako para sa grammy bakit hindi na ako dinadalaw ng antok kanikanina lang nagrereklamo pa ako arghh,"I only woke up for the Grammy's, why am I not sleepy anymore? Just a while ago I was complaining, arghh."
pahinga muna talaga sa alak,Really need a break from alcohol.
"Napansin ko lang namigay sya ng tulong sa mga hindi masyado nangangailangan at sa dami ng ninakaw, face shields lang at karampot na bigas ang mga pinamigay.","I just noticed he gave help to those who didn't really need it, and out of all the stolen money, he only gave away face shields and a paltry amount of rice."
"Nag research kaba? Hindi, kase makakuda ka e.he gave face shields, face mask, at ibang kailangan ng mga frontliners, hindi lng isang hospital yan, even in visayas and mindanao. Nakaw? Do you have evidence? Ilang korte nb ang isinampa sknila? May napatunayan ba?","Did you do your research? No, because you're quick to talk. He gave face shields, face masks, and other necessities to frontliners, not just one hospital, even in Visayas and Mindanao. Stolen? Do you have evidence? How many cases have been filed against them? Has anything been proven?"
Parang ang sarap mandilig hahaha,"I feel like watering plants, hahaha."
Parang dito ata nagsimula yun..,I think that's where it started...
Kaya pala kanina ang tahimik nitong jiririts na toh sa turn ni Anji sa football... Paghihiwalayin ulit ang kyji. 🤬,That's why this Jiririts was so quiet earlier during Anji's turn in football... They're going to separate KyJi again. 🤬
SCREAMS parang wala akong pasok later ha hahahahahaha 3:26am na shet,"SCREAMS it's like I don't have class later, ha hahahahahaha it's 3:26 AM, shit."
1st set pa lang parang di ko na kaya,"It's only the 1st set, and I already feel like I can't take it."
"Hmm parang sa A/bs lang nman yung toxic LT culture. Sa G/ma kasi, malaya yung artists nila to work with other actors. Di sila itinatali sa iisang LT lang. Khit nga mgjowa, di necessary to work with each other.","Hmm, I think the toxic love team culture is just with A/bs. With G/ma, their artists are free to work with other actors. They're not tied to just one love team. Even couples, it's not necessary for them to work with each other."
"Isa palang dito yung post niya, ngayon 9 na. Parang di na okay puso ko.🥲
Charr hahaha","He only had one post here before, now he has 9. My heart doesn't feel okay anymore. 🥲 Just kidding, hahaha."
Kung alam nyong tinatapakan ang karapatang pantao ng kapwa Pilipino ay dapat na manindigan tayo para sa tama.,"If you know that the human rights of fellow Filipinos are being trampled upon, then we should stand up for what is right."
"Hi kuya,mabuhay ka.Nakita ko vid mo sa walk bridge.","Hi sir, long live! I saw your video on the walk bridge."
feeling ko kailangan ko na mag edit para sa sched ko sa school. nakakalimutan ko na yung mga klase q,I feel like I need to edit my school schedule. I'm already forgetting my classes.
ayan ha parang walang pasok mamaya kung magpuyat,See? It's like there's no class later if you stay up late.
Parang 5 minutes lang talaga yung November,November really felt like only 5 minutes.
"bakit pag si sin ang qt,, bakit pag samin parang tanga,,?","Why is it that when it's them, it's cute, but when it's us, it's like we're stupid?"
tayo ang para sa isa't isa~,We are for each other~
Minsan kailangan mo nalang talaga kalimutan yung feelings mo para sa kanya.,"Sometimes, you just really need to forget your feelings for them."
unfair? Or baka sadyang di lang para sa'tin,Unfair? Or maybe it's just not meant for us.
"Ninenerbyos ako ah, parang sosobra yung order kong ready mix. Masisira ata winstreak ko sa kasaktuhan palagi sa buhos. 😂","I'm getting nervous, it seems like I'll over-order my ready mix. I might break my win streak of always getting the pour amount just right. 😂"
"If it came from St Lukes nga, sana may header from their hospital? Not sure if may sample drug test report ba na pwede icompare?","If it really came from St. Luke's, shouldn't there be a header from their hospital? Not sure if there's a sample drug test report I can compare it to?"
"Ususan is a nearby barangay of BGC, kung nasaan ang St Lukes which is under the jurisdiction of Brgy. Fort Bonifacio","Ususan is a nearby barangay of BGC, where St. Luke's is located, which is under the jurisdiction of Brgy. Fort Bonifacio."
"Ganito daw talaga format ng drug test report and not sure why hindi pa updated ang address kasi 2010 nagopen si St Lukes BGC, Brgy Fort Bonifacio was created on 2008 pa.","They say this is really the format for drug test reports, and I'm not sure why the address isn't updated yet, because St. Luke's BGC opened in 2010, and Brgy. Fort Bonifacio was created back in 2008."
Sakit na ng ulo niyo no?,"Your heads must really hurt, huh?"
Sakit sa bangs noh?,"It's a pain, right?"
Kaya kaming mga pilipino gusto nmen pagbabago. Ayaw na namen sa mga dilawan/pinklawan whatever they call them now.,That's why we Filipinos want change. We don't want the 'dilawan'/'pinklawan' or whatever they call them now.
"Tanda tanda mo na TANGA TANGA mo pa rin. Paka MANGMANG. Kaya andali-dali nyo ma-scam ng mga MAGNANAKAW, e 🙄","You're so old yet you're still so STUPID. So IGNORANT. That's why it's so easy for THIEVES to scam you, e 🙄"
Patay na po si FM ok?,"FM is already dead, okay?"
"Yun na ang point. Nasusunog na sa impyerno ang partriarch MAGNANAKAW, pero kaming mga Pilipinong nagbabayad pa rin ng utang ng bansa para sa...guess what--- para sa kapritso nyang mga SINASAMBA mo
Ulul!","That's the point. The thieving patriarch is already burning in hell, but we Filipinos are still paying the country's debt for... guess what-- for the whims of those you worship. Idiot!"
SINO NAG SABING HAPPY ENDING MMIA!!!!!,WHO SAID HAPPY ENDING MMIA!!!!!
Mugto mata ko oh!! Diko inexpect yun oh parang mga bobo di ganyan yung bonding!!!!,"My eyes are swollen! I didn't expect that! It's like they're stupid, that's not how bonding works!!!!"
POTA PARANG WALA AKONG PASOK MAMAYA AAAAAAAHHHHGG!!,"DAMN, IT'S LIKE I DON'T HAVE CLASS LATER AAAAAAAHHHHGG!!"
shuta parang need ko na bumili ng new phone agad ah,"Shoot, it seems like I need to buy a new phone soon."
paparinig na rin ako sa kuya ko para sa sapatos 🤩🤩,I'm also going to hint to my brother about shoes. 🤩🤩
gagoo mas lt pag tagalog parang tropa lang kausap HAHAHAAH,"Dude, it's even funnier in Tagalog, it's like talking to a friend HAHAHAHAH"
Napaka toxic ng grp ng axie market 🙄 bye,The Axie market group is so toxic 🙄 bye
Tangena nag away pa ung dalawang seller don na parehas nang uuto ng mga lalaking customer parang mga buang lang hahahaha,"Damn, the two sellers there even fought, both of them duping male customers, they were like crazy people hahahaha."
parang tanga k haneul,"You're being stupid, Haneul."
"President Rodrigo Duterte on Tuesday said he is hoping that the Philippines' next leader will help improve the infrastructure in Davao, his hometown.
gmanetwork.com/news/topstori…","President Rodrigo Duterte on Tuesday said he is hoping that the Philippines' next leader will help improve the infrastructure in Davao, his hometown. gmanetwork.com/news/topstori…"
Para sinabi nya na walang syang ginawa para sa Davao sa loob nang kanyang termino... pati sa termino nang anak nya. welp..,It's like he's saying he didn't do anything for Davao during his term... and even during his child's term. Welp..
Malakomg tulong to para sa kapatid ko 😂,This will be a big help for my sibling 😂
",. parang awa nyo na palabasin nyo na c TJ dyan marami na po viewers ang high blood!!. at kawawa dn sya paglabas nya puro bashers ang sasalubong sknya.. hahaha","Please, have mercy, bring TJ out of there, many viewers are getting high blood! And he'll be pitied too when he comes out, he'll be met with nothing but bashers.. hahaha"
PATULUGIN NYO NA AKO PUTANG INA NAMAN,"LET ME SLEEP, FOR FUCK'S SAKE!"
bat parang ang unfair ng buhay,Why does life seem so unfair?
halatang pineke. try again.,Clearly faked. Try again.
"deleted my tweet, read the comments na lang oof 😭 ang lala","deleted my tweet, read the comments na lang oof 😭 it's really bad"
i mean some people are claiming na drug test results can look as plain as that pero parang ang off pa rin ng formatting eh. i remember years ago when i got a drug test for employment and lol the format looked better than this sjagshhahsh,"I mean some people are claiming that drug test results can look as plain as that, but the formatting still seems off. I remember years ago when I got a drug test for employment and lol the format looked better than this sjagshhahsh"
"some drug tests look like that, actually haha, what's important is that there's the name of the technician and evaluator to verify...the thing is tho it seems to be from St Luke's? And a private hospital of that caliber usually has fancy formatting to my knowledge? idk 🤷‍♀️","Some drug tests look like that, actually haha, what's important is that there's the name of the technician and evaluator to verify...the thing is though it seems to be from St. Luke's? And a private hospital of that caliber usually has fancy formatting to my knowledge? idk 🤷‍♀️"
"Parang alam ko saan to 
Nakalimutan ko name 😭 papuntang tagaytay?",I think I know where this is. I forgot the name. 😭 Is it on the way to Tagaytay?
Nanggigigil nanaman ako sa mga tanongan nilang parang walang critical thinking. Haysss. 😑,"I'm getting annoyed again with their questions, which seem to lack critical thinking. Haysss. 😑"
Aral aral din sa CDD kahit kunting units lang para ma inculcate ang critical thinking sa inyo. Juyop.,"Study, study even just a few units in CDD so critical thinking can be inculcated in you. Stupid."
"Wala na nga atang laman, hayup.","It probably has nothing in it anymore, darn it."
Hindi na marunong mag isip.,They can't think anymore.
Bonakid ampt.,"Bonakid, for crying out loud."
parang magreredownload tayo ng fall guys ha,"It looks like we'll be redownloading Fall Guys, huh?"
"yung tiktok crush ko dati panay pbb na rin ang lumalabas sa fyp kaya may mga thoughts siya and parang crush ko na ulit, talino e","My old TikTok crush now only has PBB (Pinoy Big Brother) stuff appearing on his FYP, so he has thoughts, and it's like I'm crushing on him again, he's smart."
".the First Lady of the Philippines! Atty. Louise Araneta Marcos. The true beauty and brains. Magtulungan po taung mga solid BBM na matupad ang kanilang hangarin para sa ating bayan. Let's bring back Marcos! #UniTeamMarcosSara 
UNITED LOYALISTDDS",.the First Lady of the Philippines! Atty. Louise Araneta Marcos. The true beauty and brains. Let us Solid BBM supporters help them achieve their goals for our country. Let's bring back Marcos! #UniTeamMarcosSara UNITED LOYALISTDDS
"Maaliwalas silang tingnan. Di tulad nung dalawang comedian sa kabila, mukhang dugyot at cheapipay","They look refreshing. Unlike the two comedians on the other side, who look grimy and cheap."
where ever i go..  im proud BBM is my president😍,wherever i go.. im proud BBM is my president😍
ilovemarcoses...BBM is my president 2012,ilovemarcoses...BBM is my president 2012
#NAME?,#NAME?
"Iyan tunay na lawyer matalino, may maayos na law firm sa Pilipinas at maging sa New York.","That's a real lawyer, intelligent, with a reputable law firm in the Philippines and even in New York."
Dito ako sa honest at may malasakit. #GoDuterte #GoSara,I'm with the honest and compassionate ones. #GoDuterte #GoSara
"Yan gumawa actual talaga
E ung isa puro virtual
Vlog dito vlog dun pero nakapag taka di vlog ang pag dwagtet nya","That one actually did things. The other one was all virtual. Vlogging here, vlogging there, but it's strange that his cowardice wasn't vlogged."
🤣🤣🤣 baka next episode pa,🤣🤣🤣 maybe in the next episode
so kaya ko bang magising ng 6am para dito?,so can I wake up at 6 am for this?
kaya ko gumising 6am para sa enha pero di ko kaya para sa 11 am sync 🤭,"I can wake up at 6 am for Enha, but I can't for an 11 am sync. 🤭"
HAHAHHAHAHA enhypen > 11am class,HAHAHHAHAHA Enhypen > 11 am class
hahahaha parang ganito naiimagine ko 😂😅 queen thing!,hahahaha I'm imagining something like this 😂😅 queen thing!
Hahaga super cute parang may meeting de abanze or marvels group,"Hahaga super cute, like a preliminary meeting or a Marvels group."
"3hrs na nga lang tulog ko,nakuha kopang managinip ng may jowa ung kaibigan kopa talaga ah haha.","I only had 3 hours of sleep, and I still managed to dream that my friend has a boyfriend, my own friend, haha."
parang awa mo na hoshi lumayo ka sa fyp ko masisira na naman bias list ko,"Please, Hoshi, stay away from my FYP, my bias list will be ruined again."
tapos na ko sa animation finals ko parang deserve ko ng jaywon vlive 😋,"I'm done with my animation finals, I think I deserve a Jaywon vlive 😋"
update ulet siguro: di pala plot twist medyo lang medyo magulo parang plot twist na hindi basta ganun 🧍🏻‍♀️,"Update again, I guess: it's not really a plot twist, just a bit, a bit messy, like a plot twist that isn't, just like that 🧍🏻‍♀️"
MAGANDANG BALITA PARA SA MGA KABABAYAN NA MAY PROBLEMA SA VISA SA JAPAN.ITO PO SI REIJINKA CALL ME AT 08049422102,GOOD NEWS FOR FELLOW FILIPINOS WHO HAVE VISA PROBLEMS IN JAPAN. THIS IS REIJINKA CALL ME AT 08049422102
"hahahaha wag niyo kong hahawakan, umuwi si hee pero tulog ako 🙂 parang gusto kong manakal 🥲","hahahaha don't touch me, Hee came home but I was asleep 🙂 I feel like I want to strangle someone 🥲"
*/hinawakan ka,*/touches you
"#KyJiTalks2 what if, sinabi na ni Kuya na may carnival date bukas sina KD at Anj. Tapos inamin na ni KD kay kuya na may something sila? May vid akong nakita na happy si kayds nung niya yakap niya mga hms. 
x.com/i/spaces/1rmGPglOmBZKN","#KyJiTalks2 what if, Kuya already announced that KD and Anj have a carnival date tomorrow. Then KD admitted to Kuya that there's something between them? I saw a video where Kayds was happy when he hugged the HMs. x.com/i/spaces/1rmGPglOmBZKN"
"Parang nakausap niya po parents niya kaya ganun siya ka happy, namention kanina ni kyle while he’s comforting anji.","It seems he talked to his parents, that's why he's so happy; Kyle mentioned it earlier while he was comforting Anji."
"so sinasabi nyong nagpuyat ako nagaacads kasi ""3 am naman sila magpeperform"" TAPOS 6 AM PA PALA 🤡","so you're telling me I stayed up late studying because ""they'll perform at 3 am"" AND IT'S ACTUALLY 6 AM 🤡"
"wag na lang matulog,, HAHHAHAHA","Let's just not sleep, HAHHAHAHA."
mukhang ganon na nga 🤩 HAHAHAHAHA PARA SA ENHA MAGPUPUYAT,It looks like it 🤩 HAHAHAHAHA I'll stay up late FOR ENHA.
all the things i did~ HAHHAHAHAHAHHA,all the things i did~ HAHHAHAHAHAHHA
"It's yet another moment for me to work and develop my character. Lately, medyo blurry na tayo. Madaming taong unintentionally nasaktan with unresolved issues. Di tayo ganito, parang walang pinagkatandaan, Ace.","It's yet another moment for me to work and develop my character. Lately, we've been a bit blurry. Many people were unintentionally hurt with unresolved issues. We're not like this, it's like we haven't learned anything from experience, Ace."
"Aba, parang cover to cover pala itong mangyayari sa posi at vertebral column lamang ang hindi sinama.","Wow, it seems like this will be cover to cover, with only the pelvis and vertebral column not included."
Okay naman ako pero parang laging may kulang sa akin,"I'm okay, but it always feels like something is missing in me."
"yung comments ko sa sta parang joketime ayoko na 
sorry na agad sir","My comments in STA seem like a joke, I don't want to anymore. Sorry in advance, sir."
iba amats ko ngayon mga par parang gusto ko balikan ex ko hahahahhahahha gags,"I'm on a different high today, guys, it's like I want to go back to my ex hahahahhahahha crazy."
#AngToxicNgPBBSeason10 sa true lang jusko,"#TheToxicPBBSeason10, seriously, my goodness."
"As promised, my ambag for your birthday😊 Seeing you happy also makes me happy @4thimpactCelina ❤
Bawi ako senyo @4thimpact_mira @4thimpactMylene @I4thimpact promise.🤭 
Si kuya @VICTORDELARIVA kasi ehhhhh...chur.
#4thImpact 
@4thImpactMusic","As promised, my contribution for your birthday😊 Seeing you happy also makes me happy @4thimpactCelina ❤ I'll make it up to you @4thimpact_mira @4thimpactMylene @I4thimpact promise.🤭 It's because of kuya @VICTORDELARIVA... just kidding. #4thImpact @4thImpactMusic"
Wahahahahaa lakas maka kumu🙊,"Wahahahahaa, so much like Kumu (a live streaming app)🙊"
Legit yan para sa bday ni Cel🤭,That's legitimate for Cel's birthday 🤭
"boi hindi pa ako ready maging 26 next year potaena parang dumaan lang ung 23, 24 at 25 🙃","Boy, I'm not ready to turn 26 next year, for crying out loud, it feels like 23, 24, and 25 just flew by 🙃"
shet. no way. parang na sesense ko na mangyayari,Shet. No way. I feel like I can sense what's going to happen.
bt parang Ako pa Mali😔,Why do I seem to be the one at fault? 😔
ay,Oh.
hahahaha,hahahaha
di naman ako ganto kabaliw sa mga past ko e bat sayo parang isang chat mo lang or call baliw na baliw ako HAHAHAHA,"I wasn't this crazy in my past relationships, but with you, it's like just one chat or call and I'm completely crazy HAHAHAHA."
"kapag sinabing layuan, layuan. hindi yung lalayo for one year tapos tropa ulit kayo. parang tanga.","When told to stay away, stay away. Not stay away for one year then become friends again. That's stupid."
grabe mga deadlines ayaw akong takutin haha parang gago hoy ayusin niyo 'yan,"These deadlines are really not scaring me haha it's like they're stupid, hey fix that."
I'd be excited to have my own place too if I were them,I'd be excited to have my own place too if I were them.
putanginanyo parang ang bata ko pa masyado para mapagod ng ganto sa buhay😭,"Fuck you all, I feel like I'm too young to be this tired of life 😭"
First dose palang parang matatangal na braso ko,"It's just the first dose, and it feels like my arm is about to come off."
Ilang araw na kung puyat dahil sa panunuof ng ls. Pero parang ngayon mas lalong hindi ako makakatulog. 😭,"I've been sleep-deprived for days from watching livestreams. But it feels like tonight, I won't be able to sleep even more. 😭"
masakit po ulo ko parang gusto ko ng fan art nito !! chz HAHAHA #SocorroWP,"My head hurts so much, I feel like I want fan art of this!! kidding HAHAHA #SocorroWP"
"Imagine having to work your fucking ass off to provide for your family to the point of not even having time to rest
Tapos sasabihan ka lang na walang time para sa pamilya. Ha ha ha.",Imagine having to work your fucking ass off to provide for your family to the point of not even having time to rest. Then you'll just be told you have no time for family. Ha ha ha.
pag tumatambay tlaga ako ng bispag parang ayoko na umuwi,"Whenever I hang out in Bispag, I really don't want to go home."
"Nihon Chinbotsu ep6
this is getting scarier and scarier 😱",Nihon Chinbotsu ep6 this is getting scarier and scarier 😱
🙏🙏,🙏🙏
"while watching this episode, i said to myself na bakit parang may gusto syang makuha kaya pinupush nya ung about sa research nya and there you go","while watching this episode, i said to myself that it's like she wants to get something that's why she's pushing her research and there you go."
"eto nanaman ako with my midnayt tots 🤩 
nakokornihan ako ng sobra sa mga talent shows na may 'sob story' muna bago pakita ung talent :/ but when it comes to sb19, pag naririnig ko ung pinanggalingan nila, mas gusto ko pa silang supportahan :( hypocrite ako opo++","Here I am again with my midnight thoughts 🤩 I find talent shows with 'sob stories' before the actual talent really cringey :/ but when it comes to SB19, hearing about their origins makes me want to support them even more :( Yes, I'm a hypocrite++"
"Not invalidating ung mga buhay ng mga tao sa talent shows pero ang korny lang talaga and u know it's staged to make u feel empathy for the contestant. Lahat ng pinapakita nila lalo na sa audience reactions is so fake lmao watch yt vids about them, itll make u laugh","Not invalidating the lives of people in talent shows, but it's really cringey and you know it's staged to make you feel empathy for the contestant. Everything they show, especially the audience reactions, is so fake lmao, watch YouTube videos about them, it'll make you laugh."
"Thats on the producers of the show not the contestants syempre pero for sb19, kahit hindi mo alam kahit ano about them and just listen to one of their songs, and even watch one of their vlogs or showbreaks eps, gugustuhin mo nalang silang istan agad cause theyre+","That's on the show's producers, not the contestants, of course, but for SB19, even if you don't know anything about them and just listen to one of their songs, and even watch one of their vlogs or showbreak episodes, you'll immediately want to stan them because they're+"
"Legitimately amazing and entertaining like how celebs should be. Parang bonus nalang ung life story nila? Does that make sense HAHAHA ksi nauna ko namang malaman ang esbi dahil sa go up dance prac nila, songs tas ung mga showbreak eps. i didnt give a shit about their interviews","Legitimately amazing and entertaining, like how celebs should be. Their life story feels like a bonus, right? Does that make sense HAHAHA because I first learned about Esbi from their 'Go Up' dance practice, their songs, and their showbreak episodes. I didn't give a shit about their interviews."
"Kasi all i wanted was for something to make me entertained and that they did. Nung 2019 un pero ngayon na mas may exp na ko sa buhay lmao, kahit 2yrs ago lang un, mas lumakas ung epekto sakin ng life story ng esbi :(","Because all I wanted was something to entertain me, and they did. That was in 2019, but now that I have more life experience lmao, even though it was only 2 years ago, Esbi's life story has had a stronger impact on me :("
"Maybe cause of the pandemic and I halted from studying, mas napasabak ako sa rl shit? Tas it made me think talaga about what i wanted to do with my life tas ayun dumating sb to my life by God's timing. Kaya sobrang emo ko tuwing naririnig ko ung life nila and it just reminds me+","Maybe because of the pandemic and I stopped studying, I got more involved in real-life shit? And it really made me think about what I wanted to do with my life, and then SB19 came into my life at God's timing. That's why I get so emotional every time I hear about their lives, and it just reminds me+"
Of why im still here. Why i keep on supporting these talented men who know nothing about me. Why they're making me happy. Why theyre making me feel like there's hope for my dreams. Why they make me feel inspired. Why theyre making me feel alive.,Of why I'm still here. Why I keep supporting these talented men who know nothing about me. Why they're making me happy. Why they're making me feel like there's hope for my dreams. Why they make me feel inspired. Why they're making me feel alive.
"Ive been in so many fandoms before but never have i felt this connected with my idols/mains. And it made me think, Kpop and anime kasi un. Its from different cultures. Syempre, they still hold a special place in my heart. I still love all of those that made me happy+","I've been in so many fandoms before, but never have I felt this connected with my idols/mains. And it made me think, it was K-Pop and anime before. It's from different cultures. Of course, they still hold a special place in my heart. I still love all of those that made me happy+"
"Pero iba ung epekto ng sb19. its rlly the timing den kung kailan sila pumasok sa buhay ko uli and also theyre filos. They struggle the same shit i struggle with now. Ung mga kinukwento nila sa interviews nila, mga jokes nila, gets na gets ko kasi same culture.+","But SB19's impact is different. It's really the timing too, when they came back into my life, and also, they're Filipinos. They struggle with the same shit I struggle with now. The things they talk about in their interviews, their jokes, I totally get them because we share the same culture.+"
"Patriotic nanaman ako na ewan basta mahal ko mga pilipino kahit di ako mahal HHAHAHA pero un nga, their roots, where they came from just hits me different. And ung fact pa na i want to be an artist too just hits too close to home. Ung pinagsasabi nila na ""practice will never+","I'm feeling patriotic again, I don't know, I just love Filipinos even if they don't love me HHAHAHA but really, their roots, where they came from, just hit me differently. And the fact that I want to be an artist too just hits too close to home. What they say, ""practice will never+"""
"betray you?"" ive heard that countless times watching drawing tutorials since i started getting interested in drawing. And its for real. Syempre hindi lang to sa artists, sa kahit ano pa yan. Pero it just hits different when youre in the same line of work","betray you""? I've heard that countless times watching drawing tutorials since I started getting interested in drawing. And it's for real. Of course, this isn't just for artists, it applies to anything. But it just hits different when you're in the same line of work."
"Tamad ako so i havent really improved all that much pero looking at where i started and where i am at now, it's definitely progress. Tamad as in nawawala wala ung motivation ko sa pagdrawing :') before esbi, it was probably since jan when i last drew then came","I'm lazy, so I haven't really improved all that much, but looking at where I started and where I am now, it's definitely progress. Lazy as in my motivation for drawing comes and goes :') Before Esbi, it was probably since January when I last drew, then came..."
"Pablo's bday where i drew him. Tas ngayong nasa fandom na ko i probably have drawn around 5+ fanarts in just 3 months :') 
Grabe motivation ko dahil sa sb19. Tas ung mga joke na den na ""nakakahiya naman sa esbi kung tamad ako” 😂 nakakamotivate din cause we know","Pablo's birthday where I drew him. And now that I'm in the fandom, I've probably drawn around 5+ fanarts in just 3 months :') My motivation is so strong because of SB19. And even the jokes like ""it'd be embarrassing for Esbi if I'm lazy"" 😂 are motivating too because we know..."
"What they went through just to get to where they are now. Pure hardwork and determination, which is why we cant help but support them and in return, they also support us mentally. Kahit hindi nila tayo kilala isa isa, kahit hindi nila alam lahat ng kwento natin,","What they went through just to get to where they are now. Pure hard work and determination, which is why we can't help but support them, and in return, they also support us mentally. Even if they don't know each of us individually, even if they don't know all our stories,"
Alam nilang pahinga at inspirasyon natin sila. And paulit ulit din namn nilang sinasabi na tayo din ang motivation nila alongside their family friends and co members.,"They know we find rest and inspiration in them. And they repeatedly say that we are also their motivation, alongside their family, friends, and co-members."
Basta un ewan ko po kung anong point ko dito HAHAHHAAHHAA KEEP LOVING SB19 NALANG 🤩,"Anyway, I don't know what my point is here HAHAHHAAHHAA Just keep loving SB19 🤩"
I don't know what to think at this point. Parang bumabaligtad ang mundo. Ang utak ng matatanda parang mas bata pa sa pag-iisip ng mga nakakabata.,I don't know what to think at this point. It feels like the world is turning upside down. The minds of the elders seem even younger than the minds of the youth.
Mga utak talangka! Kainis manood basta may ganyan.,Crab mentality! It's annoying to watch when there's that kind of stuff.
Yes totoo parang iba na naiisip ko .. ang gusto ko lang may makausap din ako kasi hirap na hirap na din ako tangina😭,"Yes, it's true, I think differently now... I just want someone to talk to because I'm really struggling, damn it 😭"
"Even sa ormoc City, ayon kay Lucy torres, s'ya ang unang nagpa abot ng tulong,kahit wala s'yang position sa gobyerno that time,s'ya lang namn ang une nagpa hatid ng tulong saknila,hindi yn binabalita, kase,good deeds,negative lng kase hinhanap ng mainstream media is sknya.","Even in Ormoc City, according to Lucy Torres, she was the first to extend help, even without a government position at that time; she was the only one who first brought them aid. This isn't reported because good deeds are not what mainstream media looks for; they only look for negative things about her."
Ano ba nangyari sa Ormoc nung 2016 to 2021? Yung bang nagawa nya eh hindi nagawa nga ibang kandidato? Sobra bang angat yung sa iba?,"What happened in Ormoc from 2016 to 2021? What she accomplished, did other candidates fail to do? Was her achievement significantly better than others?"
Enough na ba yun para masabing handa sya at puedeng maging magiling na presidente kung nagawa din ng ibang kanditato or mas higit pa ang ibang kandidato sa nagawa nya?,Is that enough to say she's ready and can be a good president if other candidates did the same or even more than what she did?
"He has a reason.,at alam nmin na kaya n'ya, kung kay Leni, naniniwala kayo,mas naniniwala nmn kami kay BBM na kaya n'ya...let the majority decide.kaya nga may botohan e,majority wins.
invidious.tiekoetter.com/lJtkamUZwvo","He has a reason, and we know he can do it. If you believe in Leni, then we believe in BBM even more that he can do it... let the majority decide. That's why there's an election, majority wins. invidious.tiekoetter.com/lJtkamUZwvo"
Presidential aspirant Bong Bong Marcos visits Batangas. @gmanews,Presidential aspirant Bong Bong Marcos visits Batangas. @gmanews
@MagnoliaZoleta baka gusto mong matulad ni Mr.Enchong Dee...,@MagnoliaZoleta You might end up like Mr. Enchong Dee...
Hakot yan. Galing yan sa caravan nila. Sila sila lang yun. Kala mo marami.,That's a 'hakot' crowd. It came from their caravan. It's just them. You think it's a lot of people.
"Toinks, edi sige, yan gusto n'yo paniwalaan haha,. Hello nlang sainyo ✋ jan lng kayo, basta kami legit,. Wag n'yo kami Igaya sainyo 😂","Oh, fine, if that's what you want to believe, haha. Hello to you ✋ stay there, because we're legitimate. Don't compare us to yourselves 😂"
Hakot yan halata naman. Meron pang uniform.,That's clearly a 'hakot' crowd. They even have uniforms.
"Sorry, wag mo Igaya sa iba ang bbm supporters, we support him with all our hearts. Hindi man kami nakapunta dahil may work kami,pero aware kami sa mga kaganapn dito sa Macau. Natural uniform ang kulay, wear red nga e🤣
#BBMSigawNgBayan","Sorry, don't compare BBM supporters to others, we support him with all our hearts. Even if we couldn't go because we had work, we are aware of what's happening here in Macau. Of course the uniform is colored, we wear red anyway 🤣 #BBMSigawNgBayan"
Bakit si BBM? Ano ba yung matunog at magandang nagawa nya na masasabi natin naka tulong sa bansa sa from 2016 to 2021? Baka kasi hindi alam ng lahat.,Why BBM? What significant and good things has he done that we can say helped the country from 2016 to 2021? Maybe not everyone knows.
"FYI, bbm was not in government service on that time, 2016 - 2021,. Ano nagawa n'ya? Sa govt. Wala, kase wala s'ya sa govt. Service that period of time, but in crisis and calamities,?andun s'ya,taal volcano,isabela calamities, he's trying to give help like others in govt.","FYI, BBM was not in government service at that time, 2016 - 2021. What did he do? In government, nothing, because he wasn't in government service during that period. But in crises and calamities? He was there, Taal Volcano, Isabela calamities, he's trying to give help like others in government."
he is not consistent sa paggawa at pagtulong. Ginagawa lang nya minsan kung meron sya makukuha. Wala yatang kaibigan na mahirap yan. Ang circle of friends nyan mga alta sociedad.,He's not consistent in doing and helping. He only does it sometimes if he can get something out of it. He probably doesn't have poor friends. His circle of friends are high society.
"Really?Well, ano ba aasahan namin na good comments sa mga haters ng mga marcos?😅kahit anong gawin n'ya,good or bad,they only focus on negative things about them 😅. There is no point to argue with you then.support who you want,ganundin kami,.👍😊👌#BBMisMyPresident","Really? Well, what good comments do you expect from Marcos haters? 😅 No matter what he does, good or bad, they only focus on the negative things about them 😅. There's no point in arguing with you then. Support who you want, and so will we. 👍😊👌 #BBMisMyPresident"
Haha parang Hindi ko mapapanood yung 6am ah HAHAHSHHD,"Haha, I don't think I'll be able to watch the 6 AM one HAHAHSHHD"
Pangulong Duterte iniutos sa local officials na bumili ng pagkain para sa mga magpapabakuna kontra #COVID19 #BalitangPromdi #SamaSamaTayoPilipino,President Duterte ordered local officials to buy food for those getting vaccinated against #COVID19 #BalitangPromdi #SamaSamaTayoPilipino
Panibagong supplies para sa mga sundalo sa barko sa Ayungin shoal naihatid na #BalitangPromdi #SamaSamaTayoPilipino,New supplies for soldiers on the ship in Ayungin Shoal have been delivered #BalitangPromdi #SamaSamaTayoPilipino
Hubadera na girl? Parang no apil na ke pogi! Di ka na nun babalikan kaya kapit ka mabuti ke hito haha,"You're a girl who exposes herself? It seems like the handsome guy won't care anymore! He won't come back to you, so hold on tightly to the catfish haha."
"KUNG IKAW AY MAY UTANG SA UPA DAHIL SA COVID-19, MAG-APPLY NGAYON PARA SA CA COVID-19 RENT RELIEF SA: housing.ca.gov.  Tumanggap ng tulong para MABAYARAN ng 100% ang iyong mga nahuhuling bayad sa upa at utilidad.
#rentrelief #sfrent (1/3)","IF YOU OWE RENT DUE TO COVID-19, APPLY NOW FOR CA COVID-19 RENT RELIEF AT: housing.ca.gov. Receive help to PAY 100% of your overdue rent and utilities. #rentrelief #sfrent (1/3)"
"DISCLAIMER: Kung nag-apply kayo para sa tulong sa upa mula sa programa ng San Francisco lamang, kinakailangan kayong mag-apply rin sa CA COVID-19 Rent Relief program ng estado sa: housing.ca.gov.  (2/3)","DISCLAIMER: If you applied for rent assistance from the San Francisco program only, you are required to also apply to the state's CA COVID-19 Rent Relief program at: housing.ca.gov. (2/3)"
"Para sa impormasyon tungkol sa iyong aplikasayon sa ng programang panlunsod, bumisita sa: sf.gov/information/faqs-appl…  (3/3)","For information about your application to the city program, visit: sf.gov/information/faqs-appl… (3/3)"
"malapit na fiesta samin, di ako papayag na ibang softdrinks ang iserve, pepsi lang dapat ✊😂
FOUR DAYS TO OUR ZONE
@SB19Official #SB19
#SB19OZMediaCon
#SB19OZAnnivConcert #SB19Anniv3rsary","It's almost fiesta in our place, I won't allow any other soft drinks to be served, it has to be Pepsi ✊😂 FOUR DAYS TO OUR ZONE @SB19Official #SB19 #SB19OZMediaCon #SB19OZAnnivConcert #SB19Anniv3rsary"
"Para sa ekonomiya ng Esbi at Pepsi!!! ✊😂
@SB19Official #SB19
#Bazinga_SB19",For the economy of Esbi and Pepsi!!! ✊😂 @SB19Official #SB19 #Bazinga_SB19
taena gusto ko maglaro ng gen 5 para sa mga music nilaaa,"Damn, I want to play Gen 5 for their music!"
Parang gusto kong magupgrade to iPhone 13 pro max. Bilhin nyo na 12pm ko HAHA,I feel like upgrading to an iPhone 13 Pro Max. Buy my 12 PM already HAHA
The Princess Switch marathon tonight.,The Princess Switch marathon tonight.
ganyan din pinanood ko ngayon kakatapos lang 😅🥰😍😘,I just finished watching that too right now 😅🥰😍😘
nasa GResidences k pala … hehe 🥰😍😘,"Oh, you're at GResidences then... hehe 🥰😍😘"
🥰😍😘,🥰😍😘
parang gusto ko maligaw sa QC hehehe 😅🥰😍😘,I feel like getting lost in QC hehehe 😅🥰😍😘
Half a year feels like more than a year 🥰 dahil sa lagi ko kayong kausap parang ang tagal tagal ko na kayong kilala ❤️,"Half a year feels like more than a year 🥰 because I talk to you all so often, it feels like I've known you for a long, long time ❤️"
"Ayoko talaga i kasal kase alam kong forever and ever na yun dito pa Pinas. Parang may blockage tong Pinas sa ibang mga bansa kase pwede mag divorce ron, dito lang hindi so kung yayamanin ka, talagang pipiliin mo mag pakasal sa ibang bansa","I really don't want to get married because I know it's forever and ever here in the Philippines. It's like the Philippines has a blockage compared to other countries because you can get a divorce there, but not here, so if you're wealthy, you'd really choose to get married abroad."
"Puro kase magagarbong kasal nakikita ko sa FB tas panget pala ugali ng asawa mo, yikes","I keep seeing extravagant weddings on Facebook, then it turns out the spouse has a terrible personality, yikes."
i love you and runaway concept ganorn also i'm a sucker for blood sweat and tears concept tsaka drunk-dazed parang subtle vampire keme tsaka ung regular ng nct bet din also 0x1=lovesong ofc,"I love the 'you and runaway' concept, and I'm a sucker for the 'Blood, Sweat & Tears' concept, and 'Drunk-Dazed' for that subtle vampire vibe, and NCT's 'Regular' is a favorite too, and '0x1=LOVESONG' of course."
Dapat kasi nilinaw kung ano yung issue and sino ang involved. Hindi ganito na magaassume lang sila kung sino ang nag overstep sa boundaries. Tapos yung mismong taong involved pa may pasimuno na iredirect sa ibang tao ang blame. ARGGHH!!!,They should have clarified what the issue was and who was involved. Not like this where they'll just assume who overstepped boundaries. And then the person actually involved initiates redirecting the blame to others. ARGGHH!!!
Tama .iniisip tlaga ng mga HMs yung boundaries para sa KYJi yun,That's right. The HMs really thought about the boundaries for KYJi.
"If PBB thought na matatapos nalang agad issue with TJ, nagkamali sila kasi kada araw may ginagawa siya na kabbwisitan talaga ng lahat. Pretending to be a kuya pero in reality meddling lang sa buhay ng iba.","If PBB thought the issue with TJ would end quickly, they were wrong because every day he does something that truly irritates everyone. Pretending to be an older brother but in reality just meddling in others' lives."
"Nanaginip na naman ako. Nakakakilabot. 
Ang setting ng panaginip ko nasa may kalsada ako sa may Villa Crispina Subd. San Cristobal (malapit sa dati naming bahay)  gabi na yun pero may mga tao pa sa labas ng bahay. Maya maya, rinig na rinig ko ung lakas ng pagsabog pati na rin","I had a dream again. It was chilling. The setting of my dream was on a street in Villa Crispina Subd. San Cristobal (near our old house). It was night, but there were still people outside their houses. A moment later, I distinctly heard the loud explosion and also..."
"Yung sigaw ng mga tao. After ng malakas na pagsabog, kitang kita ko yung lupang nabibiyak, halos kulay apoy. Then parang may narinig akong announcement na lumikas na daw at lumayo kasi after 12 minutes na exposure, maaari daw madeads. Napakaklaro ng oanaginip ko.","The screams of the people. After the loud explosion, I clearly saw the ground cracking, almost like fire. Then I think I heard an announcement to evacuate and stay away because after 12 minutes of exposure, one could die. My dream was very clear."
"Lord, wag naman po sana. Biglaang panaginip na naman. 🥺🥺🥺","Lord, please no. Another sudden dream. 🥺🥺🥺"
PARANG TULOG PA YUNG IBA,IT SEEMS SOME ARE STILL ASLEEP
same³ talaga 'yung track na magpaparamdam sa'yo na parang gusto mo na magpakasal e HAHSHS,"That track truly makes you feel like you want to get married, HAHSHS."
"Ay parang masarap manood fifty shades ng ganitong oras 
open.spotify.com/track/55n9y…",I feel like watching Fifty Shades at this hour. open.spotify.com/track/55n9y…
Charot. Hahahaha.,Just kidding. Hahahaha.
"KD was supposed to talk to her again but dumating ulit sila TJ so Anji said she just wanna be alone nalang so umalis muna si KD, bumalik sila TJ forcing her to go inside the room na when she said she'll follow in a while. LOOK AT KD AT THE BOYS BEDROOM!!","KD was supposed to talk to her again but TJ and his friends came back so Anji said she just wanted to be alone so KD left for a bit, then TJ and his friends came back, forcing her to go inside the room when she said she'd follow in a while. LOOK AT KD IN THE BOYS' BEDROOM!!"
and the way they handled anji's breakdown na parang kasalan talaga nya why nangyari am I the only one who thinks this is gaslighting?,"And the way they handled Anji's breakdown as if it was really her fault why it happened, am I the only one who thinks this is gaslighting?"
hoy gagu anyare kakagising ko lang😢😢😢,"Hey, what happened? I just woke up 😢😢😢"
NAROBBED ULIT TAYO PUTCHA,"WE WERE ROBBED AGAIN, DAMN IT!"
LAGI NAMAN EH POCHA KAPANGET KA BONDING,"ALWAYS, DAMN IT, SO ANNOYING TO BOND WITH!"
"GRABE KA. ANG SAKIT NG PAKIRAMDAM
GRABE YUNG HINANAKIT KO. PARANG PINALAMON AKO NG ACIDO",YOU'RE TOO MUCH. I FEEL SO MUCH PAIN. MY HEARTACHE IS SO INTENSE. IT FEELS LIKE I WAS FED ACID.
HA???,HUH???
I MEAN YUNG NA FEEL KO YUNG NA LAMAN KO NA ISA LANG ANG NOM.,"I MEAN, WHAT I FELT, WHAT I FOUND OUT, THAT THERE WAS ONLY ONE NOM."
But you're always prettyyy,But you're always prettyyy
Mentally and physically exhausted. This isn’t good. Nawawalan na ako ng gana. Beyond burned out. And this isn’t even my day job. Parang handa na akong tumigil muna.,Mentally and physically exhausted. This isn’t good. I’m losing my drive. Beyond burned out. And this isn’t even my day job. I feel like I’m ready to stop for a while.
ang sabi ko bias wrecker ko si Karina pero bakit parang onti onti ko na siyang nagiging bias talaga,"I said Karina was my bias wrecker, but why does it feel like she's slowly becoming my actual bias?"
Tanggapin mo nlng na bias mo siya...wag na pahirapan ang sarili 😌,Just accept that she's your bias... don't make it harder for yourself 😌
ang hirap pumili ng bias mare kung apat silang mahal na mahal ko 😭✋🏻,"It's hard to choose a bias, girl, when I love all four of them so much 😭✋🏻"
"ay may bias kayo,, gagi wag—","Oh, you have a bias? Dude, don't—"
hindi matutulog para sa enha!😭🔪,Not sleeping for Enha! 😭🔪
GOOGLE HOW TO SURVIVE THIS,GOOGLE HOW TO SURVIVE THIS
AAAAA katatapos ko lang ng ep 4 huhuhu mahal ko na sila,AAAAA I just finished episode 4 huhuhu I already love them
ako rin!!! kakatapos ko lang gdjshs mahal na mahal ko na rin sila 🥺 kinikilig ako super grabe ang gandaaaaa,"Me too!!! I just finished it gdjshs I love them so much too 🥺 I'm super giddy, it's so beautifulaaaaa"
ako din kinilig ako huhuhu sinimulan ko siya kasi number 1 sila dun sa listahan ng kdramas tapos nainterest ako kasi relatively fresh faces and it didnt disappoint huhuHUHU saktong comedy saktong romance saktong serious vibes huhu,"Me too, I got giddy huhuhu I started it because they were number 1 on the KDrama list, and I got interested because of the relatively fresh faces, and it didn't disappoint huhuHUHU just the right amount of comedy, just the right amount of romance, just the right amount of serious vibes huhu"
"huyyy sobrang agree ron sa sakto yung comedy, romance and serious vibes niya like ang ganda ng pagkakatimpla!!! 😩😩😩 sinimulan ko rin siya kasi ang dami nagsasabi na super ganda raw tsaka nakita ko na mataas ratings niya AT HINDI TALAGA AKO NAGSISI AAAAAAH","Oh my gosh, I totally agree about the perfect blend of comedy, romance, and serious vibes, like the mix is so good!!! 😩😩😩 I also started it because so many people said it was really good, and I saw that its ratings were high, AND I REALLY DON'T REGRET IT AAAAAAH"
ANG GALING DIN NILA BOTH MAG ACTING PLS tapos ang swabe ni gurl ang ganda ng speaking voice niya... tapos PANG WATTPAD YUNG DYNAMIC HAHAHA yung mga enemies to lovers pero royalty HUHU cute talaga shet,"THEY'RE BOTH SO GOOD AT ACTING, PLEASE. And the girl is so smooth, her speaking voice is beautiful... and the dynamic is STRAIGHT OUT OF WATTPAD HAHAHA, like enemies to lovers but royalty HUHU so cute, damn."
"HALAAAAA DIBAAA GANYAN DIN YUNG FEELS KO LIKE IBA EH MAY IBA TALAGA SA DYNAMIC NILANG DALAWA NA MAKAKAPUKAW NG INTEREST MO 😩 VERY TRUE GALING NILA UMACTING SOBRANG EFFECTIVE NUNG COMEDY, ROMANCE AT SERIOUS VIBES NILA AAAAAAAH","HALAAAAA RIGHT?! I FEEL THE SAME WAY, LIKE IT'S DIFFERENT, THERE'S REALLY SOMETHING ABOUT THEIR DYNAMIC THAT WILL PIQUE YOUR INTEREST 😩 IT'S VERY TRUE, THEY'RE GREAT AT ACTING, THEIR COMEDY, ROMANCE, AND SERIOUS VIBES ARE SO EFFECTIVE AAAAAAAH"
Parang masarap ka naman aa...,You seem delicious...
inoverthink k p yung sg pero cge last n 2 goodnight n tlgah maya na ulit natin prob5hin kung deserving b tlga tayo para s szn greetings n yan yawa kc,"I overthought the SG again, but okay, this is the last one, goodnight for real. We'll deal with whether we really deserve that season's greetings later, damn it."
parang may mali pero ano nmn nauuna p kc matulog yung utak q kesa s katawan ok bye,"Something feels wrong, but what is it? My brain always goes to sleep before my body. Okay, bye."
ang ganda ng hold you accountable ni alluringli 😳🖤,Alluringli's 'Hold You Accountable' is beautiful 😳🖤
"yes po, mine sarathiel HAHAHAHAHAHHAHAHAHAjk","Yes, mine is Sarathiel HAHAHAHAHAHHAHAHAHAjk"
HAHAHAHAHAHAHA ANG CUTE NG STORY 😭 PARANG BET KO SI GIO HIHIHI,HAHAHAHAHAHAHA THE STORY IS SO CUTE 😭 I THINK I LIKE GIO HIHIHI
sa sobrang yamot ko parang gusto kong mag video ng peta sa PE,I'm so annoyed I feel like making a PETA video for PE.
"facebook.com/100068916608740…
SOCA PARANG FETE ...",facebook.com/100068916608740… SOCA IS LIKE A FETE...
"#KapusoFeels: Kahit nakakaloka ang mga tanong, 'di nasisira ang poise ni beshie Heart Evangelista! 😍
I-follow ang @YouLOLGMA at bumisita sa bit.ly/3zj1Pxj para sa ibang #TBATS updates!","#KapusoFeels: Even with crazy questions, Heart Evangelista's poise isn't broken! 😍 Follow @YouLOLGMA and visit bit.ly/3zj1Pxj for other #TBATS updates!"
"may plans po kayo for another competition po ulit like yung rap contest po before? salamuch — Tbh. Ayoko na contest, either may hater or yung mga judge ang najudge 🤣 Pag-isipan ko 🤣 curiouscat.qa/9PSTANDUBU/pos…","Do you have plans for another competition again, like the rap contest before? Thanks — Tbh, I don't want contests anymore, there's either a hater or the judges just judge 🤣 I'll think about it 🤣 curiouscat.qa/9PSTANDUBU/pos…"
Wala bang pa bibe?,No 'pa-bibe'?
Hahahaha pabibe ka ba? 🤣,"Hahahaha, are you playing coy? 🤣"
Ikaw lang ang nagpapabibe,You're the only one playing coy.
Hahahaha bakit parang iba na meaning 🤣,"Hahahaha, why does the meaning seem different? 🤣"
Hahahahaha narealize ko din after ko i tweet 😂,"Hahahaha, I realized it too after I tweeted it 😂"
Pabibe pabibe pabibe,Acting all innocent/coy. (Repeated for emphasis)
Bigla kong namiss kumantot. 🥲,I suddenly miss getting laid. 🥲
"+ kantutin. 
Parang gusto ko na rin buhayin ang ✨bottom era✨ ko.",+ to get laid. I think I want to revive my ✨bottom era✨.
❤️❤️❤️❤️,❤️❤️❤️❤️
babasahin b 2 parang d nman,Will I read this? Doesn't seem like it.
"good morning ,so gumising lang ako maaga para sa wala😭","Good morning, so I just woke up early for nothing 😭"
"Ang TL ko nakakaloka. Bedscene. Calendar Girl mixed with football and basketball plus Phil politics. Pati ako nahihilo. 
😳",My timeline is crazy. Bed scenes. Calendar Girl mixed with football and basketball plus Philippine politics. Even I'm getting dizzy. 😳
Huwag mo kasi akong imute para may loveteam. 😂😂😂,Don't mute me so we can have a love team. 😂😂😂
Saan ko ba naman mukukuha ang mga Bea story kung nakamute ka 🤣,How will I get Bea stories if you're muted 🤣
Inaabsorb ko pa nga pagiging calendar girl ni Bea. Hahahhaaha,I'm still absorbing Bea's calendar girl vibe. Hahahhaaha
Okay naman siya ha. Hindi cheap ang dating. Parang mga swimsuit lang naman na very sexy. Saka ganda niya ha. Blooming. Ganda pa ng shape. She needs to grow up already. Tanda na niya noh. Di na bagay pasweet. Saka mganda naman mga kuha. Masasanay ka din.,"It's okay though. It doesn't look cheap. They just look like very sexy swimsuits. And she's beautiful, really. Blooming. Her shape is also good. She needs to grow up already. She's old, you know. The sweet image doesn't suit her anymore. Besides, the shots are good. You'll get used to it."
"Alam ko nga matagal na syang kinukuha nyan, siguro ngayon nga lang sya pumayag dahil confident at di na mahigpit yng mgt nya. Syempre may image din naman dati na LL. Atsaka di ba problem nya din dati built nya.","I know she's been getting offers for this for a long time; maybe she only agreed now because she's confident and her management isn't as strict anymore. Of course, she used to have a wholesome image. And didn't she also have issues with her physique before?"
Saka may limitations siguro sa contract niya dati. I'm sure mas may control siya sa contract niya ngayon.,And maybe there were limitations in her old contract. I'm sure she has more control over her contract now.
"Bago ka mamuna,magbasa ka muna kung anong sentimyento nakareply yan,natural,faceshield face mask ibibigay e ang issue ni ate, kung ano daw ba ginawa ni bbm nung pandemic, edi yan, namigay s'ya ng mga kailangan ng mga frontliners, dahil short na sila that time,luzvimin yan","Before you criticize, read first what sentiment that reply is based on. Of course, face shields and face masks were given out, because the woman's issue was what BBM did during the pandemic. So there, he distributed necessities to frontliners because they were short at that time, that's Luzon, Visayas, and Mindanao."
"Hindi lng isang hospital s'ya namigay, O ano pa ipupuna n'yo sa mga gingawa ni bbm? Jan kayo magaling e,maganda O hindi ginagawa ni bbm may negative comments kayo e, daig n'yo pa si marites 😂","He didn't just distribute to one hospital. So what else will you criticize about BBM's actions? That's what you're good at, whether BBM does something good or not, you always have negative comments, you're even worse than gossipmongers 😂"
Tanginang achievement yan namigay ng faceshield wahahaha,"What a damn achievement, distributing face shields wahahaha"
"Mktawa ka akala mo hindi importante ang faceshield 😅 hanggang bash lng nmn kayo,lakas lng ng loob n'yong mambash.. di n'yo nga maipakita yang mukha n'yo e😅","You laugh as if face shields aren't important 😅 you just bash, you just have the courage to bash... you can't even show your faces 😅"
"Yan lng kase gusto mo mlmn at ayaw mo mag research, yan kase kayo, ito pakinggan mo, kung ayaw ko,problema n'yo na yan,dito mo mllmn kung sino ang nasa tama at sino ang pumapanig sa mali, chnce mo na to,kung ayaw mo panoorin, OK lng. alm nmin n ns tama kmi invidious.tiekoetter.com/lJtkamUZwvo","That's all you want to know and you don't want to do research, that's how you are. Here, listen to this, if I don't want to, that's your problem. Here you'll find out who is right and who is siding with wrong. This is your chance, if you don't want to watch it, it's okay. We know we are right invidious.tiekoetter.com/lJtkamUZwvo"
"Oh, typo lang yan, baka issue nanaman sainyo yan, (kung ayaw n'yo) kase dapat yan,.pero kung gusto n'yo ulit gnawing issue yan, OK lang 😂 yan kayo e, maissue😅","Oh, that's just a typo, maybe that'll be an issue for you again, (if you don't want to) because that's what it should be. But if you want to make that an issue again, it's okay 😂 that's just how you are, always looking for issues 😅"
"New book, new DP 💖","New book, new DP 💖"
"Yung akin, kahit gusto kong basahin parang nanghihinayang ako kasi naka-sealed. Ayaw kong buksan saka nabasa ko naman na sa wattpad pero gusto ko pa rin basahin na ayaw ko dahil naka-sealed.😩","Mine, even if I want to read it, I feel like it's a waste because it's sealed. I don't want to open it, and I've already read it on Wattpad, but I still want to read it, yet I don't want to because it's sealed. 😩"
"Other hms said before that Anji is not responsible for Kd pero bakit parang you obliged her now for his feelings. She cleared everything with kd naman na, tama na yon.","Other housemates said before that Anji is not responsible for KD, but why do you seem to oblige her now for his feelings? She already cleared everything with KD, that's enough."
nawalan lang ako ng jowa palagi na agad ako busy KKSKAKSJSKSJ,I just lost a boyfriend and now I'm always busy KKSKAKSJSKSJ
akala ko nabawasan responsibilities ko pero bat parang lalo dumami HAHAHAHAH,I thought my responsibilities decreased but why does it seem like they increased even more HAHAHAHAH
HAHAHAHAHAHAHAHAHAH JEON PARANG WALANG KAMU NAKAKALOKA HAHAHA,"HAHAHAHAHAHAHAHAHAH JEON, IT'S LIKE YOU HAVE NO SHAME, IT'S CRAZY HAHAHA"
"guys what i mean by that is, can we all normalized to capitalize the word “God, Jesus, Lord”","Guys, what I mean by that is, can we all normalize capitalizing the words “God, Jesus, Lord”"
"kahit maging jeje typings pa kayo basta capital letter lang yun, aus.","Even if your typing style is 'jeje,' as long as those words are capitalized, it's fine."
"maybe, hindi nyo ako maintindihan.",Maybe you don't understand me.
"sa Bible po kasi sa tuwing mababanggit ang word na God, Jesus, Lord is capital letter","In the Bible, every time the words God, Jesus, Lord are mentioned, they are capitalized."
tapos yung iba small letter na.,And then others use small letters.
as in parang hina-highlights talaga don mismo na dapat capital lagi pag si God,"As in, it really highlights there that 'God' should always be capitalized."
"pero kayo, ang mahalaga nagshare aq at hahayaan ko na si God ang makakita non","But for you, what matters is that I shared, and I'll let God see it."
rerespetuhin ko parin kung ano gusto nyo : ),I will still respect what you want :)
"again, ang mahalaga nasabi q na.","Again, what matters is that I've said it."
thanks God!,Thanks God!
"para sa taong huling mamahalin ko:
please habaan mo lang pasensya mo, promise ipapanalo kita hanggang dulo.","To the last person I'll ever love: please just be patient, I promise I'll see us through to the end."
Parang gusto ko tikman yung chicken burger ng jabee,I feel like trying Jollibee's chicken burger.
otw mie,"On my way, mom."
parang wifi is the nalang talaga if ganito ng ganito 😭,It seems like Wi-Fi is the only option left if it keeps going like this 😭
"@j90Cr8V2AEUIWBy Good Day Boss! 
Sana Isa ako sa mapili. Lahat ng rules gagawin ko. Lahat ng kikita paghihirapan ko. Makakaasa kayo na magkakatiwalaan niyo po ako. Para sa pangdialysis lang ng akimg nanay twice a week dialysis... 
Thank you 
Allan Lorenz De Nava
33 years old","@j90Cr8V2AEUIWBy Good Day Boss! I hope I'm one of those chosen. I will follow all the rules. I will work hard for all earnings. You can trust me. This is just for my mother's dialysis, twice a week dialysis... Thank you, Allan Lorenz De Nava, 33 years old."
"Good Day Boss! 
Sana Isa ako sa mapili. Lahat ng rules gagawin ko. Lahat ng kikita paghihirapan ko. Makakaasa kayo na magkakatiwalaan niyo po ako. Para sa pangdialysis lang ng akimg nanay twice a week dialysis... 
Thank you 
Allan Lorenz De Nava
33 years old
Mandaluyong City","Good Day Boss! I hope I'm one of those chosen. I will follow all the rules. I will work hard for all earnings. You can trust me. This is just for my mother's dialysis, twice a week dialysis... Thank you, Allan Lorenz De Nava, 33 years old, Mandaluyong City."
"Pancit, White pasta, Mogu-mogu, yoghurt... parang di ako nabubusog hahaha.. samahan pa ng maraming water 😂","Pancit, white pasta, Mogu-mogu, yogurt... I don't seem to get full hahaha... accompanied by lots of water 😂"
"huy, putangina. kaya pa ba...","Hey, for f***'s sake. Can I still handle this...?"
parang ayoko na lang matulog sa dami ng gawain.,I feel like I just don't want to sleep because of all the things I have to do.
"bakit parang pagdating sa taguan ng anak, doyu ang best contender? sila na nga sa mga amgst au, sila pa din sa taguan ng anak? don't u think we're hurting them in the alternate universe so much? 😭😭😭","Why does Doyoung seem to be the best contender when it comes to hiding a child? They're already in angst AUs, and they're still hiding a child? Don't you think we're hurting them so much in the alternate universe? 😭😭😭"
Ang galing lang siguro kasi nila mare 😭 same thought tayo pati na jaeyong 😍🤣,"They must just be really good, mate 😭 we have the same thought, even with Jaeyong 😍🤣"
bakit kasi may kailangang may mamatay sa anime para sa character development ng bida?? Smh 🤧🤧🤧,Why does someone have to die in anime for the protagonist's character development?? Smh 🤧🤧🤧
"Gagawin lahat para sa iyo
WeStay with MahMygz
#MAHMYGZ4LIFE",Will do everything for you. WeStay with MahMygz #MAHMYGZ4LIFE
Parang gusto ko na sumuko. 😭,I feel like giving up now. 😭
PAKYU HINDI AKO MAHILIG STREAM DATI PA PERO NAGSSTREAM NA AKO NGAYON PARA SA ENHA TIGILAN MO KO,"F*** YOU, I WASN'T FOND OF STREAMING BEFORE BUT I'M STREAMING NOW FOR ENHA, STOP BOTHERING ME"
Parang ang ganda bumili ng mga jin fansite merch,It seems like buying Jin fansite merch would be nice.
may mga self-help books talaga na red flag. ‘Di ko sinasabing “The subtle art of not giving A f*ck” ‘to ah pero parang ganoon na nga,"There are really some self-help books that are red flags. I'm not saying it's ""The Subtle Art of Not Giving A F*ck,"" but it seems like it."
"tapos every time may book recos content mga InfLuencErs na toxic, lagi kasama ‘yun sa nire recommend nila","And every time toxic influencers have book recommendations content, that book is always included in what they recommend."
Walang kwenta yang librong yan. Low-key degrading feminism. Nag trend lang dahil sa mga IG posts na mala minimal,That book is useless. It's low-key degrading feminism. It only trended because of minimalist-like IG posts.
tru bhie <3,"True, babe <3"
"3am na maguumpisa palang ako sa costing and analysis ng bid ko. HAHA
nagkape ako para di antukin pero parang baliktad. jeez
BBS ANJI po.",It's 3 AM and I'm just starting with the costing and analysis of my bid. HAHA I drank coffee to stay awake but it seems to have the opposite effect. Jeez. BBS ANJI.
Parang babagsak katawan ko anytime hahahshahahahahaa,I feel like my body is going to crash anytime hahahshahahahahaa
"or kahit yung parang sa twice lang, all members sa isang acc 😭 wala lang para ✨ estetik ✨ pag sa ig charing HAHA","Or even something like Twice, all members on one account 😭 nothing, just for ✨aesthetics✨ on IG, just kidding HAHA"
active hour ni heeseung is 2am at gising ako para sa kaniya,Heeseung's active hour is 2 AM and I'm awake for him.
"Já que hoje é dia de Prêmio CBLOL vou deixar aqui meus palpites/torcida:
Revelação: Grevthar
Melhor jogador academy: Asta 
Melhor jogador- Aegis
Craque da galera- Brtt 
Top- Fnb 
Jungle- Aegis
Mid- Tinowns
ADcarry- Trigo 
Suport- Jojo","Since today is CBLOL Award day, I'll leave my predictions/support here: Rookie: Grevthar Best Academy Player: Asta Best Player: Aegis Fan Favorite: Brtt Top: Fnb Jungle: Aegis Mid: Tinowns ADcarry: Trigo Support: Jojo"
"Eu  n sei quem foi indicado, porém
Top - Robo
Jg - Aegis
Mid - Dynq (tin n jogou segundo split, Yuri não tava aqui no primeiro)
Adc - Titan (trigo foi melhor no segundo split)
Sup - Wos (esse me deixou na dúvida)","I don't know who was nominated, but Top - Robo Jg - Aegis Mid - Dynq (Tin didn't play second split, Yuri wasn't here in the first) Adc - Titan (Trigo was better in the second split) Sup - Wos (this one left me in doubt)"
"no mid quem tá é o Yuri e o Grev, meio sem sentido, mas n acho que o Tin merece, Yuri stompou o tin em todos os jogos contra a pain","In mid, it's Yuri and Grev, a bit nonsensical, but I don't think Tin deserves it, Yuri stomped Tin in all games against Pain."
"E como você disse, o Yuri nem estava no primeiro split. Tinowns foi campeão com destaque e n foi horrível no segundo, só n foi bem tbm","And as you said, Yuri wasn't even in the first split. Tinowns was champion with distinction and wasn't terrible in the second, just not good either."
"ele ficou atras da maioria dos mid no segundo split, o split foi todo com meta de melee, e ele só é bom de maguinho, quando o meta mudou pra maguinho ja foi nos playoffs que ele tomou stomp todos os jogos pro yuri","He was behind most mids in the second split, the entire split had a melee meta, and he's only good with mages. When the meta shifted to mages, it was already playoffs where Yuri stomped him in every game."
"mas é oq falei mano hashsuash o Yuri nem participou do primeiro, Grev nem conta, Dynquedo n jogou bem em nenhum dos dois, Krastyel se pah era o pior no time, Tutsz n teve destaque nenhum... Só sobra o Tin","But it's what I said, man hashsuash Yuri didn't even participate in the first, Grev doesn't count, Dynquedo didn't play well in either, Krastyel was probably the worst on the team, Tutsz had no highlight at all... Only Tin remains."
"Tuts jogou mto bem quando o flamengo tava ganhando, ele e o parang ganhava os jogos sozinho, só que o flamengo n jogou nos playoffs em nenhum dos 2 splits","Tuts played very well when Flamengo was winning, he and Parang won games alone, but Flamengo didn't play in the playoffs in either of the two splits."
palibre din po kami ng kwek kwek ser???? 😭😭😭,"Can we also get some kwek-kwek, sir???? 😭😭😭"
parang gusto ko din ng kwek kwek. baka naman blue. eme hahahahahaha,"I feel like having kwek-kwek too. Maybe, Blue? Just kidding hahahahahaha"
HAHAHAHA when we went to Intramuros kasi nakakita ako ng streetfood stall then ayun,HAHAHAHA when we went to Intramuros I saw a street food stall and then that's it.
i feel so sipag kac nagbasa ako para sa philo... sana naman nde q toh makalimutan bukas :'>,I feel so diligent because I read for philosophy... I hope I don't forget this tomorrow :'>
matutulog pa ako,I'm still going to sleep.
parang bading kase tong keyboard na to eh,"This keyboard feels gay, though."
"hindi naman po masakit, parang kagat lang naman po ng dinosaur ganun 🤏🏻","It doesn't hurt, it's just like a dinosaur bite, like that 🤏🏻"
Sakit pala. Pero parang wala na dn akong maramdaman.,It hurts. But I feel numb now.
"Turingan pamilya bayan Kasi sa tingin namin hindi kung pamilya yung nabuild ninyo relationship dyan sa bahay sana wag kayo gagawa ng ikakasakit ng kapwa ninyo hayaan ninyo silamagdesisyon para sa kanila mahirap bang sumuporta  nalang 
#KyJiTalks2","Is it a family relationship? Because we don't think it is. If you built a family relationship in that house, I hope you wouldn't do things that hurt others. Let them make their own decisions. Is it so hard to just be supportive? #KyJiTalks2"
"if prank lang ito para sa carnival date please itigil ninyo na nakakasakit na
#KyJiTalks2","If this is just a prank for the carnival date, please stop it, it's already hurtful. #KyJiTalks2"
Yung olivia rodrigo buti pa siya na nominate sa record of the year. para sa akin hindi niya deserve 😜😜😜,"That Olivia Rodrigo, at least she got nominated for Record of the Year. For me, she doesn't deserve it 😜😜😜"
Ikr 😭 but happy ka nalang din kasi half Filipino cya 😊,Ikr 😭 but you're happy anyway because she's half Filipino 😊
di man ko ganahan ana niya bisan pinoy pana siya hehe,I don't like her even if she's Filipino hehe
ALAM MO UNO ! CRUSH KITA EH PERO I-UNCRUSH MUNA KITA HA ? PARANG MAY BINABALAK KA KASI NA HINDI KO IKAKATUWA 🙂,"YOU KNOW UNO! I HAVE A CRUSH ON YOU BUT I'M GOING TO UNCRUSH YOU FOR NOW, OKAY? BECAUSE IT FEELS LIKE YOU'RE PLANNING SOMETHING I WON'T LIKE 🙂"
acceptance.,Acceptance.
favorite ko talaga si mojo jojo,Mojo Jojo is really my favorite.
wahahahahaha parang alam mona yun,Wahahahahaha you probably know what I mean.
"hindi naman sa pag rereklamo pero parang ganon na nga, isa lang nakuha nila, mga bobo ata kayo eh tanga bobo","Not to complain, but it seems like it, they only got one, you're all stupid, idiots, stupid."
hahahahahahahaha siguraduhin nyo kasali bts haha kung hindi matutulog na kame hahaha @MarieTheAye,"Hahahahahahaha make sure BTS is included haha if not, we're going to sleep hahaha @MarieTheAye"
Ending isa lang hahaha parang pilit pa hahahhaha,"In the end, only one hahaha it seems forced hahahhaha"
parang siningit nalang para di mabash ahahahah,It seems like it was just squeezed in so they wouldn't get bashed ahahahah
Hahahaha. Umay sila,Hahahaha. They're tiresome.
"Yan ngiti  lng bunso  hyaan mo lng ang mga basher mo na kumuda ng kumuda go go  ka lng para sa minimithi mong pangarap sa buhay. 
WeTeuStay with MAHMYGZ 
#MAHMYGZ4LIFE","Just smile, youngest. Let your bashers keep talking. Just keep going for the dreams you aspire to in life. WeTeuStay with MAHMYGZ #MAHMYGZ4LIFE"
what if mag send aq ng ganito sa teacher namin 'letter para sa mga teachers na sabi mental health is importan pero nagbibigay quiz after,What if I send something like this to our teacher: 'A letter for teachers who say mental health is important but then give quizzes after.'
"Ba't ganooooon, ako lang ba?? Parang kaunting kaunti na lang magkamukha na silang dalawa ni miah at dons","Why is it like that? Is it just me? It seems like they're starting to look more and more alike, Miah and Dons."
DONIAH | DONMIAH layarg!! Char fuu.,"DONIAH | DONMIAH sailing!! Just kidding, ugh."
"I guess it's PDEA who could TEST if the result submitted was legit or not! It's impossible that they would not know it. Eh pag duda, pwede naman siguro sila mag-request uli ng bagong test or St Luke's speak up and validate the result submitted para sa IKAKATAHIMIK NILA🤨","I guess it's PDEA who could TEST if the result submitted was legit or not! It's impossible that they would not know it. If there's doubt, maybe they can request a new test or St. Luke's can speak up and validate the submitted result for THEIR PEACE OF MIND 🤨"
hindi maganda para sa mental health q ung au n un kaya ndi q nalang itutuloy...tangenang heavy angst,That AU isn't good for my mental health so I won't continue it... damn heavy angst.
Puñetaaa!!! Yung slacks ko ang sikip na. Nasusuot ko pa naman siya pero kapag tatry ko ng umupo parang maghehello yung pwet ko bwahahahahahaha. Need ko na talaga bumalik sa pag-wwork out 😭😭😭,"Holy crap!!! My slacks are too tight now. I can still wear them, but when I try to sit down, it feels like my butt will say hello bwahahahahahaha. I really need to go back to working out 😭😭😭"
sandali lang naman bakit parang traffic lights? 😭,"It was only for a moment, why does it feel like traffic lights? 😭"
nagpuyat pa ako para sa grammy nomination tas isa lang nomination ng bts wtf,"I stayed up late for the Grammy nomination and then BTS only got one nomination, WTF."
"anyways, congrats bts.","Anyway, congrats BTS."
grabe parang nasa ibang planeta talaga ako pag nanonood ng kdrama 😭,"Wow, it really feels like I'm on another planet when I watch K-dramas 😭"
Sarap maglaho bigla na parang bula.,I wish I could just disappear like a bubble.
Daya di makapag breakdown nasa office ako hays tangina,"Damn, I can't have a breakdown, I'm at the office. Ugh, sh*t."
"wala , grabe sayo lang talaga skyfics, ikaw talaga nagpapasaya sakin nang ganto . u never fail to amaze me and make me feel happy. .. parang saling kitkit tuloy ako sa relashun nila","Nothing, it's just you, Skyfics. You're the one who makes me this happy. You never fail to amaze me and make me feel happy... I feel like I'm just an intruder in their relationship."
"december na pala next week, parang kahapon lang gumagawa pa ko dalgona coffee","It's already December next week, it feels like it was just yesterday I was making dalgona coffee."
"Eclesiastes                           
                                                  1:18 para sa kung saan ang moch karunungan ay, mayroon ding malaking trauile & disquietnes: & ang higit pang kaalaman ng isang tao ay may, ang higit pa ay hys care.",Ecclesiastes 1:18 For in much wisdom is much grief: and he that increaseth knowledge increaseth sorrow.
Nakakatakot ma inlove mga tropa ko. Parang ibang tao.,It's scary when my friends fall in love. They seem like different people.
‘di naman sinasabing si Willainne ito pero parang ganoon na nga,"It's not explicitly saying it's Willainne, but it seems like it is."
Ibang personality niya yun. Si William ata yun,That's a different personality of hers. I think that's William.
William Agapito,William Agapito
@SJofficial : Here are some merchs for you💸💸💸💸,@SJofficial: Here are some merch for you💸💸💸💸
Parang di ko pala kaya ???,It seems like I can't handle it after all???
I had a dream about you. As in parang totoo aba. Siguro iniisip mo 'ko no. Nakakakonsensiya tuloy. Napaka mysterious mo pa naman. Hindi malaman eh 😅,"I had a dream about you. Like, it felt so real. You must be thinking of me, right? Now I feel guilty. You're so mysterious, you know. I can't figure you out. 😅"
"MAHAL na MAHAL  kita mga katagang  saliva parang sayo  cutie 
WeTeuStay with MAHMYGZ 
#MAHMYGZ4LIFE","I love you so much, those words are like saliva to you, cutie. WeTeuStay with MAHMYGZ #MAHMYGZ4LIFE"
Parang gusto kong lumandi sa mas bata sakin. Gusto ko ng maraming atensyon.,I feel like flirting with someone younger than me. I want a lot of attention.
Sige sagad na hanggang 18 yrs. old,"Okay, go all out, up to 18 years old."
Tama ang desisyon mo ahhahaha pumatol sa ka sa bata yung wala pang respomsibilidad,"Your decision is right, hahahaha, to get involved with someone young who doesn't have responsibilities yet."
Haha supportive naman to,"Haha, this one's so supportive."
parang mamatai n lang talagah 🤝,I feel like I'm just going to die. 🤝
Naaapektuhan ba buhay ng mga to pag nagiging ok yung relationship nung dalawa?? IKAMAMATAY BA NILA??? BAT PILIT PINAGLALAYO? BAT PINAPAHIRAPAN NG GANITO?,Does it affect these people's lives if the two become okay in their relationship?? WILL THEY DIE??? WHY ARE THEY FORCIBLY KEPT APART? WHY ARE THEY SUFFERING LIKE THIS?
"obviously, they are insecure or ayaw nila may mabuong loveteam kakaloka sa edition lang nila ang ganyan kung makareact at makisawsaw parang alam nila ang pinagsamahan nung dalawa. they are clueless kung gaano kaclose yung dalawa before PBB.","Obviously, they are insecure or they don't want a love team to form. It's crazy, only in their edition are they like that, reacting and interfering as if they know what the two went through. They are clueless about how close the two were before PBB."
bakit ang bigdeal para sa kanila ng closeness ni anji at KD? ganyan talaga pag inggit diba TJ? ang dami ninyong kuda WTF okay na sila tapos sisirain na naman.,"Why is Anji and KD's closeness such a big deal for them? That's how it is when you're envious, right TJ? You have so many complaints, WTF, they're already okay and then you're going to ruin it again."
"kyji fans, we're here for you. nararamdaman namin kayo at di kayo nag-iisa! virtual hug for you all 🥺 #KyJiTalks2","KyJi fans, we're here for you. We feel you and you are not alone! Virtual hug for you all 🥺 #KyJiTalks2"
i love u too!! yakap para sa ating lahat 🤗,I love you too!! Hugs for all of us 🤗
alam ko na kahit isa lang yung nakuha nilang nomination eh sobrang saya padin nila para sa award na yon 🥺🥺🥺🥺🥺,"I know that even if they only got one nomination, they're still so happy for that award. 🥺🥺🥺🥺🥺"
Totoo ako sa nararamdaman ko pero ang gara naman parang ang unfair hayssssss 😔😔😔,"I'm true to my feelings, but it's so strange, it feels so unfair, ughhhhh 😔😔😔"
Wag ngyon reddskieee 🥺,"Not now, reddskieee 🥺"
bat parang ang drama mo naman HAHA,"Why are you so dramatic, HAHA?"
"Sayang binoto ko pa naman noong 2016. Wala ng bisa pinagsasabi niya, kung baga sa gamot EXPIRED. Akala niya may credibility pa siya. He self-destruct heavily from DU30 to DUTAE. Mga kasamang MARCOS Loyalist, ideretso na natin yan kasama ang Alalay sa INIDURO..","What a waste, I even voted for him in 2016. What he says no longer holds any power, like expired medicine. He thinks he still has credibility. He self-destructed heavily from DU30 to DUTAE. Fellow Marcos loyalists, let's just throw him with the toilet bowl attendant."
"Ser, mukhang mas may edad ka naman sa akin. Pero yung laro ng pulitika parang kahapon lang kayo pinanganak. Saka bakit galawang dilawan yang ginagawa mo? 🤔","Sir, you seem older than me. But your political game is like you were just born yesterday. And why are you acting like a 'yellow' (liberal) supporter? 🤔"
Bitbit namin SAMA NG LOOB natapos ang live namin kanina para sa Grammy Nomination na yan tas ayon lang yon ??? Fvk SCAMMYS,We carried our resentment after our live session earlier for that Grammy Nomination and that's all it was??? Fvk SCAMMYS
Bat puro send na lang yung GCASH ko 😭😭😭,Why is my GCASH only sending money? 😭😭😭
HOYYY HUHU 😳🥺 ambag mo na ba toh para sa swimming HAHAHAHA,"HOYYY HUHU 😳🥺 Is this your contribution for the swimming, HAHAHAHA?"
Parang therapy yung twitter ngayon 🤣,Twitter feels like therapy today 🤣
Translation 😭😭😂😂 please,Translation 😭😭😂😂 please
Ohh.. haha sorry.. i said twitter is like a therapy for me today.. because i’m so disappointed with the grammy nominations🥺🥺,Ohh.. haha sorry.. i said twitter is like a therapy for me today.. because i’m so disappointed with the grammy nominations🥺🥺
LUH PARANG TANGA,"OH MY GOSH, IT'S SO STUPID."
I need this to be my alarm!,I need this to be my alarm!
Wahahahahaha,Wahahahahaha
"Like if I hear Daddy’s Home, I’ll jump out of bed to login for work even if I’m sleepy. 😂","Like if I hear Daddy’s Home, I’ll jump out of bed to login for work even if I’m sleepy. 😂"
"Parang pag narinig ko yun, pakama palang me, chour.","It's like if I heard that, I'd still be in bed, kidding."
Ibang usapan if it’s Seokjin and not an alarm. 😂,Ibang usapan if it’s Seokjin and not an alarm. 😂
parang mamimili lang ng nanalo sa giveaway or kung sinong mag rerecitation HAHAHAHA,It's like they're just picking winners for a giveaway or who will recite HAHAHAHA.
"Parang walang pake si kyle sa nararamdaman ni chin porke lumabas lang si chie sa PBB, parang walang pinagsamahan 🤧 if he can't protect her as a friend na lang then FREE FRANCINE DIAZ!!","It seems like Kyle doesn't care about Chin's feelings just because Chie left PBB, it's like they had no shared history 🤧 if he can't protect her as a friend then FREE FRANCINE DIAZ!!"
hii if may questions po dm me lang po ~ good morning po siguro? HAHAHAHAHAHAHAHAHAHA hindi pa po ako tapos sa project proposal para sa activity po namin sa school ><,"Hii if you have questions, just DM me ~ good morning, I guess? HAHAHAHAHAHAHAHAHAHA I'm not yet done with the project proposal for our school activity ><"
so ano gagawin ko readings para sa synch class bukas or readings para sa exam sa thursday?????? hindi na ko makareklamo namamanhid na lang ako sa mga gagawin ko kasalanan ko naman din 20 units pa haha,"So what should I do, readings for synch class tomorrow or readings for the exam on Thursday?????? I can't complain anymore, I'm just numb from all the things I have to do, it's my fault anyway, 20 units is a lot haha."
"yeah. but I felt like kyle wants to go out na he said it tho but if he wants to stay longer then BBS KYLE, he deserves to stay.","yeah. but I felt like kyle wants to go out na he said it tho but if he wants to stay longer then BBS KYLE, he deserves to stay."
"HAHAHAH, parang maypasabog nga ang fans ni kyle hindi gumagalaw yung numbers of vote nya. no one knows talaga sino ang maliligtas. pero BBS ALEXA, BBS ANJI and BBS KYLE.","HAHAHAH, it seems like Kyle's fans have something big planned, his vote numbers aren't moving. No one really knows who will be saved. But BBS ALEXA, BBS ANJI and BBS KYLE."
"i...idk why but i wish a ppop girl group could do wjsn's sound...
ewan ko ung tipong mala gfriend siguro?? lovelyz?? i think i'd love a group with that sound :"")
ung ganto invidious.tiekoetter.com/0VKcLPdY9lI (gfriend) invidious.tiekoetter.com/S_IBk0RCsOo (lovelyz) or invidious.tiekoetter.com/wu4fhBXWkAQ (wjsn)
+","i...idk why but i wish a ppop girl group could do wjsn's sound... I don't know, maybe like GFriend?? Lovelyz?? I think I'd love a group with that sound :"") Like this invidious.tiekoetter.com/0VKcLPdY9lI (gfriend) invidious.tiekoetter.com/S_IBk0RCsOo (lovelyz) or invidious.tiekoetter.com/wu4fhBXWkAQ (wjsn) +"
"feeling ko bagay ung ganyang tunog sa tagalog o kung anumang wikang gamitin hahah... medyo mala jpop din na dating ganon idk
kasi etong kanta ng mnl48 invidious.tiekoetter.com/s-EDJCXLqoE (imagine niyo na lang na hindi mala-japanese ung pagbigkas nila bat ba kasi pinaganon ng direk nila lol)","I feel like that kind of sound would suit Tagalog or whatever language they use, hahah... it also has a bit of a J-pop vibe, I don't know. Because this song by MNL48 invidious.tiekoetter.com/s-EDJCXLqoE (just imagine they're not pronouncing it like Japanese, why did their director make them do that lol)"
"(kasi hindi naman yun ginagawa ng ibang overseas 48 group, bnk48 tunog thai naman, jkt48 tunog indonesian naman)
ang ganda sa tagalog, ang ganda ng pagkasalin, bagay na bagay, mas maganda pa sa original na jp...bingo is the best translated song by mnl48 ever i will stand by this","(Because other overseas 48 groups don't do that, BNK48 sounds Thai, JKT48 sounds Indonesian.) It's beautiful in Tagalog, the translation is great, it fits perfectly, even better than the original JP... Bingo is the best translated song by MNL48 ever, I will stand by this."
"ayun so ung bingo kasi ang ganda, ung medyo ganyan din :"") idk basta ung ganyang tunog para sa isang girl group...","So Bingo is just beautiful, like that kind of sound :"") I don't know, just that kind of sound for a girl group..."
"dat ba sa @outsomniasky ko pinost to lol
di bale na","Why did I post this on @outsomniasky lol, never mind."
"When I worked at the factories, I was ambidextrous. But now I'm having a hard time teaching my left hand to use the mouse. 
Mejo masakit na kasi sa right hand eh. Pagpapasa-pasahin ko sana left and right ang mouse. 
.
Parang ako. Pinagpapasapasahan dahil walang nagmamahal. 
#Char","When I worked at the factories, I was ambidextrous. But now I'm having a hard time teaching my left hand to use the mouse. It's getting a bit painful for my right hand. I was hoping to alternate the mouse between my left and right hands. It's like me. Being passed around because no one loves me. #Joke"
"gigising ng 6am para sa 4mins performance video, yes #tamabehavior","Waking up at 6 AM for a 4-minute performance video, yes #tamabehavior"
ay gumagawa ka ng pt video?,"Oh, are you making a PT video?"
tinatamad talaga ako magreview pero para sa mga pogi magrereview na aqu 😭,"I really don't feel like reviewing, but for the handsome guys, I'll review now 😭"
"From choclates to UPCAT to pano magpicture ng make up. 🤣🤣🤣
Nasira ko pag open. Shemay 🤦🏾‍♀️",From chocolates to UPCAT to how to take makeup pictures. 🤣🤣🤣 I messed up the opening. Dang it 🤦🏾‍♀️
parang bigla ako nagutom 😅😂,I suddenly felt hungry 😅😂
Hahaha super soft parang ice cream na tunaw 🤣,"Hahaha, super soft, like melted ice cream 🤣"
me likey likey! 🥺😍,me likey likey! 🥺😍
"bigla ka nalang nawala
nawala parang bula
sadyang nakakabahala
kung 'di kita makikita
flashdrive asa naka? 
huhu","You suddenly disappeared, vanished into thin air, it's truly alarming if I don't see you, flash drive, where are you? huhu"
"TMI: I rarely watch local teleseryes ever since I've been into kdramas. But with #ViralScandal, it's just too intriguing to ignore. 
Plus Dimples Romana and Charlie Dizon's acting gets me goosebumps everytime.","TMI: I rarely watch local teleseryes ever since I've been into kdramas. But with #ViralScandal, it's just too intriguing to ignore. Plus Dimples Romana and Charlie Dizon's acting gets me goosebumps everytime."
"It's actually my first time watching Charlie's acting coz i wasn't able to watch ""Fan Girl""/her other works but girlie made my jaws ache from forming too much ""O"".","It's actually my first time watching Charlie's acting coz i wasn't able to watch ""Fan Girl""/her other works but girlie made my jaws ache from forming too much ""O""."
"Saka hello, kamusta naman yung 2am tas yung luha mo tulo lang ng tulo?!
Yung batuhan ng lines, emosyon maski microexpressions, sobrang on-point naman po.💔","And hello, how about 2 AM and your tears just keep falling?! The exchange of lines, emotions, even microexpressions, are so on-point. 💔"
"It hits me on a personal level kasi I admit that I've been neglecting local shows for a long time na, parang last time na may i got so attached to a show was way back on ""The Greatest Love"" pa.
Thank u @DimplesRomana for pulling me back into teleseryes.♥️","It hits me on a personal level kasi I admit that I've been neglecting local shows for a long time na, parang last time na may i got so attached to a show was way back on ""The Greatest Love"" pa. Thank u @DimplesRomana for pulling me back into teleseryes.♥️"
BILI KAYO HEHDHDHHD GAGAMITIN NAMIN YUNG KIKITAIN PARA SA MGA PAGKILOS LALO SA BONI DAY,"BUY GUYS HEHDHDHHD WE WILL USE THE EARNINGS FOR ACTIONS, ESPECIALLY FOR BONI DAY."
Ang ganda ng AU mo mareee parang hinahalukay bituka ko sa kilig HAHAHAHA.,"Your AU is so good, friend, it feels like it's stirring my insides with excitement HAHAHAHA."
Alam mo yung feeling na parang mas nakakainsecure na wala pa akong anak at this age? Bat ganun?,You know that feeling where it feels more insecure that I don't have a child yet at this age? Why is that?
"ELFs: Wala ba talaga kayong picture dalawa?
Him:",ELFs: You really don't have a picture together?
HAHAHAHAHAHAHAHAHA,HAHAHAHAHAHAHAHAHA
"May kadugtong po yan eh: 
""Manood kayo ng My Ugly Duckling para malaman nio""
HAHAHAHA😂😂😂","That has a continuation: ""Watch My Ugly Duckling to find out."" HAHAHAHA 😂😂😂"
"Yoko na... kayo nalng mga marites mag usap
Hahahahahaha",I don't want to anymore... you gossips can just talk. Hahahahahaha
gastos nanaman sebong 😭 pinaiiyak nyo yung bulsa ko,"Expenses again, Seventeen 😭 you're making my wallet cry."
"magkano??? 
kaya ang bentahan ng kidney sa black market, parang gusto ko maghanap ng buyer","How much??? Given the price of kidneys in the black market, I feel like finding a buyer."
HAHAHAHAHAHAHAHHA 😭😭 HANAP AKO PAPA DE ASUKAL,HAHAHAHAHAHAHAHHA 😭😭 I'M LOOKING FOR A SUGAR DADDY.
"Angelica Vasquez ikaw na bahala sa Kumunity Decides char.
#PBBKumuToyStories","Angelica Vasquez, it's up to you with Kumunity Decides, just kidding. #PBBKumuToyStories"
grabe doc di talaga siya sumusuko until now nagbabagsak parin naol mayaman 🥺😁,"Wow, Doc, he really doesn't give up, he's still dropping (money) even now, lucky those who are rich 🥺😁"
"Hahaha akala ata niya BBS KD iyan hahahha..grabeh kung maghulog ah parang may kalaban,gigil hahahah","Hahaha, she probably thought it was BBS KD hahahha... she's dropping so much as if there's an opponent, so intense hahahah."
"pwede namang mag adjust at umintindi pero bakit parang na e invalidate lang yung feelings :(
#KyJiTalks2","You can adjust and understand, but why do feelings just feel invalidated? :( #KyJiTalks2"
"reading the theories of nctzens is like parang research activity tpos aq wlang ambag,.,.,.,., ganda lungs ajajaja",reading the theories of nctzens is like a research activity and I have no contribution..... it's just beautiful ajajaja
bakit parang pulutan hahaha,Why does it look like bar food? hahaha
PARANG ANG CHAOTIC NG SEASON 2 NG EUPHORIA,EUPHORIA SEASON 2 FEELS SO CHAOTIC.
parang i want wonie pc????,It's like I want a Wonie PC????
"Parang iba ata feeling ko rito, parang.... ✨Scam✨","I feel something different about this, it feels like... ✨Scam✨"
"Baka dapat yung Dope, Boy in luv at Fire na childrens song version ang pinasa natin para sa best children music no?","Maybe we should have submitted the children's song versions of Dope, Boy in Luv, and Fire for Best Children's Music, right?"
Wala nanaman kuryente mamaya parang masarap maging jumbo hotdog sa ref!!!,"No electricity again later, it feels good to be a jumbo hotdog in the fridge!!!"
Parang di College,Doesn't feel like College.
"Parang naririnig ko boses mo na sinasabi sakin @aNYXmatte  ""hala delikado ka na"". Hahahahaha","I can almost hear your voice saying to me, @aNYXmatte, ""Oh no, you're in trouble."" Hahahahaha"
hoyy ang happy naman ng family nila parang usto ko maki family member,"Heyy, their family is so happy, I feel like I want to be a family member."
"ang pag mamahal ko sayu ay parang pera,,, may pera ba ako? syempre meron","My love for you is like money... do I have money? Of course, I do."
shh,shh
parang mapapabili na ko ah,I feel like I'm about to buy something.
Next week lang kmo call ngita kmo anay pabo para sa thanks giving. Pa experience avail mga 30 mins 😂😂😂,"Next week, we'll call, we'll look for a turkey for Thanksgiving. Experience available for about 30 mins 😂😂😂"
GAGO PARANG AKO LANG NUNG MAY PA HEART YUNG SI ANO HAHAHSHSHAHAHAHGABABABA,"OMG, IT'S JUST LIKE ME WHEN THAT PERSON GAVE A HEART HAHAHSHSHAHAHAHGABABABA"
parang ang skeri tuloy tikman nung chicken sandwich sa jabee hmmm dame ko nakikitang hilaw ksmxnxjdhsn,"It's like it's scary to try the chicken sandwich at Jollibee, hmmm, I see a lot of raw ones ksmxnxjdhsn."
hindi naman sa pinag-ooverthink ko kayo pero what if crush rin pala kayo ng mga crush niyo. sadyang takot lang kayo magfirst move?,"I'm not trying to make you overthink, but what if your crushes also have a crush on you? Are you just too afraid to make the first move?"
dapat talaga pwedeng i-off replies para sa mga masasaya na sa love life. /j,You really should be able to turn off replies for those who are happy with their love life. /j
hindi ako kasali diyan. para sa iba lang 'yan.,I'm not included in that. That's for others.
parang asa mood ako mag basa ng angst 😏🔪,I feel like I'm in the mood to read some angst 😏🔪
"Kaya ko pa beh, hindi ko pa nararamdaman ang pagkahilo 👍🏻
Kakayanin para sa ENHA ko ; )","I can still do it, beh, I don't feel dizzy yet 👍🏻 I'll make it for my ENHA ; )"
may klase pa ako beh pero para sa enhypen sige go lang,"I still have class, beh, but for Enhypen, go for it."
"[방송] 오늘(11/24) 7:00AM NBC <The Kelly Clarkson Show>에 #ENHYPEN 이 출연합니다.
[TV] #ENHYPEN will be on <The Kelly Clarkson Show> on NBC on Nov 24 at 7:00AM KST (Nov 23, 2:00PM PST)","[Broadcast] #ENHYPEN will be appearing on NBC's <The Kelly Clarkson Show> today (11/24) at 7:00 AM KST (Nov 23, 2:00 PM PST)."
sirang sira na body clock ko pero okay lang para sa enha 🥲,"My body clock is completely messed up, but it's okay for Enhypen 🥲"
ANG AGA PLEASE LANG PERO PARA SA ENHA SIGE😭,"IT'S SO EARLY, PLEASE, BUT FOR ENHYPEN, FINE😭"
Wag na mag judge bibe nlng pipili kung sino panalo para walang away tapos may isang hidden winner para sa napupusuan 🙄 hays char akala mo nmn may ambag 😆,"No more judging, let the duck decide who wins so there's no fight, then a hidden winner for the one I like 🙄 Hays, just kidding, as if I have any contribution 😆"
Hahahahahaahahaha sige ikaw ang magbigay prize 🤣,"Hahahahahaaha, okay, you give the prize 🤣"
parang want ko magpalasik...,I kind of want to get LASIK...
super nagsstruggle nako sa labo ng eyes ko 😫,I'm really struggling with my blurry eyesight 😫
Happy for u mga burikats sana hnd kau tulad ng spaces beks na magpaparinigan sa twitter after meetup hahahaha. Labyu shurikats!,"Happy for you, girls, I hope you're not like those Spaces gays who subtweet each other after a meetup, hahaha. Love you, girls!"
Sa mahal na laps pag anjan si Jannie. Sure na. Bet na bet ni bakla butasan ng bulsa,The laps are expensive when Jannie is there. For sure. This gay guy loves to empty his pockets.
Ako nga yung kuripot di ba hahaha,"I'm the cheap one, right, hahaha"
Bakit FLOWERLD. parang typo tlga kahit anong convince ko sa brain ko na intentional sya,Why FLOWERLD? It really looks like a typo no matter how much I try to convince my brain it's intentional.
Bbm already had a drug test and it is negative. pdea already had the results. so there. Hindi nag cococaine si BBM.,"BBM already had a drug test and it is negative. PDEA already has the results, so there. BBM is not doing cocaine."
"Since it was submitted to PDEA, if deemed suspicious, I believe PDEA has the authority to request for another test, don't they? Para sa ikatatahimik ng LAHAT","Since it was submitted to PDEA, if deemed suspicious, I believe PDEA has the authority to request for another test, don't they? For everyone's peace of mind."
Parang sarap manakal today.. Pwede ka ba grammy?,"I feel like choking someone today.. Can you be choked, Grammy?"
Tang amats talaga sa mami e,Mommy's really something.
"update para sa mga buyers kong bogus. 
shoutout po sainyo @hpjss @hoonrkives @heejakeyysz @02zj_",Update for my bogus buyers. Shoutout to you @hpjss @hoonrkives @heejakeyysz @02zj_
YSGHHAHAHAHHAHAHAHA,YSGHHAHAHAHHAHAHAHHA
HAHAHAHA SEND PACKING VID NAMAN DIYAN HAHAHA,"HAHAHAHA SEND PACKING VID, PLEASE HAHAHA"
"AHHHHAHAHHHAHAHHAHHHH TANGINA MO HA SALAMAT, PACKING VID SANA 🥰","AHHHHAHAHHHAHAHHAHHHH F*CK YOU, BUT THANK YOU, PACKING VID, PLEASE 🥰"
tagal naman iship hays,"It's taking so long to ship, hays."
Parang gusto ko kumausap ng tao kung ano ang problema?,I feel like talking to someone about what the problem is?
Ang concept ng nct ay hindi para sa mga bobong katulad ko akdnsnsnsbbs buti nalang may mga galaxy brain nctzens,"NCT's concept isn't for dumb people like me, akdnsnsnsbbs, good thing there are galaxy brain NCTzens."
Parang gusto kong bagong sapatos 🤔🤣,I kind of want new shoes 🤔🤣
Parang ewan naman,It's kind of weird.
"kaduda-duda 🤔
parang may kasabwat somewhere 🙄😒😏",Suspicious 🤔 it's like there's an accomplice somewhere 🙄😒😏
SAMA TALAGA LOOB KO PARANG GUSTO KO NA IUNBOX YUNG MOTS DVD KO,"I'M SO UPSET, I KIND OF WANT TO UNBOX MY MOTS DVD NOW"
creepy umuulan dito tas ako na lang gising parang may nagsasalita na ewan putekjfsudfusd,"It's creepy, it's raining here and I'm the only one awake, it's like someone's talking, I don't know, putekjfsudfusd"
plssssssssdsddssd,Pleaseeeeeeeeeee
WAG MO NA KO GUGULUHIN. EKIS KA NA SA BUHAY KO MATAGAL NA! WALA KONG PAKE KUNG ANONG GAGAWIN MO SA BUHAY MO BASTA NANAHIMIK NA KO PARA SA SARILI KO! WALA NANG DAPAT IPALIWANAG! MASAYA NA KO SA KUNG ANO AKO NGAYON! I DESERVE MORE THAN YOU! BAHALA NA SI LORD MAGJUDGE,"DON'T BOTHER ME ANYMORE. YOU'VE BEEN OUT OF MY LIFE FOR A LONG TIME! I DON'T CARE WHAT YOU DO WITH YOUR LIFE, AS LONG AS I'M AT PEACE FOR MYSELF! THERE'S NOTHING LEFT TO EXPLAIN! I'M HAPPY WITH WHO I AM NOW! I DESERVE MORE THAN YOU! LET THE LORD JUDGE!"
HINDI NA MAHALAGA YANG I MISS YOU MO NA YAN PAGTAPOS LAHAT NG TRAUMA NA INABOT MO SAKIN! KALA MO MAPAPATAWAD KITA NG MADALIAN? PWES. YUNG KARMA DUMODOBLE. MANAHIMIK KA NARIN. MATAGAL NA KONG KUMAWALA. AYOKO NA NG GULO. OK?!,THAT 'I MISS YOU' OF YOURS ISN'T IMPORTANT ANYMORE AFTER ALL THE TRAUMA YOU'VE CAUSED ME! DO YOU THINK I'LL FORGIVE YOU EASILY? WELL. KARMA DOUBLES. JUST SHUT UP. I'VE BEEN FREE FOR A LONG TIME. I DON'T WANT TROUBLE ANYMORE. OKAY?!
"Parang ayoko pa lumipat sa office, mas gusto ko dito sa unit 🥲 Yung ibabyahe from Nexgen to Shore nakasleep na sana ako sa unit ko 🥲","I kind of don't want to move to the office yet, I prefer it here in my unit 🥲 The travel from Nexgen to Shore, I could've already been asleep in my unit 🥲"
‘Parang semifinals na!’ Face-off in Tawag ng Tanghalan wows judge Louie Ocampo - t.boyabunda.net/3FGD5Sz,'It's like the semifinals!' Face-off in Tawag ng Tanghalan wows judge Louie Ocampo - t.boyabunda.net/3FGD5Sz
"PARA SA MGA MEMA:
Top: Bongbong Marcos' 2021 Drug Test taken in St Luke's BGC, 2021, taken from 
Bottom: Cong. Rodolfo Albano's 2016 Drug Test taken in St Luke's BGC, , as uploaded by DZBB.
Same form, except that BBM's form includes the laboratory's l… rjnieto.me/2R4kXeC","FOR THOSE WHO JUST SPEAK TO SPEAK: Top: Bongbong Marcos' 2021 Drug Test taken in St Luke's BGC, 2021, taken from Bottom: Cong. Rodolfo Albano's 2016 Drug Test taken in St Luke's BGC, , as uploaded by DZBB. Same form, except that BBM's form includes the laboratory's l… rjnieto.me/2R4kXeC"
😍😇,😍😇
May binanggit bang FAKE FORMS?,Was there any mention of FAKE FORMS?
parang gago patulog palang ako saka pinatay ac🙂,"It's like a joke, I was just about to sleep and then they turned off the AC 🙂"
"For our incoming Stanworld Twitter voting, you might want to check your accounts and see if you are Shadowbanned or not. Thank you!
Here's the link: 
🔗: shadowban.eu
@SB19Official #SB19
#Bazinga_SB19","For our incoming Stanworld Twitter voting, you might want to check your accounts and see if you are Shadowbanned or not. Thank you! Here's the link: 🔗: shadowban.eu @SB19Official #SB19 #Bazinga_SB19"
"voting team patulong po, paano po ayusin yung reply deboosting? :< 
@SB19Official #SB19","Voting team, please help, how do I fix reply deboosting? :< @SB19Official #SB19"
Get well soon,Get well soon
salamat huhu,"Thanks, huhu."
should i change my layout or nah?,Should I change my layout or nah?
"trademark na yan, parang saakin, kaya diko na pinalitan😭","That's my trademark, like mine, that's why I didn't change it 😭"
bat nawala yung emoji mo sa dn hshshs,"Why did your emoji disappear from your DN, hshshs?"
"para sa formula of love ng twice yun eh, well matagal tagal na rin nirelease kaya tinanggal ko na","That was for TWICE's Formula of Love, well, it was released a long time ago, so I removed it."
Oi kyle karon ra ko ka dungog mag bisaya na tuloy tuloy. Grabe! Sarap mo pakinggan parang mas matanda ka pa kay anji. Nice kylito.,"Oh Kyle, this is the first time I heard you speak Bisaya continuously. Wow! You sound so good, like you're even older than Anji. Nice, Kylito."
yung urine test di daw sila maniwala.. parang gusto nila habang umiihi si BBM nakikita nila😅,They don't believe the urine test.. It's like they want to see BBM peeing 😅
"Kenneth natin maharot
@SB19Official #SB19
#Bazinga_SB19",Our Kenneth is flirty @SB19Official #SB19 #Bazinga_SB19
"HALA HAHHAHA PARANG KOPI DATE LANG NATIN YAN, DATE LANG TAWAG KO 😆 TRY NGA NATEN THIS WEEKEND, BUKAS TIGNAN KO SCHED","HALA HAHHAHA THAT'S LIKE OUR COFFEE DATE, I JUST CALL IT A DATE 😆 LET'S TRY IT THIS WEEKEND, I'LL CHECK MY SCHEDULE TOMORROW"
HAHAHAHAHAHAHAHAHAHA WALA EH. PARANG GALING LANG SA LAMAY,HAHAHAHAHAHAHAHAHAHA NOTHING. IT'S LIKE I JUST CAME FROM A WAKE.
"alam nyo ang grammys parang bogus seller/trader eh. yung pinasabik ka lang na meron sila ng prio mo tapos wala naman pala talaga, puro kayabangan lang. clout ganon","You know, the Grammys are like a bogus seller/trader. They get you excited that they have your priority, but then they don't really, just bragging. For clout, you know."
AWTS MAY PINAPATAMAAN KA B,"OUCH, ARE YOU REFERRING TO SOMEONE?"
oo sana matamaan at mahiya sila 😡,"Yes, I hope they get hit and feel ashamed 😡"
This user is nagtatrabaho para sa merch.,This user is working for merch.
Cute po ng username nyo parang Sans Rival hahahah,"Your username is cute, it's like Sans Rival, hahahah."
gigising ako ng maaga mamaya para sa inyo mga mahal q 🤸🤸🤸,"I'll wake up early tomorrow for you, my loves 🤸🤸🤸"
"ang grammys ay parang ako, walang kwenta","The Grammys are like me, worthless."
Hahahaha applicable to sa halos lahat ng YGAs songs 😂,"Hahahaha, this is applicable to almost all YGA songs 😂"
pati pampapatulog ko naka shuffle yga song sa spotify nasasabihan ako baliw matutulog nanga ang hype ng mga kanta bat daw yun pinapatugtug ahahahaaha,"Even my sleep playlist has YGA songs on shuffle on Spotify, they tell me I'm crazy, I'm about to sleep, but the songs are so hyped, why am I playing that, ahahaha."
HAHAHAHAHAH buti di ka nagugulat bes? 😂,"HAHAHAHAHAH, good thing you're not surprised, friend? 😂"
di naman bes naging lullaby nanga hahaha,"Not really, friend, it's become a lullaby, hahaha."
Di ko kaya besh. Instant party pag yg songs 😂😂,"I can't, friend. Instant party with YG songs 😂😂"
kaya inis na inis sila sakin kasi nga naka speaker pa ako madaling araw mga togtog parang nag party hahahaja,"That's why they're so annoyed with me, because I have speakers on at dawn, and the music sounds like a party, hahahaja."
Hahahahaha! Di sila sanay sa music ng YG 😂,Hahahahaha! They're not used to YG's music 😂
Parang ang hirap pag pumunta SKorea pag di kumakain ng spicy #SkzEmpire_Spaces,It seems difficult to go to South Korea if you don't eat spicy food #SkzEmpire_Spaces
Tanginang yan bits of angst lang ba yon 😭😭 parang dinurog durog puso ko pucha,"Damn, was that just bits of angst 😭😭 My heart feels crushed, heck."
yung sinumpong ka ng alstress ng kalambingan mo kaso naalala mo inaaway ka nya,"When your craving for affection suddenly hits, but then you remember they're mad at you."
tangina ano na goku,"Damn it, Goku, what now?"
akala koba tuturuan moko mag teleport,I thought you were going to teach me to teleport.
goku kukunin kona walong dragondballs,"Goku, I'm going to get the eight Dragon Balls."
goku nmn may uaasapan us dba,"Goku, didn't we have an agreement?"
pagsasaingan nmn kita ng limang kilo,I'll cook five kilos of rice for you.
goku po panget ka bonding,"Goku, you're a bad bonding companion."
ay wait hindi ata si goku yung marunong mag teleport?,"Oh wait, isn't Goku the one who knows how to teleport?"
dba nalipad lang yun,Doesn't he just fly?
yung kasama nya ata,It's probably his companion.
si naruto kaya marunong,Does Naruto know how?
mangheram nalang kaya ako ng pakpak ng manok,Maybe I should just borrow chicken wings.
ay tanga pala yumg manok parang ako,"Oh, I'm stupid, chickens are like me."
naturingang may pakpak di marunong mag fly ng matagal,They have wings but can't fly for long.
magnakaw muna ako sa bangko,I'll steal from the bank first.
brb nakaw muna ako,"BRB, going to steal something."
SALAMAT ARAWBUHAY SA BONUS GUSTO KO NA MAGTUMBLING BEH PARANG OKAY LANG AKO MAPAGOD THIS WEEK. CHAROT HAHAHHA,"THANK YOU ARAWBUHAY FOR THE BONUS, I WANT TO TUMBLE, BEH, IT'S LIKE I DON'T MIND BEING TIRED THIS WEEK. JUST KIDDING, HAHAHHA."
Gagi san//layp ipermanent wfh nyo nalang kami para masa masaya ang buhay everyday happiness in the world amen,"Damn, sunlife, just make us permanent WFH so life can be happier, everyday happiness in the world, amen."
"every time na nakikita ko si junghwan parang ang gaang sa pakiramdam i mean he's so soft, a baaaaby. must protect at all cost 😾","Every time I see Junghwan, it feels so light, I mean he's so soft, a baaaaby. Must protect at all cost 😾"
tamajayo,Right on.
Wala na bang pakulo Grammy? Parang nahihirapan pa kayong tanggalin ang White elitism sa akademiya niyo ah.,"No more gimmicks, Grammy? It seems like you're having a hard time removing White elitism from your academy, huh?"
nag Spaces pa kau !! leche,You even had Spaces!! Damn it!
Parang mga tanga! Ang Bobo talaga ng Grammy gosh nakaka loka.,"They're like idiots! The Grammy is really stupid, gosh, it's driving me crazy."
Ginamit lang nila ang BTS at ARMY para sa views,They just used BTS and ARMY for views.
BTS deserved a main category nom but anyway,BTS deserved a main category nom but anyway
@RecordingAcad  HEY MOTHER FUCKER!!! Tangina mo kasi ganto dapat mindset mo hindi yung parang cameo lang ginagawa mo sakanila!!!!!,"@RecordingAcad HEY MOTHER F*CKER!!! You *sshole, this should be your mindset, not treating them like they're just making a cameo!!!!!"
Uyyyy HAHAHAHAHAHAH parang walang class mamayang umaga ah HAHAHAHAHAHAA,"Uyyyy HAHAHAHAHAHAH it's like we won't have class tomorrow morning, ah HAHAHAHAHAHAA"
Hm po ba? interesado ako so much.,How much is it? I'm so interested.
Deputa timing talaga wala ang wifi nung climax na ang story parang nanonood lang ako ng drama sa mga nangyayari sa pbb shet,"Damn, the wifi was really out at the climax of the story, it's like I'm just watching a drama with what's happening in PBB, sh*t."
parang tanga kasi magdrive eh,Because he drives like an idiot.
"taena pag balik ko ng monday fiber nako!!!! hahahahhahaha parang same lang nung nag outing ako nung july, pag balik ko ibang team na!!! hahahah may sumpa ata. jusko","Damn, when I come back on Monday, I'll be on fiber!!!! Hahahahhahaha, it's like when I went on an outing last July, when I came back, it was a different team!!! Hahahah, it must be a curse. Geez."
Feeling ko talaga si Chang Yoon ang stalker. Baka naiinis na sya sa kakulitan ni Rocky... Char lang!!! 😂😂😂 Jusmeyo... pinapasakit lalo ng FMIYC ang ulo ko 🙃🙃🙃,I really feel like Chang Yoon is the stalker. Maybe he's annoyed with Rocky's persistence... Just kidding!!! 😂😂😂 Goodness... FMIYC is making my head hurt even more 🙃🙃🙃
"Kunting araw n lng bunso makikita kana ulit namin
WeMissYouMahMygz
#MygzMolino","Just a few more days, little one, we'll see you again. WeMissYouMahMygz #MygzMolino"
"Ang gwapo mo talaga Attorney.
Sana makita ka namin ulit na kagaya yong ngiti mona kasama mo pa si ate Mahal.
WeMissYouMahMygz 
#MygzMolino","You're so handsome, Attorney. I hope we see you again with that smile of yours, with Ate Mahal. WeMissYouMahMygz #MygzMolino"
HOY ANG CUTE NG 🥺 NI HOBI PARANG GUSTO KO IBULSA,"HOY, HOBI'S 🥺 IS SO CUTE, I FEEL LIKE PUTTING IT IN MY POCKET."
parang ang tagal mag 3am 🥲,It feels like 3 AM is taking forever to arrive 🥲
konting araw na lang countdown na naman para sa birthday ko huhu apaka bilis,"Just a few more days until my birthday countdown again, huhu, time flies so fast!"
pati stan account ko ginagamit ko na para sa confirmation email na yan ajxkabs walanjo naman huhu,"I'm even using my stan account for that confirmation email, ajxkabs, this is ridiculous, huhu."
Sarap umunat ng umunat parang may kalawang yung buto mo HAHA.,"It feels so good to stretch and stretch, like your bones are rusty HAHA."
"Hindi ako makatuloggg nag-aalala ako para sa KyJi, sobra na talaga to @/PBBabscbn pls do something Kuyaa, mental health na po ang apektado dito pati kaming mga viewers nagkakaanxiety na dinn myghadd😭💔
#KyJi","I can't sleep, I'm so worried about KyJi, this is too much @/PBBabscbn please do something Kuya, their mental health is being affected here, and we viewers are getting anxious too, myghadd😭💔
#KyJi"
Jan mo na ako yabangan pag di kana piyok mag perform😉,You can brag to me when your voice doesn't crack anymore when you perform 😉
Pinag iponan nya yan eh kaya di din nabayaran yung sa ama kasi nag ipon para sa gurang,"She saved up for that, that's why she couldn't pay for her father's expenses because she was saving up for the old person."
parang gusto ko magbasa ulit ng au kasi gusto ko ulit masaktan x.com/i/spaces/1yNGaYDmbqbGj,I feel like reading an AU again because I want to get hurt again x.com/i/spaces/1yNGaYDmbqbGj
mas maiging magbilang ng kabutihan kesa sa mga pgkakamali .. may mga bagay o nagawa tau na di natin pede bawiin o ibalik pro lagi tau may pagkakataon para baguhin at gumawa pa ng mas maganda di lang para sa sarili natin kundi para sa lahat..,"It's better to count blessings than mistakes.. there are things we've done that we can't take back or undo, but we always have a chance to change and do something better, not just for ourselves but for everyone.."
"Naniniwala at minsan kumakapit pa din naman ako sa salitang 'may magandang plano si Lord sayo' or 'may kanya-kanya tayong timeline' lugmok ka man ngayon, baka a few years after okay ka na. Or baka mag start yung timeline mo pag 50s ka na or older.","I still believe and sometimes hold on to the words 'Lord has a good plan for you' or 'we all have our own timelines.' Even if you're down now, maybe a few years after, you'll be okay. Or maybe your timeline will start when you're in your 50s or older."
"Pero sa araw-araw na nararanasan ko parang di ko na kaya hintayin. Ayoko na boy, suko na ko. Pagod na pagod na ako sobra. Sinubukan ko naman lumaban. Kinakaya ko everyday, but now I'm done. Ayoko na.","But with what I'm experiencing every day, I feel like I can't wait anymore. I don't want to anymore, boy, I give up. I'm so, so tired. I tried to fight. I'm trying every day, but now I'm done. I don't want to anymore."
"PARA SA MGA MEMA:
These are printouts of the IDTOMIS entries for BBM's 2021 drug test taken in St. Luke's BGC, and Cong. Albano's 2016 test taken in the same facility.
Again...
Top: Bongbong Marcos' 2021 Drug Test taken in St Luke's BGC, 2021, taken f… rjnieto.me/3DHURnU","FOR THOSE WHO JUST SPEAK TO SPEAK:
These are printouts of the IDTOMIS entries for BBM's 2021 drug test taken in St. Luke's BGC, and Cong. Albano's 2016 test taken in the same facility.
Again...
Top: Bongbong Marcos' 2021 Drug Test taken in St Luke's BGC, 2021, taken f… rjnieto.me/3DHURnU"
Ayan!May ebidensya na ayaw pa maniwala..bigyan mo nang legit source maninira parin hayyy...pano pa kaya pag nadismiss yung petition nila kay BBM at manalo sa 2022??ewan ko sa inyo mga bulag sa katotohanan..isipin nyo yung bayan at kinabukasan hindi yung pansariling interes lang!,"There! There's evidence and they still don't want to believe.. give them a legitimate source and they'll still criticize, hayyy... what more if their petition against BBM is dismissed and he wins in 2022?? I don't know what to say to you, you who are blind to the truth.. think about the country and the future, not just personal interests!"
"Ahh di porket Negative di na A.Dik..
A.Dik as in Anak ng Diktador.
A.Dik parin yung BBM mo.
Hahahha","Oh, just because he's Negative doesn't mean he's not an A.Dik..
A.Dik as in Anak ng Diktador (Child of a Dictator).
Your BBM is still an A.Dik.
Hahahha"
Dami Bitter,So many bitter people.
😂😂😂,😂😂😂
Dapat daw kasi sa PDEA SYA NAGPADRUG TEST AT DI SA ST.LUKES BAKA DAW KESYO DINAYA...UTAK NG MGA DILAWAN NAPUNTA NA SA TALAMPAKAN E.😂,"They're saying he should've gotten a drug test at PDEA and not St. Luke's, because it might have been rigged... the brains of the 'Yellows' have gone down to their feet already. 😂"
Ooh dyivaa ano masasabi nyo ngaun ?? 😆,"Oh diva, what do you have to say now?? 😆"
Ano pong meron jan ? except for same ang head ng lab. nila  😑,What's the deal there? except for the same head of their lab. 😑
"Diploma nga nya napepeke, Drug test result pa kaya? Hahaha!  Sa mismonh PDEA ka magpatest kung talagang negative ka sa paggamit ng cocaine. Tama na ang panloloko nyo sa taumbayan!","His diploma can be faked, what more a drug test result? Hahaha! Go get tested at PDEA itself if you're really negative for cocaine. Stop fooling the public!"
Daming dahilan basta talonan.,"Many excuses, typical of a loser."
Bakit parang si @SAPBongGo e hndi pa nagpapa drugtest? D porket dikit ni PDuts e ligtas na sa drugtest! Etong si @lenirobredo naman dami pang kuda d nlng magpadrugtest.gusto unannounced pa d sana kht walang pnawagan dati nauna na sya nagpatest.. pfffftt!,"Why does it seem like @SAPBongGo hasn't had a drug test yet? Just because he's close to PDuts doesn't mean he's exempt from drug testing! And @lenirobredo has so many excuses instead of just getting tested. She wants it unannounced, but she could have just gotten tested before, even without a public call for it.. pfffftt!"
"Pag Pinklawan kasi mga ignorante yan, never pa ata silang nagpadrug test, baka takot? Kasi positive yun kalalabasan, ignorante rin  sila sa format ng drug test na naka link sa database ng DOH, here's my drug test before sa Medicard Alabang, same format with St Luke's Hospital💯","Because 'Pinklawan' are ignorant, they probably haven't had a drug test yet, maybe they're scared? Because it might turn out positive, they're also ignorant about the format of drug tests linked to the DOH database, here's my drug test before at Medicard Alabang, same format with St Luke's Hospital💯"
"Nakakawala naman kase ng tiwala etong si BBM, given his history ng mga kasinungalingan parang kasalanan na ang maniwala sa kanya!","BBM really makes you lose trust, given his history of lies, it feels like it's a sin to believe him!"
"pag fans talaga ni madumb alams na, sinalo nyo lahat at salamat konti lang kayong mga tanga!!!🤪😂🤣✌️👊","When it's Madumb's fans, you already know, you took all of it and thanks, there are only a few of you idiots!!!🤪😂🤣✌️👊"
BBM SOLID.,BBM SOLID.
wala man lang remarks na PASSED or NEGATIVE FOR COCAINE. sinong niloko niyo? mga tanga (bbm supporters) lang maniniwala dyan🤣✌️,There are no remarks like PASSED or NEGATIVE FOR COCAINE. Who are you fooling? Only idiots (bbm supporters) would believe that 🤣✌️
pati ba naman drug test result pinepeke,Even drug test results are being faked.
🤣,🤣
Jusko kng si Taylor pa ung mananalo parang meh na ang Grammys. Teh magpahinga ka naman kakarelease ng music and album. Di ka ba napapagod?,"Jusko, if Taylor wins, the Grammys will feel so 'meh'. Girl, you need to rest from releasing music and albums. Aren't you tired?"
"nung lumapit si tj kay anji at shai then sinabi ni shai, na parang feeling ni anji you think of her as flirt/papansin,
tj said: no, bakit namin iisipin yun?
then anji suddenly break down at umiyak ulit. grbe na tlagang emotional stress yung ginagawa niyo sa dalawa!","when tj approached anji and shai, then shai said that anji felt you think of her as a flirt/attention-seeker,
tj said: no, why would we think that?
then anji suddenly broke down and cried again. the emotional stress you're putting on the two of them is really too much!"
Mag workout na talaga ako promise huhu,"I'm really going to work out, I promise, huhu."
di na ako maga alarm para sa quiz sa statics <333,I'm not setting an alarm for the statics quiz anymore <333
simple edit lang to para sa inyo #HAPPYTWENIFORMIWO,This is just a simple edit for you all #HAPPYTWENIFORMIWO
Watching Hellbound rn at GUSTO KONG MANAPAK nakakaasar skdhslahd,Watching Hellbound right now and I WANT TO PUNCH SOMEONE it's so annoying skdhslahd
Di ba nakaka-stress!!! Pero tinapos ko pa rin hahahah,Isn't it stressful!!! But I still finished it hahahah
Kakatapos ko lang ang daming eme HAHAA pero ang pangit talaga nung baby,"I just finished it, so many antics HAHAA but the baby was really ugly."
Di nak talaga mapagsao no nabadtrip nakon,"I really can't speak anymore, I'm in a bad mood."
Hindi na kayo nagtanda 🤷🏻‍♀️,You guys never learn 🤷🏻‍♀️
Kaya nga.. Hahahaha,Exactly.. Hahahaha
User lang naman yang si Guramis.,Guramis is just a user.
Syempre alam na di matitiis ng fans na hindi panoorin e,"Of course, they know the fans won't be able to resist watching it."
"Naiintindihan ko pa rin naman sila why. Andun yung support kasi talaga, nagagamit lang talaga.","I still understand them why. The support is really there, it's just being used."
Kahit ako. Para sa boys support talaga.. Kingina talaga nuh di nawawala mga user sa mundo.,"Me too. For the boys, it's really support.. Damn, users never disappear from the world."
"Lantaran lang talaga si Guramis, laughing stock na sila years ago mas lang ngayon. B/TS will always be the standard. Ehe, whipped yern 🥰","Guramis is just openly being one, they've been a laughing stock for years, even more so now. B/TS will always be the standard. Ehe, whipped, right 🥰"
THIS IS- WTF NASASAKTAN AKO PARA SA KANILA 😭😭,THIS IS- WTF I'M HURTING FOR THEM 😭😭
"Bangtan, pag nakakuha na kayo ng win, lumayo na kayo sa putanginang yan,,, parang awa nyo na","Bangtan, once you get a win, stay away from that damn thing,,, please, for your sake."
parang mali order nung posts ni jongin ? HAHAHAH gagalet na nanaman  yan,It seems like Jongin's posts are out of order? HAHAHAH he's going to get mad again.
"If I were a multimillionaire, I'd fund, help, and defend this guy at all cost. 
Mga OGAG talaga ang nasa PATAFA for doing this to our athletes. You could've settled this privately. Pero you want to fill your pockets first and demoralize EJ, 'di ba?","If I were a multimillionaire, I'd fund, help, and defend this guy at all cost.
Those idiots in PATAFA for doing this to our athletes. You could've settled this privately. But you want to fill your pockets first and demoralize EJ, right?"
oh ʼdi ba hindi haphy endgame,"Oh, see, it's not a happy ending."
Parang nakatambay laang,It's like just hanging out.
Minamadali Ang shutek HAHAHAHAHAHAAHAHA,They're rushing the thing HAHAHAHAHAHAAHAHA
Kaya nga e shuta lang e HAHAHAHA. parang kailan lang nag bobotohan pa tayo sa different platforms no,"Exactly, it's just messed up HAHAHAHA. It feels like just yesterday we were voting on different platforms, no?"
paki explain po Sir @bongbongmarcos paki inform po if legit ito? dahil ayaw ko po masira ang SOON TO BE PRESIDENT BBM natin✌️<3 #BBMSARA2022  pctto:","As a concerned supporter of our beloved BBM, forms are being released and they are charging 200 pesos for an ATM, 
please explain Sir @bongbongmarcos, please inform if this is legitimate? Because I don't want our SOON TO BE PRESIDENT BBM to be tarnished ✌️<3 #BBMSARA2022 pctto:"
grabe talaga glow at kagwapuhan ni bobby now shuta iba talaga pag nasa tamang tao na,"Bobby's glow and handsomeness now are really something, damn, it's really different when he's with the right person."
"Rivaldo Todd Ferre resmi tidak akan berlaga sampai akhir musim, setelah Komdis PSSI menjatuhkan hukuman satu tahun larangan bermain kepada Ferre. 😳
Hal itu diakibatkan karena Ferre melakukan protes keras saat Persipura takluk atas Bali United.
goal.com/id/berita/pemain-pe…","Rivaldo Todd Ferre will officially not compete until the end of the season, after the PSSI Disciplinary Committee handed down a one-year ban to Ferre. 😳
This was due to Ferre's strong protest when Persipura lost to Bali United.
goal.com/id/berita/pemain-pe…"
Protes sambil bawa parang kah ? Sampai harus dihukum 1 tahun...,Did he protest while carrying a machete? To be banned for 1 year...
pano naman nila isasali yun? eh parang bgm lang nun ng kids show,How would they include that? It's like background music for a kids' show.
di ko sila gets nanahimik na biglang idadamay nila ang exo. Nakakagigil. 😭,"I don't get them, they were quiet then suddenly they're dragging EXO into it. It's infuriating. 😭"
"mga krazy ppl, bat naman parati😭 isaksak nila sa baga yung achievements ng faves nila emz, just stop mentioning exo noh anong kasalanan nila na hindi sila nanom1nate?😭","Crazy people, why always 😭 they should shove their faves' achievements down their throats, emz, just stop mentioning exo, what did they do wrong that they weren't nominated? 😭"
HAHAHAHAHAHAHAHAHAA bgm ng kids show 😭😭😭,HAHAHAHAHAHAHAHAHAA kids' show BGM 😭😭😭
"yessss ate char, pang clown😭","Yessss Ate Char, clown-like 😭"
ano meron???,What's up???
hindi na nominate yung bst ate jinmarie sa gr4mmys tas mention nanaman nila exo,"BST wasn't nominated at the Grammys, Ate Jinmarie, and now they're mentioning EXO again."
parang gago talaga ginagamit lang yung bts kutusan ko bunbunan mo e,"It feels like they're just using BTS, I'd smack their heads."
nagpuyat ako para sa wala ediwow grammys 🤡🤡🤡,"I stayed up for nothing, oh well, Grammys 🤡🤡🤡"
bat parang mas bet ko hampasin ung tao kesa ung bola 😃😃,Why do I feel like hitting the person more than the ball 😃😃
or si dawn chang para ma-rl talk ‘tong dalawa. parang bata kung umasta,Or Dawn Chang to give these two a 'real talk'. They act like children.
Last na 'to. Pero parang tanim bala lang sa pinas. 😂,This is the last one. But it's like the 'tanim bala' (bullet planting) scam in the Philippines. 😂
"Una pa lang ayoko na si K para maging kaloveteam ni C halata namang ayaw ni chin maging sila talaga bakit parang pinapalabas ni K na napipilitan lang siya may statement nga yung mom ni K naghihintay si K kay C kasi bawal pa siya sabi nga ni chin 21 pa syapwede
FREE FRANCINE DIAZ","From the start, I didn't want K to be C's loveteam, it's obvious Chin doesn't really want them to be together, why does K make it seem like he's just being forced? K's mom even made a statement that K is waiting for C because she's not allowed yet, Chin said she's only 21 and she can
FREE FRANCINE DIAZ"
parang gusto ko na maiyak sa unkown charge,I feel like crying over the unknown charge.
bakit parang kasalanan ko? 🥺,Why does it feel like it's my fault? 🥺
"I set my expectations really low this time.
But damn it. Im disappointed","I set my expectations really low this time.
But damn it. I'm disappointed"
MOOD,MOOD
Parang gusto kong magbasag ng plato.,I feel like smashing plates.
parang hoseok bias ako ngayon,I feel like I'm a Hoseok bias now.
"Ako lang ba or good job naman sa Hybe kasi di nagooverlap mga merch ng artists nila. HAHAAHHA as a marupok parang bet pakyawin TXT, ENHA saka SVT","Is it just me or Hybe did a good job because their artists' merch doesn't overlap. HAHAAHHA as someone easily swayed, I feel like buying all of TXT, ENHA, and SVT's stuff."
Natapos ko naman Art of War pero parang ayaw ko nang lumaban us2 q na lang magpahinga forevs :>,"I finished 'Art of War' but I don't feel like fighting anymore, I just want to rest forever :>"
MAMI HAHAHAHAHAHAHAHAHAHA,MAMI HAHAHAHAHAHAHAHAHAHA
yung timing kasi?????? kingina bwiset e,"The timing though?????? Damn it, it's annoying."
kahit ako nabwisit parang sinasadya eh tampalin ko yon,"Even I got annoyed, it feels intentional, I'd slap that person."
atsaka sana wala akong marinig na baby mochi baka matampal ko siya,And I hope I don't hear 'baby mochi' or I might just slap him.
uy oo !! kapal ng mukha tawagin niyang baby mochi si mimi,Oh yes!! He has the nerve to call Mimi 'baby mochi'.
"i started collecting a year ago and each pc gave me endless comfort during a time when nothing felt worthwhile so letting most of them go was so difficult for me..,,.. but doing so also made my wildest dreams come true aaa see you on our spring day @BTS_twt 🥰🥺💫","i started collecting a year ago and each pc gave me endless comfort during a time when nothing felt worthwhile so letting most of them go was so difficult for me..,,.. but doing so also made my wildest dreams come true aaa see you on our spring day @BTS_twt 🥰🥺💫"
i just settled in jrksjd SEE YOU SOON 🥺,i just settled in jrksjd SEE YOU SOON 🥺
IT’S SO HOT HUBADERA FRIENDLY WAHDJAHS parang night weather back at home lang rn i hope it stays jfksjd,"IT’S SO HOT HUBADERA FRIENDLY WAHDJAHS it's like night weather back at home right now, i hope it stays jfksjd"
"sino ba naman ako para ayain kumain ng pares 'di ba?
@SB19Official #SB19 
#JOSHTIN","Who am I to be invited to eat pares, right?
@SB19Official #SB19 
#JOSHTIN"
"Alam mo Kung ayaw nyo ung tao do not vote for him, parang ang talino mo. Pakialam nmin kung doon nagwork relative mo. Research ka muna bago ka mag accuse. Yan ang format ng mga drug test - walang pagandahan ng itsura. Use your brain #BBMSARA2022","You know, if you don't like the person, do not vote for him, you think you're so smart. What do we care if your relative worked there. Do your research first before you accuse. That's the format of drug tests - it's not about how pretty it looks. Use your brain #BBMSARA2022"
Gagwapo ng mga batang to grrrrr hahahahahahah parang ang tanda kuna ah,These kids are so handsome grrrrr hahahahahahah I feel so old now.
Kapag nag Stay tanga agad? Di ba pwedeng Totoo talaga yung Tao?,"If they stay, they're immediately stupid? Can't it be that the person is just genuine?"
nagseselos kaba HAHHAHAHAHAHAHAH tanginamo ikaw lang naman eh parang gago to,"Are you jealous HAHHAHAHAHAHAHAH damn you, it's just you, this is ridiculous."
sa una lang yan,That's only at first.
HAHAUAHAHAHAHAAH totoo oklang kahit panandalian basta makapiling lang ng lambing charot,"HAHAUAHAHAHAHAAH it's true, it's okay even if it's temporary as long as I can be with affection, charot."
Parang first time ko ulit makahinga haha,It feels like I can breathe again haha.
saka ano there's doubt😭 parang if my parents are not willing then I won't. saka andaming what ifs and feeling ko di ko naman maeexplain lahat sa therapists sa sobrang gulo ng utak ko,"Also, there's doubt 😭 it's like if my parents are not willing then I won't. And there are so many what ifs and I feel like I won't be able to explain everything to therapists because my mind is so messy."
di ba kayo nanonood sa grammys?,Aren't you guys watching the Grammys?
nanonood piii,"Watching, sis."
"sayout.me/say/rubydolllight
Hi! Feel free to message me in here, kasi natatabonan mga dms nyo kaya here nalang :))","sayout.me/say/rubydolllight
Hi! Feel free to message me in here, because your DMs get buried, so here instead :))"
"- oo na mahal @1NT0JEN
- ka","- Yes, my love @1NT0JEN
- Ka"
"- hindi gago
- kiligin na ba'ko be? @minshui_
- bukas na","- No, you idiot
- Should I swoon, babe? @minshui_
- Tomorrow"
"- very good 5 points
- pake mo @03spicyzz","- Very good, 5 points.
- What's it to you, @03spicyzz?"
#NAME?,Invalid input.
"- hindi naman mukhang ikaw to di ba? @03spicyzz pero sa true lang
- ilyt","- This doesn't look like you, right, @03spicyzz? But seriously,
- I love you too."
#NAME?,Invalid input.
#NAME?,Invalid input.
#NAME?,Invalid input.
"THEY'RE ACTUALLY SPEAKING FACTS THO 
#Grammyspace
x.com/i/spaces/1dRKZlonNLMJB","They're actually speaking facts though. #Grammyspace
x.com/i/spaces/1dRKZlonNLMJB"
I'm listening too! And I'm entertained as long as they don't talk shiz about the boys 😃,I'm listening too! And I'm entertained as long as they don't talk shit about the boys 😃
yes ! also they be spitting facts,"Yes! Also, they be spitting facts."
Yes! But the chipmunk voice lmao 😭,"Yes! But the chipmunk voice, lmao 😭"
Nate's literally pissed HDJAJAAKKANAKAN,Nate's literally pissed HDJAJAAKKANAKAN
May pa Q & A portion sila OMG,"They have a Q&A portion, OMG."
AHAHAHAHA parang ol class lang,AHAHAHAHA It's like an online class.
"💜💜💜💜 IT'S 💜💜💜💜
💜💜💜💜 BTS 💜💜💜💜 
💜💜💜💜 DAY 💜💜💜💜
💜💜💜💜 AT    💜💜💜💜
💜💜💜💜 LATE 💜💜💜💜 
💜💜💜💜 LATE 💜💜💜💜 
💜💜💜💜 SHOW 💜💜💜💜","💜💜💜💜 IT'S 💜💜💜💜
💜💜💜💜 BTS 💜💜💜💜
💜💜💜💜 DAY 💜💜💜💜
💜💜💜💜 AT    💜💜💜💜
💜💜💜💜 LATE 💜💜💜💜
💜💜💜💜 LATE 💜💜💜💜
💜💜💜💜 SHOW 💜💜💜💜"
MUKHA BA KAMI NATUTUWA DEPUTA KANG BARNEY KA PARANG DI MO TINAWAG BTS NA UNUSUAL TAPOS ANO ULIT YON ARMYS BUNCH OF 15 YEAR OLD BOANG KA BARNEY,"DO WE LOOK HAPPY, YOU DAMN BARNEY? IT'S AS IF YOU DIDN'T CALL BTS UNUSUAL AND THEN WHAT WAS IT AGAIN, ARMYS A BUNCH OF 15-YEAR-OLDS, YOU'RE CRAZY, BARNEY."
Ang sarap magsabi ng masasamang.. mga words 🥴,It feels good to say bad... words 🥴
IINIS AKOO ANO BA YAN,"I'M GETTING ANNOYED, WHAT IS THIS?"
SAMEE LANGYA AYAW TALAGA INOMINATE,"SAME! DAMN IT, THEY REALLY REFUSE TO NOMINATE THEM."
"TAPOS TINAKPAN PA FACE NILA HABANG NAG A-ANNOUNCE, HABANG SA IBA LINAGAY SA SIDE ANO YUN?","AND THEN THEY COVERED THEIR FACES WHILE ANNOUNCING, WHILE FOR OTHERS, IT WAS PUT ON THE SIDE, WHAT'S UP WITH THAT?"
ONGA TAKA DIN AKO EHH DI BA NILA KAYA IPAGKASYA YUN ICOCOMPRESS LANG NAMAN ANG VID EH GIGIL GRR,"YEAH, I WAS WONDERING TOO. CAN'T THEY FIT IT IN? THEY JUST NEED TO COMPRESS THE VIDEO. SO ANNOYING, GRR."
"""Why do you freaking care...kung buntis talaga ko?"" 
""I have the right to know!""
""Anong pakialam mo? 'Di ba kayo na ni Erica? Gavin...sa dinami-dami ba naman ng babae, bakit siya pa? Bakit si Erika pa?"" #THATHSecretIsOut","""Why do you freaking care...if I'm really pregnant?""
""I have the right to know!""
""What do you care? Aren't you and Erica together? Gavin...among all the women, why her? Why Erika?"" #THATHSecretIsOut"
"""I'll be okay kahit na ako lang mag-isa because I'll have our baby!"" -Dom
""Our baby? Sigurado ka bang akin 'yan? Hindi kaya 'yan anak ng lalaki mo?"" -Gavin
#THATHSecretIsOut | @GMADrama","""I'll be okay even if I'm alone because I'll have our baby!"" -Dom
""Our baby? Are you sure it's mine? What if it's your other guy's child?"" -Gavin
#THATHSecretIsOut | @GMADrama"
di ba naman sumama loob mo pota kayo grammys,"Didn't you feel bad? Damn you, Grammys."
Parang kami lang nung gdm late night talk days😭,It's like us during the GDM late-night talk days 😭
3rd year na dapat ako now sa devcom.  Almost 1 and half years nalang sana graduate na. Bakit pagpasok ko sa vetmed parang freshie palagi ang level ng knowledge ko. Kaloka.,"I should be a 3rd-year in DevCom now. I would have graduated in almost 1 and a half years. Why is it that when I entered VetMed, my knowledge level always feels like a freshie? Crazy."
"Army: galit
James Corden:💜💜💜💜💜BTS💜💜💜
Parang tanga","Army: angry
James Corden: 💜💜💜💜💜BTS💜💜💜
Acting stupid."
mukang wtf ampota punyawa,"Looks like 'wtf,' damn it, curses."
Whatizdiz acting??? 🤣🤣🤣 #GoldenBlood,What is this acting??? 🤣🤣🤣 #GoldenBlood
"Thai BL~
Start of the series~
Uke Male Lead: ""I'm straight! I like girls! I will only date girls!""
By mid-series~
Uke Male Lead: ""Cocks aren't that bad, but I will never take it in the ass!""
By the end of the series~
Uke Male Lead: ""Oh yeah, rip my ass apart, Daddy!""
🤣🤣🤣","Thai BL~
Start of the series~
Uke Male Lead: ""I'm straight! I like girls! I will only date girls!""
By mid-series~
Uke Male Lead: ""Cocks aren't that bad, but I will never take it in the ass!""
By the end of the series~
Uke Male Lead: ""Oh yeah, rip my ass apart, Daddy!""
🤣🤣🤣"
"Tumama sa kaliwang parte ng ulo, pero kanan ang dumugo...whatizzz attention to detail? 🤣🤣🤣 #GoldenBlood","Hit the left side of the head, but the right side bled... what is this attention to detail? 🤣🤣🤣 #GoldenBlood"
"Why don't these women know how or when to say no? May bibig naman, di magsalita, dyusme...","Why don't these women know how or when to say no? They have mouths, why don't they speak, my goodness..."
Halos lahat ng mga babae sa Thai BL series mga walang gaydar ano po? Or pinagpipilitan nila sarili nila sa lalaking gusto ay tahong at hindi ang talong.🤣🤣🤣 #GoldenBlood,"Almost all the women in Thai BL series have no gaydar, right? Or they're forcing themselves on a man who likes 'tahong' (vagina) and not 'talong' (penis). 🤣🤣🤣 #GoldenBlood"
That flying punch...I've seen that on Advance Bravely and the Lost Tomb before,That flying punch...I've seen that on Advance Bravely and the Lost Tomb before.
Di ako sanay na nakikita yung tatay ni Type na seryoso at kontrabida hahahaha,"I'm not used to seeing Type's father being serious and a villain, hahahaha."
Medyo marunong umarte si Sun...medyo...may microexpressions sya na okay.,Sun can act a bit... a bit... he has okay microexpressions.
There is an awkwardness to some Thai BL can be equal parts adorable and cringe-worthy 🤣🤣🤣 #GoldenBlood,There is an awkwardness to some Thai BL that can be equal parts adorable and cringe-worthy 🤣🤣🤣 #GoldenBlood
Some actors really need to go through movement classes.  They'd benefit so much from being aware of their own bodies and its capabilities.,Some actors really need to go through movement classes. They'd benefit so much from being aware of their own bodies and its capabilities.
"Guys, if you want to incapacitate a female assassin, kick her in the boobs then the jugular. If the assassin's a guy, hit the balls, then a palm strike or karate chop to the neck, right at the Adam's apple.
Even someone like ME knows that, geezaz...","Guys, if you want to incapacitate a female assassin, kick her in the boobs then the jugular. If the assassin's a guy, hit the balls, then a palm strike or karate chop to the neck, right at the Adam's apple.
Even someone like ME knows that, geezaz..."
Cute ni Bank and ni Pitch hahaha! The two idiots 🤣🤣🤣,"Bank and Pitch are cute, hahaha! The two idiots 🤣🤣🤣"
I am asking this again: why are the girls in Thai BL always clueless annoying cunts? Wala bang babaeng may gaydar dun? 🤣🤣🤣,"I am asking this again: why are the girls in Thai BL always clueless, annoying cunts? Are there no women with gaydar there? 🤣🤣🤣"
These two idiots are so entertaining hahahahahahaha,"These two idiots are so entertaining, hahahahahahaha."
"Bakit ambobobo at manhid ang mga babaeng 'to??? I swear to god, these are the most annoying and stereotypical depiction of girls. Kainis ha...","Why are these women so stupid and oblivious??? I swear to god, these are the most annoying and stereotypical depiction of girls. So irritating, ha..."
What's up with the Avengers-type music???,What's up with the Avengers-type music???
Why happy music when the scene was clearly sad? Who the fuck edited this series?????,Why happy music when the scene was clearly sad? Who the fuck edited this series?????
"Anubaaaa...in a real street fight, there's no such thing as a moral code so you can hit below the belt all you want. Once the nuts are scrambled, THEN, you bash their brains in. Geezaz...","Come onnn... in a real street fight, there's no such thing as a moral code so you can hit below the belt all you want. Once the nuts are scrambled, THEN, you bash their brains in. Geezaz..."
Hindi mo napansin na hindi nakatali at mas malaki ang katawan nya kesa kay Sky? Bulag or tanga? You decide...,Didn't you notice that he wasn't tied up and his body was bigger than Sky's? Blind or stupid? You decide...
"At that short distance, that bullet should have been a through-and-through. Hay...no attention to details whatsoever...","At that short distance, that bullet should have been a through-and-through. Sigh... no attention to details whatsoever..."
"You know you shouldn't be raising a heplocked hand like that, right? Geez...people! Attention to detail, people!","You know you shouldn't be raising a heplocked hand like that, right? Geez...people! Attention to detail, people!"
Wala akong kilig na nararamdaman para sa mga CP na 'to...,I don't feel any 'kilig' (romantic thrill) for these couples...
"Kelangan talaga madevelop ang gaydar ng mga babae sa mga Thai BL drama para hindi na sila umaasa sa tite na tite din ang hanap, hahahaha","Women in Thai BL dramas really need to develop their gaydar so they don't keep hoping for a dick that's also looking for a dick, hahahaha."
They don't enjoy kissing each other...obvious eh..,They don't enjoy kissing each other... it's obvious..
There was no care given to how the love scene was going to be handled. That's not how 2 men fuck. I'm a woman and even I know the logistics. Sheesh...,There was no care given to how the love scene was going to be handled. That's not how 2 men fuck. I'm a woman and even I know the logistics. Sheesh...
"Honestly, the script seemed good, and if it was handled with the same care as Lovely Writer or A Tale of a Thousand Stars, Golden Blood would've been awesome. But bad acting and poor attention to detail can truly make or break a series, and this is no exception.","Honestly, the script seemed good, and if it was handled with the same care as Lovely Writer or A Tale of a Thousand Stars, Golden Blood would've been awesome. But bad acting and poor attention to detail can truly make or break a series, and this is no exception."
"Rather than watching #GoldenBlood, just watch #WhereYourEyesLinger. It's clearly the more superior of the 2 dramas. It has a better script, better acting, and better-looking leads, hahaha!","Rather than watching #GoldenBlood, just watch #WhereYourEyesLinger. It's clearly the more superior of the 2 dramas. It has a better script, better acting, and better-looking leads, hahaha!"
unmute <3,unmute <3
daddy’s home on loop para sa mga takot matulog AHAHHAAHHSHSHAAJ,Daddy's home on loop for those afraid to sleep AHAHAHHAAHHSHSHAAJ
Bkit lagi nominated tong oliv1a rodr1g0 na to pero bts hindi?????,Why is this Olivia Rodrigo always nominated but BTS isn't?????
Di ba!? 🤢🤢🐍🐍🐍,Right?! 🤢🤢🐍🐍🐍
The gummys should be thankful 875 are making them relevant. But when they get tired of their bull sh**s i swear to God youll be the most irrelevant piece of **it.,"The Grammys should be thankful 875 (BTS) are making them relevant. But when they get tired of their bullshit, I swear to God, you'll be the most irrelevant piece of shit."
Dika naman gakit nyan....,You're not angry about that....
Galit ako actually. Ginamit na naman nila 875 para sa  views,I am actually angry. They used 875 (BTS) again for views.
Tapos nag announce sila isang category lang ....,And then they announced only one category....
ayy parang tanga yuns,"Oh, that's stupid."
Im honestly dont know whats happening  to me lately.,I honestly don't know what's happening to me lately.
Kung san pako magaling. Andming question now sa utak ko... “San bako talaga” “ san bako magaling” “nakatapos naman ako bat parang biglang nawala path ko” or maybe I was to expose sa social media? People in soc meds are too far from my situation right now.,"Where I'm good at. So many questions in my head now... ""Where am I really?"" ""What am I good at?"" ""I finished school, but it's like my path suddenly disappeared."" Or maybe I was too exposed to social media? People on social media are too far from my situation right now."
inaantok na ko..may replay pa naman siguro yun noh?,"I'm sleepy... there'll probably be a replay, right?"
kapag premiered kasi parang wala teh 😞😔,"When it's premiered, it's usually not there, sis 😞😔"
🧍🏻‍♀️🧍🏻‍♀️🧍🏻‍♀️,🧍🏻‍♀️🧍🏻‍♀️🧍🏻‍♀️
putangina nyo di ba babasahin yang mga sinusulat nyo pag di nyo ilalagay ang isang member as th1rd wh33l or kab3t,"Damn you all, won't you read what you're writing if you don't include a member as a third wheel or a mistress?"
"#KapusoFeels: Kahit nakakaloka ang mga tanong, 'di nasisira ang poise ni beshie Heart Evangelista! 😍
I-follow ang @YouLOLGMA at bumisita sa bit.ly/3jEh5zP para sa ibang #TBATS updates!","#KapusoFeels: Even with ridiculous questions, beshie Heart Evangelista doesn't lose her poise! 😍
Follow @YouLOLGMA and visit bit.ly/3jEh5zP for more #TBATS updates!"
Ninominate nyo na lang ata bts para sa views? 🤔,Did you only nominate BTS for views? 🤔
"omsim, kapag di nanaman nakuha ng bts to magdadabog talaga ko","Exactly, if BTS doesn't win this again, I'm really going to throw a fit."
Mass report talaga grammy hahahhaha,"Mass report the Grammys, hahahhaha."
Aralin panlipunan ano na? balakajan di kita aaralin ikaw mag adjust,"Social Studies, what now? Do what you want, I won't study you, you adjust."
aralin panlipunan be like: baket parang kasalanan kopa,Social Studies be like: Why does it seem like it's my fault?
Me : kasalanan mo talaga,Me: It really is your fault.
"The record and song that broke their records all was not nominated 🙄
Gram/my’s such a disappointment wbk","The record and song that broke all their records were not nominated 🙄
Grammys such a disappointment, we know."
Di ba?? So anong merit nung pa speech nila at the start? Kaka-init ng dugo,Right?? So what was the merit of their speech at the start? It's infuriating.
feeling ko may ida-drop mamaya.🤭,I feel like something will be dropped later. 🤭
'di ba @SMTOWNGLOBAL  @NCTsmtown,"Right, @SMTOWNGLOBAL @NCTsmtown?"
"Ganda boses ni boss ea parang gusto q ng jennie stan :( #NunalsTambayan
x.com/i/spaces/1mrGmadZzXDGy","Boss EA's voice is so beautiful, I feel like I want to stan Jennie :( #NunalsTambayan
x.com/i/spaces/1mrGmadZzXDGy"
As greatly elated I was for their being a two time nominee for this award show I still can't help but feel  tremendous anger for scammys bs of not giving BTS the nominations and award that these incredible artists truly deserve 🚩🗑️🔪🔪🔪,"As greatly elated I was for their being a two-time nominee for this award show, I still can't help but feel tremendous anger for the Scammys' BS of not giving BTS the nominations and award that these incredible artists truly deserve 🚩🗑️🔪🔪🔪"
"Ano ito scammys, gamitan para sa views pero di bibigay sa kanila ang para sa kanila??? Lokohan na naman ba ha?","What is this, Scammys, using them for views but not giving them what's rightfully theirs??? Is this a trick again, huh?"
drop @ for a direct. will do it later on my study break.,Drop @ for a direct. Will do it later on my study break.
"hello, ten. sana may sumuyo na sa'yo hahaha. isa ka sa mga funny mutuals ko dito. hope we become close friends din because you seem nice. see you around :)","Hello, Ten. I hope someone woos you soon, hahaha. You're one of my funny mutuals here. Hope we become close friends too because you seem nice. See you around :)"
"oo sige friends na talaga tayo kaya makiki-interact ako sa'yo palagi haha. see you around, lodi!","Yes, okay, we're really friends now, so I'll interact with you always, haha. See you around, idol!"
As if Naman mananalo si Leni ..no more smartmagic !!,As if Leni will win... no more smartmatic!!
"Parang si Digong noh... magkaibang balota ba ang ginamit?
Nakailang talo na si CocaineMan? 😂😂😂","Just like Digong, right... were different ballots used?
How many times has CocaineMan lost? 😂😂😂"
Parang ikaw.. epal 😁,Like you... annoying 😁
Weehh... wala kang masabi no? Hirap ba ang comprehension mo? 😂😂😂,"Weh... you have nothing to say, huh? Is your comprehension difficult? 😂😂😂"
Mas mukha pa ngang cocaine user nanay lugaw nio tgnan mu sa interview parating sabog🤣🤣🤣,"Your 'lugaw' (Leni) mom looks more like a cocaine user, look at her interviews, she always looks high🤣🤣🤣"
Sure ka ba? Patunayan mo muna bago ka mang husga.,Are you sure? Prove it first before you judge.
"Yung ka work ko na lalaki si jas, kwento sya about sa plan nya this dec tapos ako sabi ko wala pa. Sya sabi nya mag out of town sya with bibi daw hahahaha naols diba kuya jas 🤣 Sa gf nya talaga maiinggit lahat eh, hindi yung jowa nya yung mag ooverthink kung kanino.","My male coworker, Jas, was telling me about his plans this Dec, and I said I don't have any yet. He said he's going out of town with his baby, hahahaha, lucky them, right, Kuya Jas 🤣 Everyone will really envy his girlfriend, not her having a boyfriend who overthinks about others."
Dapat talaga ganun eh. Dapat mas inggit yung ibang babae sa gf mo kesa yung gf mo yung naiinggit sa ibang girls or pinakikisamahan.,"It really should be like that. Other women should envy your girlfriend, rather than your girlfriend envying or having to deal with other girls."
"So nakita mong masaya si KD, may improvement, may trust na sa ibang housemates.
Now, you are shifting it against him again.
If this is not strategy, I am utterly disgusted. I am giving Voldemort the benefit of the doubt and he's trying to get the 3-time nominee out","So you saw KD happy, with improvement, with trust in other housemates.
Now, you are shifting it against him again.
If this is not strategy, I am utterly disgusted. I am giving Voldemort the benefit of the doubt and he's trying to get the 3-time nominee out."
Mag VE nalang sana si KD naaawa ako sakanya sa loob parang pinagkakaisahan siya huhu,"KD should just go to VE (Voluntary Exit), I feel bad for him inside, it's like he's being ganged up on huhu."
gago parang gusto ko magjoin at magrequest as speaker tapos murahin ko lamg sila HAHAHAHA,"Damn, I feel like joining and requesting to be a speaker just to curse at them HAHAHAHA."
gusto ko mag-kalat 'di ba puwedeng mag sex nalang agad si Akira at Ravi 🥲,"I want to make a mess, why can't Akira and Ravi just have sex already 🥲"
sana all talaga @MNLSouthGuy,"I wish everyone had that, @MNLSouthGuy."
you're saying butter isn't nominated for SOTY????ROTY???????????,You're saying Butter isn't nominated for SOTY???? ROTY???????????
Walang aasahan sa Grammyz parang mga gago,"You can't expect anything from the Grammys, they're like idiots."
OMG RURUPOK KA TALAGA SA GINAGAWA NI SOONS E 😭😭😭,"OMG, you're really going to fall for what Soons is doing! 😭😭😭"
Scammys parang gusto ko ipakita nyo samin criteria of judging nyo meron ba kayo nun? Or palakasan lang talaga 😅,"Scammys, I feel like I want you to show us your judging criteria. Do you even have any? Or is it just about who you know? 😅"
Ang gwapo talaga ng 10,Ten is really handsome.
Feel ko pinapanood ko tong matxh na to para mag lande,I feel like I'm watching this match just to flirt.
beh sama ng loob nakuha naten tangina,"Girl, we've gotten so much grief, damn it."
di ba pangit ka bonding,"You're bad company, aren't you?"
@UrbanEscapesPH malaki ang improvement ng vichy! I love na nag apply ng oil before the scrub. Mas soothing sa skin and mas mahusay si Matteo kesa dati. Iba yung alaga nia. #alagangMatteo,@UrbanEscapesPH The Vichy treatment has improved a lot! I love that they applied oil before the scrub. It's more soothing for the skin and Matteo is better than before. His care is exceptional. #MatteosCare
Malinis at mabango ang vichy area. Pinaliwanag nang maigi ni matteo yung dahilan bakit may oil. Nakaka relax talaga and if i were to compare vichy to other spa’s body scrub di hamak na 10/10 ang vichy dito! @UrbanEscapesPH,"The Vichy area is clean and fragrant. Matteo explained thoroughly why there's oil. It's really relaxing and if I were to compare Vichy to other spa's body scrubs, Vichy here is undeniably a 10/10! @UrbanEscapesPH"
"During the process di ko maiwasang icompare talaga. Yung product, yung space, yung therapist, yung experience - SUPERB talaga! 
Must- Try @UrbanEscapesPH Vichy!","During the process, I couldn't help but compare. The product, the space, the therapist, the experience - truly SUPERB!
Must-try @UrbanEscapesPH Vichy!"
The after the Vichy shower sinundan naman ng signature massage na talaga nga namang nadurog ang lamig ko sa likod! Yung nanggigil si @Jomarbsantos031 talaga nga naman durog ang lamig!,"After the Vichy shower, it was followed by the signature massage that really melted away the cold in my back! @Jomarbsantos031 was so intense, he really got rid of the cold!"
Tinanong ako ni Jomar - anong pressure? Best in Hard sa likod award talaga. Yung hinahabol nia madurog yung lamig to the point na naka tulog ako sa sarap. Na appreciate ko yung tatanungin ako kung may part pa ng katawan ko may sakit!,Jomar asked me - what pressure? Definitely 'Best in Hard' for the back award. He was really focused on getting rid of the cold to the point that I fell asleep from how good it felt. I appreciated him asking if any other part of my body hurt!
Yung ibang thera kasi once na daanan na nila okay na sila dun pero iba talaga si @Jomarbsantos031 maalaga din kasi. Tapos yung stretching sa una palang lumagutok na buto ko ahahah…pag-usapan din natin sequence @UrbanEscapesPH,"Other therapists, once they've passed over an area, they're done, but @Jomarbsantos031 is really caring. Then the stretching, my bones cracked right from the start ahahah... let's also talk about the sequence @UrbanEscapesPH"
"Yung sequence ni @Jomarbsantos031 parang kasabay nung music sa background. Relaxing, soothing na ayun paplakda ka sa tulog. Nagising nalang ako nung tinanong ako kung okay pa ako. Isa sa nagustuhan ko yung massage sa legs and paa. Sapatang pressure pero wagas tanggal lamig.","The sequence by @Jomarbsantos031 felt like it was in sync with the background music. Relaxing, soothing, and then you'd just pass out from sleep. I only woke up when he asked if I was okay. One thing I really liked was the leg and foot massage. Enough pressure, but incredibly effective at removing the cold."
"Isa sa mga ma reco ko na thera talaga si @Jomarbsantos031 dito sa @UrbanEscapesPH bukod kay @Xtian_Grey19 na nakakatuwa nakita ko at nakapag kwentuhan ng kaunti. Sulit dito guys! Try nio na! May promo pa sila! 
Kung gusto nio pa detalye e DM is the key!","I really recommend @Jomarbsantos031 as a therapist here at @UrbanEscapesPH, besides @Xtian_Grey19 who I was happy to see and chat with a bit. It's worth it here, guys! Try it now! They even have a promo!
If you want more details, DM is the key!"
"Siempre naging busy ako… di pa tapos review ko kay @Jomarbsantos031 …
If i were to rate the overall experience at @UrbanEscapesPH 
Location 10/10
Cleanliness 10/10
Vichy (Matteo) 10/10
Massage (Jomar) 10/10
Affordable quality massage","Of course I got busy... my review for @Jomarbsantos031 isn't finished yet...
If I were to rate the overall experience at @UrbanEscapesPH
Location 10/10
Cleanliness 10/10
Vichy (Matteo) 10/10
Massage (Jomar) 10/10
Affordable quality massage"
"Again - thank you @UrbanEscapesPH 
For the affordable and quality experience! 
Try Matteo and Jomar (10/10 for both)
Go and visit them now!","Again - thank you @UrbanEscapesPH
For the affordable and quality experience!
Try Matteo and Jomar (10/10 for both)
Go and visit them now!"
Thank u sir. 😘😘😘,"Thank you, sir. 😘😘😘"
feeling q mamamatay na talaga ako kasalanan to nila ryujin okay,"I feel like I'm really going to die, this is all Ryujin's fault, okay?"
"Bakit parang kasalanan ko palagi? Bakit ang mga lalaki ang galing galing makipagyabangan pero duwag na marinig ang katotohanan, duwag harapin ang confrontation.","Why does it always feel like it's my fault? Why are men so good at bragging but too cowardly to hear the truth, too cowardly to face confrontation?"
nakakahagard talaga pag aaral ng mabuti chz,"Studying hard is really exhausting, kidding."
"*tagging you coz why not di ba @unoemilio 
#MMMYBonding 
JAKE isthe LADYSCHOICE","*tagging you 'coz why not, right @unoemilio
#MMMYBonding
JAKE isthe LADYSCHOICE"
Maganda ka ate di ba,"You're beautiful, ate, aren't you?"
Magbabago at magbabago talaga kada may maling nagagawa,It will truly change and change every time something wrong is done.
Huy Masarap siya 🤤🤩🤤 pero no pickles for me 😅,"Hey, it's delicious 🤤🤩🤤 but no pickles for me 😅"
Regarding sa chicken niya. Di ba siya soggy? Yung quality ba niya chickenjoy pero ginawang fillet talaga o medyo masmababa yung quality sa regular na chickenjoy?,"Regarding their chicken. Isn't it soggy? Is the quality like Chickenjoy but made into a fillet, or is the quality slightly lower than regular Chickenjoy?"
"Ano sir yung chicken niya I think is a thigh fillet so medyo juicy pa rin, it's not soggy at all. Yes, the outside is the same flavor as the regular chicken joy pero hindi as crsipylicious ™️ pero may parts nung skin na crispy naman HAHAHA","Sir, I think their chicken is a thigh fillet, so it's still quite juicy, it's not soggy at all. Yes, the outside has the same flavor as the regular chicken joy but not as crispylicious ™️, but there are parts of the skin that are crispy though HAHAHA"
"Very nice, sir. Mabuti na may parts parin na crispylicious ™️ and juicylicious ™️ enough din siya. Salamat po sa review 😌","Very nice, sir. It's good that there are still parts that are crispylicious ™️ and it's juicylicious ™️ enough. Thank you for the review 😌"
Di ba kayo mag papalit music sa story nyo,Aren't you going to change the music in your story?
@direklauren maawa ka naman sa feelings at sa mga bata.. Palabasin mo na yan c TJ.. PARANG AWA MO NA.,"@direklauren, have mercy on their feelings and on the children.. Please let TJ out.. PLEASE."
"HOY GAGO, SARILI KO LANG PALA TALAGA KAILANGAN KO.","HEY, IDIOT, I REALLY ONLY NEED MYSELF."
How to “Buy” votes the legal way. #Halalan2022,How to “Buy” votes the legal way. #Halalan2022
Kawawa naman si Madam.. parang bangag na sa antok…,Poor Madam.. she looks dazed from sleepiness…
"IC na medyo WTS
Twice Candybong Z Unsealed
Class A, not official but has the same features and can connect to the app
Complete Inclusions + Unofficial Jeongyeon Cbz PC
Can send photos and videos na gumagana talaga
Rfs: Need funds
P875 full cod on shopee
Dm if interested","IC that's somewhat WTS
Twice Candybong Z Unsealed
Class A, not official but has the same features and can connect to the app
Complete Inclusions + Unofficial Jeongyeon Cbz PC
Can send photos and videos showing it really works
Rfs: Need funds
P875 full cod on shopee
Dm if interested"
Wts lfb twice lightstick cbz version 2 ph full cod,Wts lfb twice lightstick cbz version 2 ph full cod
Pwede po pareserve?,Can I reserve it?
Naalala ko nanaman legal age ko na soon😭,I just remembered I'll be of legal age soon 😭
parang,like
"buong araw akong late sa mga ganap, ang bipolar naman ng feed from gigil to kilig.. 
basta ako kung saan masaya si J, support sa taong nagpapahalaga sa self-love & peace of mind na greatest gift niya sa sarili nya..😊
wala naman sukatan yung pagiging J-stan di ba? si Jema lang.","I've been late all day to everything that's happening, the feed is so bipolar from irritation to giddiness...
As for me, wherever J is happy, I support the person who values self-love & peace of mind, which is her greatest gift to herself..😊
There's no measure to being a J-stan, right? Just Jema."
Luhhh bakit may pa fibonnaci na jan. Matagal ko nang kinalimutan yan eh. Di ba pwedeng daanin na lang sa mga memes kasi hindi kinakaya ng utak ko yung mga theories nyo eh😭😆 charot. Di naman kasi ako nainform na kailangan palang maging matalino sa fandom na toh😭,"Oh no, why is there Fibonacci there now? I forgot that a long time ago. Can't we just do it through memes because my brain can't handle your theories 😭😆 just kidding. I wasn't informed that you had to be smart in this fandom 😭"
"LOOK: Presidential aspirant Ferdinand “Bongbong” Marcos Jr.’s chief-of-staff Vic Rodriguez submits drug test result of the former dictator’s son and namesake to NBI, PDEA. (📸 Marcos camp) | @DYGalvezINQ","LOOK: Presidential aspirant Ferdinand “Bongbong” Marcos Jr.’s chief-of-staff Vic Rodriguez submits drug test result of the former dictator’s son and namesake to NBI, PDEA. (📸 Marcos camp) | @DYGalvezINQ"
Atty. di ba dapat yong PDEA o NBi mismo ang nag conduct ng drug test. Sinungaling yang kliyente mo e.,"Atty., shouldn't the PDEA or NBI themselves conduct the drug test? Your client is a liar."
"mhaymhay: 'di ba te no'ng grade 7 section 3 ka. ako section 4 lang eh
nag-mamatter pa ba sections ngayon? saka RHS 'yan bebi 30-40+ sections per grade level. mamaw na yung ganan. dahil diyan may treat ka from ate!! gagaling ng mga kapatid ko manang-mana sa'kin so much","mhaymhay: 'weren't you in grade 7 section 3, tee? I was only in section 4'
Do sections still matter now? And that's RHS, beb, 30-40+ sections per grade level. That's crazy. Because of that, you have a treat from ate!! My siblings are so good, just like me, so much."
parang ang saya neto HAHAHA sana kahit once mangyari sakin pero depende 😂,This seems fun HAHAHA I hope it happens to me even once but it depends 😂
Ede niceee di ba HAHHAA,"So that's nice, right HAHHAA"
"hello ! this is the first time na naka-encounter ng ganito. yung buyer ko na sobrang laking issue sa stem cuts. I don't know anong basis nila for a STEM CUT, but they kept on insisting na scratch daw yung nasa applehoon ko which is not.","hello! this is the first time I've encountered something like this. my buyer made a huge issue about stem cuts. I don't know what their basis is for a STEM CUT, but they kept insisting that the stem cuts on my applehoon were scratches, which they are not."
"unang-una palang, 'di niya na nga sinunod tcs ko. super daming adjustment. supposed to be payo 'to pero i adjusted? FROM 8:45PM UNTIL 1:30AM kausap ko siya regarding sa pcs, not knowing na sensitive pala siya sa stem cuts. +","First of all, they didn't even follow my T&Cs. So many adjustments. It was supposed to be a 'payo' (advice/guide) but I adjusted? I talked to them FROM 8:45 PM UNTIL 1:30 AM regarding the PCs, not knowing they were sensitive to stem cuts. +"
"this where i got really annoyed na. i didn't liked the way they asked for everything that they wanted to see. sunod-sunod din kasi yung hinihingi so hellaur 'di naman ako robot? as you can see also, i've started to pack the pcs na, and tsaka siya nag ask about the stem cuts.","This is where I got really annoyed. I didn't like the way they asked for everything they wanted to see. They kept asking for things one after another, so hello, I'm not a robot? As you can see, I've already started packing the PCs, and that's when they asked about the stem cuts."
"they were insisting na DAMAGE 'daw' yung stem cuts sa applehoon that i was selling. also, the fact that they counted the stem cuts 💀💀💀💀 i sent all my other b:do pcs since ayun talaga issue sa pcs from b:do sobrang daming defects and all krazy manufacturer","They were insisting that the stem cuts on the applehoon I was selling were 'damage'. Also, the fact that they counted the stem cuts 💀💀💀💀 I sent all my other b:do pcs since that's really the issue with PCs from b:do, so many defects and all crazy manufacturer."
"dito ako lalong nainis. 'di niyo naman sinabi, may max stem cuts pala each sides ng pc.. 😭 i know, they're just making sure na okay yung pc, naiintindihan ko.","This is where I got even more annoyed. You didn't tell me there's a maximum number of stem cuts on each side of the PC.. 😭 I know, they're just making sure the PC is okay, I understand."
"idk papano naging mukhang 'scratches' yung stem cuts, pero bahala kayo inis n q d2.. i mean, i understand them, REALLY. pero kasi, papano ko naman made-determine kung bakit ang daming stem cuts nung applehoon na binebenta ko compared sa isa ko pang applehoon..","Idk how stem cuts could look like 'scratches', but whatever, I'm annoyed with this.. I mean, I understand them, REALLY. But how am I supposed to determine why there are so many stem cuts on the applehoon I'm selling compared to my other applehoon.."
"sorry i know i sounded really off sa replies, but napagod lang talaga ako mag-explain!! HWJSJSJ idk papano 'di naging normal yung may 6 stem cuts??? i know, mali ko rin na hindi ko nilagay na may stem cuts pero kasi i don't see stem cuts as a problem/flaw ng isang pc talaga.","Sorry, I know I sounded really off in my replies, but I was just so tired of explaining!! HWJSJSJ idk how having 6 stem cuts isn't normal??? I know, it's also my fault for not stating that there were stem cuts, but I really don't see stem cuts as a problem/flaw of a PC."
"here, i was trying to explain na normal ang stem cuts. super nainis ako kasi parang kasalanan ko pa talaga na may SIX specific ha specific talaga 6 stem cuts yung pc 😂 also, i still don't get kung papano siya naging scratch 😭 tapos mas lalo akong nainis when they told me na +","Here, I was trying to explain that stem cuts are normal. I got super annoyed because it felt like it was my fault that there were SIX specific, yes, specifically 6 stem cuts on the PC 😂 Also, I still don't get how it became a scratch 😭 And then I got even more annoyed when they told me to +"
"maghanap pa ako ng ibang pc na may ANIM may SIX na stem cuts just to prove na normal lang yung stem cuts 😭😭😭😭😭 even asked my friends if may ganon din sila. fortunately, meron. BUT they still see it as a scratch kahit na own pull ng friend ko yung pc na pinakita ko 💥🤯","find another PC with SIX, yes SIX, stem cuts just to prove that stem cuts are normal 😭😭😭😭😭 Even asked my friends if they had the same. Fortunately, they did. BUT they still see it as a scratch even though the PC I showed was my friend's own pull 💥🤯"
"what's really frustrating is that tHEY KEPT ON COUNTING THE STEM CUTS 😭😭😭😭😭😭😭😭😭😭😭 'di ko alam talaga may max na stem cut pala per pc 🤰🏻🤯 also, idk nasaan yung scratch na they were referring to....","What's really frustrating is that tHEY KEPT ON COUNTING THE STEM CUTS 😭😭😭😭😭😭😭😭😭😭😭 I really didn't know there was a maximum number of stem cuts per PC 🤰🏻🤯 Also, idk where the scratch they were referring to is...."
"ito ang 'di ko maintindihan. naiinis ako with the fact na parang nagsinungaling pa ako for the condition of my pc. kung gusto mo ng clean na applehoon, goodluck. alam niyong normal ang stem cuts pero pag 6 hindi na 😭","This is what I don't understand. I'm annoyed with the fact that it's like I lied about the condition of my PC. If you want a clean applehoon, good luck. You know stem cuts are normal, but if there are 6, it's not anymore 😭"
"please PLEASE LANG. kung sensitive kayo sa stem cuts, 'wag na kayo bumili. sobrang haba nung oras na nasayang ko sa page-explain tapos in the end biglang 'di na itutuloy? SOBRANG NAKAKA-FRUSTRATE. sobrang daming requests, ginawa ko lahat which is dapat lang kasi ako seller eh.","Please, PLEASE. If you're sensitive to stem cuts, don't buy. I wasted so much time explaining only for them to suddenly cancel in the end? IT'S SO FRUSTRATING. So many requests, I did everything I should have because I'm the seller."
"nakakainis lang sobrang luwag na nung tcs ko tapos ???????? WALA AKONG MASABI BYE pero as much as possible, ayaw ko na ulit ma-experience 'to.","It's just annoying, my T&Cs were already so lenient, and then ???????? I have nothing to say, bye, but as much as possible, I don't want to experience this again."
ito yung vid 🤰🏻sobrang linaw naman na stem cuts 'yan hello 🤡😂,"This is the video 🤰🏻 it's clearly stem cuts, hello 🤡😂"
bakit kasi anim yung stem cuts sa taas 🤜🏻😏😔,Why are there six stem cuts on top 🤜🏻😏😔
We're gonna pretend that alone is here 😁,We're gonna pretend that alone is here 😁
Another day of mas may pag-promote pa si Kumu kesa kay Kanin.,Another day where Kumu promotes more than Kanin.
"Nagiging main source of ayuda na rin madalas eh. Labyu, Kumu! 😂","It often becomes a main source of financial aid too. Love you, Kumu! 😂"
"Haha. Let me guess, kasama rin si Tiktok sa top apps mo because of them? 🤣🤣","Haha. Let me guess, Tiktok is also among your top apps because of them? 🤣🤣"
"Same. Sino nga ulit tayo? Tayo 'yung never nakita 'yung self downloading Tiktok 'di ba? Now, here were are... All because of DB! 🥲 🥲","Same. Who are we again? We're the ones who never saw Tiktok self-downloading, right? Now, here we are... All because of DB! 🥲 🥲"
lmao,lmao
pwede ba isang streamer nalang mag stream parang walang views lol,Can one streamer stream at a time? It's like there are no views lol
tama naman 'di ba laura este lola  😭😭😭,"That's right, isn't it, Laura, I mean, Lola 😭😭😭"
"Burn hahahaha
🔥🔥🔥","Burn hahahaha
🔥🔥🔥"
Na-confuse nga ako kasi di ba 💩yan?,I actually got confused because isn't that poop? 💩
Important question lang po para sa med students at eng students: Gumagamit ba kayo ng explosion box?,Just an important question for med students and engineering students: Do you use an explosion box?
"bakit ba kasi nagsabay-sabay teaser ni jongin, nct 2021 at midterms ko h di ba pwedeng wala na lang exam","Why did Jongin's, NCT 2021's teasers, and my midterms all have to happen at the same time, h? Can't there just be no exams?"
"kung siguro nasa office ako ng iqor ngayon, si kuya daiki talaga ibibigay ko pag nanghingi ng supervisor yung cx hahahahahaa","If I were in the iQor office right now, I'd really give Kuya Daiki if a customer asked for a supervisor hahahahahaa"
HUUUUUU PERO ANDAMI KO NANG SAPATOS,HUUUUUU BUT I HAVE SO MANY SHOES ALREADY
Pero the details tangina but where do I wear this? Can it fit in my shoe closet?,"But the details, damn, but where do I wear this? Can it fit in my shoe closet?"
😈 pero wala ka pang ganyang shoes di ba? 😈 charot. Haha,"😈 But you don't have shoes like that yet, do you? 😈 Just kidding. Haha"
Hahahaha wala pa pero may mga boots na ako and chunky na high cut 😂,Hahahaha not yet but I already have boots and chunky high cuts 😂
"Taena mo ka talaga rj 😂 may sa malas ka ngayong gabi hanggang madaling araw ba naman, kung nag solo que siguro ko baka naipamythic ko na HAHAHAHA lansilog gods.","Damn you, RJ 😂 You've been bringing bad luck tonight until early morning, if I had solo queued, I probably would have reached mythic HAHAHAHA lansilog gods."
Lf: ✨UTAK✨PARA SA GRAMMYS SANA,Lf: ✨BRAINS✨HOPEFULLY FOR THE GRAMMYS
Sana may special place in hell para sa mga taong kusang nanlilinlang ng kapwa.,I hope there's a special place in hell for people who intentionally deceive others.
Piano parang gusto pa ata pumalag for Paris 2024 hahahaha,Piano seems to want to fight for Paris 2024 again hahahaha
"amboring na nga nung live, parang nagkklase, tapos isa lang nomination nila, they deserve more uy","The live was already boring, like a class, and they only had one nomination, they deserve more, uy"
yung PTD at BE talagaaa,That PTD and BE reallyyyy
TAMAH,TRUE
pero parang nvm newayz tawna mo gra/mmys ayusin mo lng,but like nvm anyways you grammys fix yourselves
hala gagi kinuha akong ninang nung tomboy kong kaklase 😭😭😭😭,"Oh my gosh, my lesbian classmate asked me to be a godmother 😭😭😭😭"
tomboy k din di ba,"You're lesbian too, aren't you?"
oo haha kilalanin mo binabangga mo.,"Yes, haha, know who you're messing with."
sorry pOh🥺🥺🥺🥺🥺🥺🥺🥺🥺🥺,"Sorry, pOh🥺🥺🥺🥺🥺🥺🥺🥺🥺🥺"
"ang ngaleng may meet up kame mamaya tas 3hrs lang halos tulog ko, ngaleng talaga","So good, we have a meetup later and I only slept for almost 3 hours, so good indeed."
sino ba naman ako para magkaron ng maayos na buhay 'di ba xd,"Who am I to have a good life, right xd"
"Ang backhanded ng mga compliment kay Aiki ng Swf. ""She's so pretty even though she have a daughter."" Like 🤨","The compliments for Aiki in SWF are so backhanded. ""She's so pretty even though she has a daughter."" Like 🤨"
I thought I was the only one na uncomfy with that :((,I thought I was the only one uncomfy with that :((
Its so unnecessary di ba😩,"It's so unnecessary, right 😩"
magkakayod para sa akoang mga children,I will work hard for my children.
pov: sinabihan ka nng padayon eh pagod ka na,pov: someone tells you 'padayon' but you're already tired
Grabe kana kay hee te naevis😔,"You're too much, you're always bothering Hee, Naevis 😔"
gan2 aq magpafeel ng aking love<3,This is how I make my love felt <3
Kakatuleggg talaga mag solve pag madaling Araw as in HAHAHAHAHAHA.,"It's really sleep-inducing to solve problems in the early morning, like, really HAHAHAHAHAHA."
Parang iba naman ako wahahhaha,"I'm different though, wahahhaha"
mayda talaga nak nacconvert everytime magstory ak kan yeonjun HAJSHSJAHAHA i'm doing my job well  ^__^,Someone actually gets converted every time I tell stories about Yeonjun HAJSHSJAHAHA I'm doing my job well ^__^
lakas talaga maka John Lloyd Cruz ng pormahan ni coach Piazza,Coach Piazza's style really gives off strong John Lloyd Cruz vibes.
PARANG LUMANDI LANG AKO SA CISTERNA THIS SET GAGO,"I FEEL LIKE I ONLY FLIRTED WITH CISTERNA THIS SET, YOU IDIOT!"
GRABE AYAN NA NAGISING NA TALAGA SILA SO MUCH,"OMG, THEY'RE REALLY AWAKE NOW SO MUCH!"
Lipat kaya ako stream sa Rai hehe,"Maybe I should switch streams to Rai, hehe."
"Free!!! HD rin, need lang ITA vpn mars! Mas benta ung commentator kaso italiano wahahhahahaha","It's free!!! And HD too, you just need an Italian VPN, sis! The commentator is even better, but he's Italian, wahahhahahaha."
TE KAHIT UNG ITALIAN COMM NG VBW PEDE NA!!! ISHIKAWA NG ISHIKAWA HAHAHAHAHA,"SIS, EVEN THE ITALIAN COMMENTATOR FOR VBW IS FINE!!! ISHIKAWA OF ISHIKAWA HAHAHAHAHA"
AYAW MO BA UNG SA TIME AND SPACE??? HAHAHHAHAHAHAH,DON'T YOU LIKE THE ONE ON TIME AND SPACE??? HAHAHHAHAHAHAHHA
BASTA KASE TWO FRENCHMEN NALANG HAHAHAHAHHAH,BECAUSE THERE ARE ONLY TWO FRENCHMEN LEFT HAHAHAHAHAHHAH
"Oo parang ako lang yan sa kpop idols eh, inspiring siya huh. HAHAHHAHAHAH","Oh, that's just like me with K-pop idols, she's inspiring, huh. HAHAHHAHAHAH."
ANO FULL NAME NI LANZA HAHAHAHAAHAH BAKA MARRIED NA YAN HA,"WHAT'S LANZA'S FULL NAME HAHAHAHAAHAH HE MIGHT BE MARRIED ALREADY, HUH?"
Sure yan tapos latina goddess din ung asawa ganorn HAHAHAHHAH,"I'm sure of it, and his wife is probably a Latina goddess too, something like that HAHAHAHHAH."
OO NGA PARANG. ANG BIBILIS TALAGA MATA NG MGA PINOY HAHAAHAHAH,"OH RIGHT, IT'S LIKE. FILIPINOS' EYES ARE REALLY FAST HAHAHAHAHAH."
may mga paborito lang talaga siguro si Lorde,Maybe Lorde just has favorites.
minsan napapaisip na lang po ako na siguro ampon Niya lang me char,"Sometimes I just think that maybe I'm just her adopted child, char."
feeling ko middle child ako ni Lord kase nde aq napapansin nung nagpaulan ng pag ibig 🥲,I feel like I'm Lord's middle child because I wasn't noticed when love was being rained down 🥲
sini-save raw po talaga ni Lord ang karapat-dapat for uuu <333,Lord apparently saves the deserving for youuu <333
Pano pag gusto ko si Masa ung karapat dapat sakin? Paladesisyon kasi ako HAHAHAHHAHAHAHAHHAHA CHAROT,What if I want Masa to be the one for me? Because I'm so decisive HAHAHAHHAHAHAHAHHAHA JUST KIDDING.
hi raw po <333 nauna raw po siya sa pila kay masa chz HDJKDKDJDHD,"He says hi <333 he said he was first in line for Masa, just kidding HDJKDKDJDHD."
Ay sorry eto kasing si Yuki nakiki tweet pa sa account ko. Pasensya ka na sya talaga nagsend no’n 😌❤️❤️❤️❤️,"Oh, sorry, Yuki here keeps tweeting from my account. I apologize, she's really the one who sent that 😌❤️❤️❤️❤️"
HAHAHAHHAHAHA MAG-GIVE WAY PO TAYO SA ORIGINAL,HAHAHAHHAHAHA LET'S GIVE WAY TO THE ORIGINAL.
"Akala ko anong ginagawa eh nag reply lang pala sau ginamit pa account ko HAHHAHAHAHAHH paparaya naman po anytime anywhere basta I-word, hnda aq ipaglaban <3333 HAHAHAH","I thought she was doing something else, but she just replied to you using my account HAHHAHAHAHAHH. I'll make way anytime, anywhere, as long as it's 'I-word', I'm ready to fight for it <3333 HAHAHAH."
TAMA SO MUCH all for i-word talaga kaya dapat magbalikan na sila HDHJDJDJD,"SO MUCH TRUTH, it's really all for 'I-word', so they should get back together HDHJDJDJD."
Sguro need ko na mag novena nde para sa sarili ko pero para sknila nalang HAHHAHAHAHAHAH,"Maybe I need to start a novena, not for myself, but for them instead HAHHAHAHAHAHAH."
HAHAHAHHAA KAHIT PARA SA KANILA NA LANG DIN TALAGA ATE,"HAHAHAHHAA EVEN IF IT'S JUST FOR THEM, ATE, REALLY."
FEELING KO TLAGA NAAALALA KO SYA taga saan ba yan,"I REALLY FEEL LIKE I REMEMBER HER, where is she from?"
DIBA TAGA SA INYO DYAN SA CANADA HAHAHAHAHA,ISN'T SHE FROM YOUR PLACE THERE IN CANADA HAHAHAHAHA.
Gago halata mong pinapanood ko lang talaga sila nung nilampaso sila ng JPN 😭😭😭😭,"Damn, it's obvious I was only watching them when they got wiped out by JPN 😭😭😭😭."
"ATLEAST NANOOD, OKAY NA YON HAHAAHAH","AT LEAST YOU WATCHED, THAT'S ENOUGH HAHAAHAH."
@PBBabscbn Pino promote ang awareness Sa mental health eme pero binabaliw nyo naman mga housemate nyo sa loob toxic nyo po sagad sa matris mo sec #AngToxicNgPBBSeason10,"@PBBabscbn You promote mental health awareness, etc., but then you drive your housemates crazy inside, you're so toxic down to your uterus, sec #ThePBBSeason10IsToxic."
Ooppsss hihibtayin po kita sagot po ni @aMahQueenV 😁,"Oops, I'll wait for your answer, @aMahQueenV 😁"
Baka den naman po miss @aMahQueenV,"Maybe not, Miss @aMahQueenV?"
Inaano ko ba kayo😭😭 d po ako may ari ng grab hahahahaha.. malayo pa po pasko😪😪,What did I do to you guys 😭😭 I don't own Grab hahahahaha.. Christmas is still far away 😪😪.
Di ba po kelangan mong magwalgas ng pera? Sesend ko na po address ko sayo,Don't you need to spend a lot of money? I'll send you my address now.
Ano muna walGAS petron bayun🤣,"What's walGAS first, is that Petron? 🤣"
pain pighati pero di naman masakit parang kagat lang ng dinosaur rawr,"Pain, sorrow, but it doesn't hurt, just like a dinosaur bite, rawr."
"Hindi yung kuda kayo ng kuda, pero
Wala nmn kayong matibay na source of knowledge kung saan nanggagaling mga paratang n'yo.hindi n'yo namamalayan,future ng bansa natin ang nksalalay dito,pero wala kayong ginawa Kundi manghusga at mang bash.","You keep talking and talking, but you don't have a strong source of knowledge for your accusations. You don't realize that the future of our country is at stake here, but you did nothing but judge and bash."
so women are women are both pawns and trophies to prove some men's masculinity? kung di ba naman... #ViralScandal #ViralScandalConfessions,So women are both pawns and trophies to prove some men's masculinity? Unbelievable... #ViralScandal #ViralScandalConfessions
"puro pagkain laman ng tl ko, parang sign na ito para matulog kasi nga kinain ng gagamba yung tubig sa bowl dun sa France kaya nagalit yung crocodile","My timeline is full of food, it's like a sign to sleep because the spider ate the water in the bowl in France, which made the crocodile angry."
Every exam talaga nasisira schedule ko tang ina kaseng timezone yan,"Every exam really messes up my schedule, damn this timezone."
di ba makabother na ang students wa nay gana? kanang murag for compliance na lang tanan? curious question ra jud,Isn't it bothering that students no longer have motivation? Like everything's just for compliance? Just a curious question.
"willing to apply po 🥲🙋🏻‍♀️ kahit magkano hehe, hobby ko po talaga ang gumawa ng spreadsheets^^","Willing to apply po 🥲🙋🏻‍♀️ any amount hehe, making spreadsheets is really my hobby^^"
"For me,i think i deserve dis ticket kase po i'm really trying my best para pagsabayin yung studies at the same time pagffangirling ko sa esbi.Mahirap pero kaya!:>And gusto kopo kase talaga makapanood ng OurZone Concert🥺💙
@SB19Official #SB19","For me, I think I deserve this ticket because I'm really trying my best to balance my studies and my fangirling for SB19 at the same time. It's hard but I can do it! :> And I really want to watch the OurZone Concert 🥺💙
@SB19Official #SB19"
jajajjajajaajjajaa gago ka talaga,hahahhahaha you're really an idiot.
"Kaya naman may ibang activities din? Or kami lang ba blind? 
Also, di ba nag caravan din si Ka Leody?","So why are there other activities? Or are we just blind?
Also, didn't Ka Leody also have a caravan?"
Kinikilig talaga ko buong araw HAHAHA,I've been giddy all day HAHAHA.
Minsan kailangan mo nalang talaga kalimutan yung feelings mo para sa kanya.,Sometimes you just really need to forget your feelings for them.
lamok lang talaga aq guys pag kasama ko sila huhu,"I'm really just a mosquito, guys, when I'm with them huhu."
"#ILMHISCelesteisTrending
Si Mikoy gora kaagad..di ba kaya mameet si Tonito with Celeste?","#ILMHISCelesteisTrending
Mikoy left immediately.. can't he meet Tonito with Celeste?"
Pangarap ko talaga makatulog 🙁,My dream is to really sleep 🙁
🥺🥺🥺,🥺🥺🥺
He is the sweetestttt,He is the sweetestttt.
"malapit na po maging novel:)
hayaan naten sila sa trip nila...di ba nila alam na niloloko nila sarili nila at nakakaoffend sila...kahit yun mga pinsan ko na hindi fans ng ppop... gusto ang bgyo;)","It's almost a novel :)
Let them do their thing... don't they know they're fooling themselves and being offensive... even my cousins who aren't P-pop fans like BGYO ;)"
Di ba kapag mobile data iba iba ang ip address nun?,Isn't it true that mobile data has different IP addresses?
Mas okay talaga yung masaya ka kasi alam mong wala kang niloko 😊,It's really better when you're happy because you know you haven't deceived anyone 😊
Gusto kong magkaroon ng electric guitar pero sino ba naman ako para magkaroon nu’n ‘di ba,"I want to have an electric guitar, but who am I to have one, right?"
gagi bold,"Damn, bold."
Happy birthday sorry talaga nakatulog ako di ko nagawa yung balak ko na batiin ka ng 12 sorry....😓,"Happy birthday, I'm really sorry I fell asleep and couldn't do what I planned, which was to greet you at 12, I'm sorry.... 😓"
loveu,love you
Eto talaga sagot guys☺️❤️,"This is really the answer, guys ☺️❤️"
@teurejeono0na_ Ako gusto ko na ayusin talaga hahahahaha kulang pa yung PCs na nakasabit sa monitor hahahahaha,@teurejeono0na_ I really want to fix it hahahahaha the PCs hanging on the monitor aren't enough hahahahaha.
"16 VIEWS 🤣🤣🤣
the 16 views: lou","16 VIEWS 🤣🤣🤣
the 16 views: lou"
😕😕😕 STFU may pasok ka di ba,"😕😕😕 STFU you have school, right?"
Oo beh ingay mo kasi nag bbeg for streams,"Yes, babe, you're so noisy begging for streams."
STFUU just wanted to recommend it bc it’s rlly good,STFUU just wanted to recommend it bc it’s rlly good.
ASSUNGERA TALAGA SARAP SAPAKIN,"SO PRESUMPTUOUS, I want to punch her."
hindi ba parang gusto na kong bugbugin ng nanay ko kase araw araw na kong gabi natutulog?,Doesn't it seem like my mom wants to beat me up because I go to sleep late every day?
araw araw...,every day...
gabi?,late?
"huhu sorry di ko po hawak audio :(
#PBBKumuTransformers","huhu sorry, I don't have control over the audio :( 
#PBBKumuTransformers"
"karlito be like: bakit parang kasalanan ko?
HAHAHAHAHAHHA","Karlito be like: why does it seem like it's my fault?
HAHAHAHAHAHHA."
Bakit di available sa Taguig yung Chicknwich?????? Di ba kami part ng Mega Manila???,Why isn't Chicknwich available in Taguig?????? Aren't we part of Mega Manila???
The homophobia eme,"The homophobia, eme."
true ganda kaya ng template ng St. Luke's for test results and yes always may colored logo,"True, the St. Luke's template for test results is nice and yes, it always has a colored logo."
Bobo ka talaga wala ka alam,"You're really stupid, you don't know anything."
matutulog na talaga ako,I'm really going to sleep now.
"May kayamanan sa bag ni Lia.
Hindi iniiwanan eh.
#TWBUSurfaceTension
ALDENxTWBU NewDay 
#AldenRichards","There's treasure in Lia's bag.
She never leaves it.
#TWBUSurfaceTension
ALDENxTWBU NewDay
#AldenRichards"
"napansin ko rin. hahahaha.
nakauwi na’t lahat, nakapasok at nakalabas ulit ng bahay, bitbit pa rin ang bag.
#TWBUSurfaceTension 
ALDENxTWBU NewDay","I noticed that too. hahahaha.
She's already home, went out and came back again, still carrying her bag.
#TWBUSurfaceTension
ALDENxTWBU NewDay"
"Di ba? Hahaha! 
Ako kasi deretso na sa lalagyan ng bag eh. Di ko na bitbit kung saan saan.
#TWBUSurfaceTension
ALDENxTWBU NewDay 
#AldenRichards","Right? Hahaha!
I just go straight to the bag storage. I don't carry it everywhere.
#TWBUSurfaceTension
ALDENxTWBU NewDay
#AldenRichards"
"ako iiwan ko sa unang table na madaanan ko. 
hahahaha.
#TWBUSurfaceTension 
ALDENxTWBU NewDay","I'll leave it on the first table I see.
hahahaha.
#TWBUSurfaceTension
ALDENxTWBU NewDay"
Ano yung kinain nung mga highest sa surgery? 😭 nilamon ba nila yung schwartz at sabiston????? Penge naman ng onting talino. Naghihingalo na grade ko 🥲,What did those who got the highest scores in surgery eat? 😭 Did they devour Schwartz and Sabiston????? Give me some intelligence. My grades are dying 🥲
"doc gud murneng ik dis wont work for ebriwan and this may sound mayabang but this is what I really did for surg quiz: I started listening to lectures and taking notes (handwritten) para iwas antok. Didnt try to read books or transes, didn't even pull an all-nighter. got 22/30","Doc, good morning, this won't work for everyone and this may sound arrogant but this is what I really did for the surg quiz: I started listening to lectures and taking notes (handwritten) to avoid getting sleepy. Didn't try to read books or transes, didn't even pull an all-nighter. Got 22/30."
"unlike doc nung prelims na nag-all-nighter ako, read schwartz, transes, plus samplex pa tapos parang 11 lang ata ako non. (tho siguro factor na rin yung nasa adjustment period pa hehe)","Unlike Doc during prelims when I pulled an all-nighter, read Schwartz, transes, plus samplex, and I only got like 11 then. (Though maybe the adjustment period was also a factor hehe)."
Kailangan ko na talaga matutong maging slow collector para hindi ako naiistress at napepressure ng ganito hahahaha Thank you sarangi for always reminding me~,I really need to learn how to be a slow collector so I don't get stressed and pressured like this hahahaha Thank you Sarangi for always reminding me~
inaantok lang ba ako o nawawalan na talaga ng sparks inlife appmus ni hyunjin :(,Am I just sleepy or is Hyunjin's app music really losing its spark in life :(
May soft spot ka akse para sa kanya,You just have a soft spot for her.
"Namjoon kahit idol kita sasapukin talaga kita cherizzz bakit ba kase ang manhid mono like what are you ba 
Ay taray english","Namjoon, even if you're my idol, I'll really punch you, just kidding, why are you so oblivious, like what are you.
Oh, fancy English."
"Para sa pag babago kay ping tayo
#pinglacsonforpresident2022
#WeNeedALeader","For change, let's go with Ping.
#pinglacsonforpresident2022
#WeNeedALeader"
"Oh kyle!!! 18 ka lang ba talaga? 
BBS KYLE","Oh Kyle!!! Are you really only 18?
BBS KYLE"
nagugutom talaga ko,I'm really hungry.
kanina ka pa yuan 🥲🥲🥲🥲,"You've been like this for a while, Yuan 🥲🥲🥲🥲."
"Yeah, i don't buy 'i don't have candidate yet' her husband is on the news & public affair so how come she haven't made her mind yet di ba, for me its given, very clear na who should be in the top post","Yeah, I don't buy 'I don't have a candidate yet,' her husband is on the news & public affairs so how come she hasn't made up her mind yet, right? For me, it's given, very clear who should be in the top post."
kulang yung albums 🥲 /hinimatay,The albums are lacking 🥲 /faints.
GAGI NEJDJSSJSJ PARANG KANJNA LANV PINAGUUSAPAN NATIN....,DAMN NEJDJSSJSJ IT FEELS LIKE WE WERE JUST TALKING ABOUT IT....
HA KELAN,HA WHEN?
yung pano kung may kulang ganern,"like what if something's missing, you know?"
Parang gusto ko na ituloy to pag pupuyat na ito sa jogging,I feel like I want to continue this late-night habit for jogging.
Cute tatawa eh parang lumalagok ng tubig gagstick ka talaga boogartu,"Cute, he laughs like he's gulping water, you're really a gagstick, Boogartu."
Kung makapag puyat ako parang wala akong pasok mamaya 😂,I'm staying up late as if I don't have work later 😂
Something sensible from the Senate.,Something sensible from the Senate.
"HINDI! KAGAGUHAAAAN YAN...
NUNG 2016 NGA KINAWAWA NG KUNWARING TANDEM SI MDS NG ISANG HUMAHAB0L KAY DIG0NG KAS0 AYAW MAN TALAGA SA KANYA NA KESY0 NAG CAMPAIGN FUNDS KAY DIG0NG KAHIT NA SI MDS ANG KATANDEM NYA 🙄 UGALING 🤣","NO! THAT'S NONSENSE... Back in 2016, MDS was supposedly ganged up on by a 'tandem' trying to catch up to Digong, but they didn't really want her, claiming she gave campaign funds to Digong even though she was his running mate 🙄 WHAT A CHARACTER 🤣"
"""si shotaro"" HDFDJDJSHS kung di q binasa replies di q rin magegets na yung naka negative eme pala yung tinutukoy 😭 parang need q na talaga matulog 😭","""Shotaro"" HDFDJDJSHS if I didn't read the replies, I wouldn't have gotten that they were referring to the one with the negative status 😭 I really think I need to sleep 😭"
Mrena. Gase gore bone dilawyer di ba buella?,Mrena. Are those lawyers not coming back?
"Di masakit no parang kagat lang ng crocodile 
x.com/i/spaces/1yNGaYDmbqbGj","It doesn't hurt, it's just like a crocodile bite x.com/i/spaces/1yNGaYDmbqbGj"
parang tanga naman,It's just stupid.
"I just KNOOOOOW I'm gonna have a mini fight with my friends who are 0l1v1a fans and they're gonna call 875 ""overrated"" and when I defend the boys i'm the crazy one pero oks lang para sa tannies naman","I just KNOOOOOW I'm gonna have a mini fight with my friends who are 0l1v1a fans and they're gonna call 875 ""overrated"" and when I defend the boys i'm the crazy one but it's okay, it's for the tannies anyway"
Si JB parang nasa Big 4 category lahat,JB seems to be in the Big 4 category for everything.
ok real na talaga !!! goodnight !!!,"Okay, it's really real now!!! Goodnight!!!"
be a preschool teacher for a day,Be a preschool teacher for a day.
di ba!!! i believe he'll be a sweet teacher 🥺,Isn't it!!! I believe he'll be a sweet teacher 🥺
Kunwari natulog pero pumikit lang talaga,Pretended to sleep but just closed my eyes.
"aww kyle, parang tatay naman to","Aww Kyle, he's acting like a dad."
"eto yung side mo na di nila nakikita, ambot sa mga buang oy mabungol mn og mabuta ig abot sa mga maayong butang na imong mabuhat",This is the side of you they don't see; they're all crazy and deaf and blind when it comes to the good things you do.
Pasagdai lage daw na sila anjo kay ikaw man ang nakabalo jud. Ambot lang nimo tj,"Just let them be, Anjo, because you're the one who really knows. I don't know about you, TJ."
"i know na hindi lang si anji at kd ang apektado dito, tayo rin apektado. isang mahigpit na yakap para sa lahat : ((",I know it's not just Anji and KD who are affected by this; we are too. A tight hug for everyone : ((
Pumunta lang talaga kami sa okada para mag kape😂,We really just went to Okada for coffee 😂
"eyebags so deep, might as well cosppay itachi HAHAHAH CHOZ","Eyebags so deep, might as well cosplay Itachi HAHAHAH JUST KIDDING"
pero legit!!! anlalim na 😭🏃‍♀️,But seriously!!! They're really deep 😭🏃‍♀️
basta parang kay itachi na 😭,They're just like Itachi's 😭
"hello sa mga nag-alarm dyan para sa the kelly clarkson show x enhypen, sige matulog na kayo ulit mamayang 6am pa yon","Hello to everyone who set an alarm for The Kelly Clarkson Show x Enhypen, you can go back to sleep now, it's still at 6 AM."
"Ang pogi talaga 
WeTueStay with MahMygz
#MAHMYGZ4LIFE",So handsome. WeTueStay with MahMygz #MAHMYGZ4LIFE
gusto ko talaga ireread yung alon au pero parang hindi ko pa kaya😭😭😭,I really want to reread the Alon AU but I feel like I can't yet 😭😭😭
l8 nyt talks pa nga @minaminaminahi @sanasanasanahi @twice_jeongzeu,Late night talks still @minaminaminahi @sanasanasanahi @twice_jeongzeu
sana lang di magkatotoo yung sinabi ni dan kasi kung totoo... HAHAH izza prank gumagawa lang talaga ko ng plot,"I just hope what Dan said doesn't come true, because if it does... HAHAH it's a prank, I'm just making up a plot."
HAHAHAHA just saying 🤷🏻‍♀️ nangyare kase sa'kin yon so there's that ;>,"HAHAHAHA just saying 🤷🏻‍♀️ because that happened to me, so there's that ;>"
HAHAHAHAH PAKQ SHARMAINE GAGU KA KINAKABAHAN AKO,"HAHAHAHAH DAMN SHARMAINE, YOU'RE CRAZY, I'M GETTING ANXIOUS"
parang kasalanan ko pa,It feels like it's my fault.
"nagising na laang na parang sinisilaban ang katawan, grabeng init walangya","Just woke up feeling like my body was on fire, damn it's so hot."
"DI BA KAYO KINAKABAHAN 
@OfficialMonstaX
#몬스타엑스 
#RushHour",AREN'T YOU NERVOUS? @OfficialMonstaX #MONSTAX #RushHour
"Kabado bente
#RushHour 
 #MONSTAX #몬스타엑스 @OfficialMonstaX",Twenty times nervous. #RushHour #MONSTAX #MONSTAX @OfficialMonstaX
"FEELING KO NATATAE NA KO SA KABA 
@OfficialMonstaX
#몬스타엑스 
#RushHour",I FEEL LIKE I'M ABOUT TO SHIT MY PANTS FROM NERVOUSNESS @OfficialMonstaX #MONSTAX #RushHour
sleepwell talaga,Really sleep well.
daniel padilla parin talaga pinaka ideal guy hays,"Daniel Padilla is still the most ideal guy, sigh."
top or bottom? — Who always wants to be at the bottom? We keep surviving and working so hard our ass off just to be on top. curiouscat.qa/bosslady/post/…,Top or bottom? — Who always wants to be at the bottom? We keep surviving and working so hard our ass off just to be on top. curiouscat.qa/bosslady/post/…
Ay ehe enebe pero top talaga ako🤣  (top 1 sa <3 nya),"Oh, ehe, whatever, but I'm really a top 🤣 (Top 1 in their heart)"
"Lord, sign na ba to? Char","Lord, is this a sign? Just kidding."
Pinepressure na ata ako ng fb hahahahha 😭😭,Facebook is probably pressuring me hahahahha 😭😭
Di ba pwede jowa muna hahahahaha,Can't I just have a boyfriend first hahahahaha
I want to write AU pero parang ang dami ko pang priorities,I want to write an AU but I feel like I have too many other priorities.
Okay lang talaga ako ditoooo 🥲 #DSpace,I'm really okay hereeee 🥲 #DSpace
may theory ako na baka di talaga natuluyang mabaog ni 't' tas nag bunga din yung last na happenings niya w 'j' charot kung ano2 nalang kinukuda ko on 3am pasensyae pipol goodnight,"I have a theory that 'T' might not have actually become infertile and that their last encounter with 'J' had consequences. Just kidding, I'm just rambling at 3 AM, sorry folks, goodnight."
"lab na lab ko yung tk sideship sa au na to, deserve din naman nila yung happy ending do not touch me di ako ok","I really, really love the TK sideship in this AU, they also deserve a happy ending, don't touch me, I'm not okay."
ahhhh grabe talaga vocals ni kihyun huhuhuhu,Ahhh Kihyun's vocals are truly amazing huhuhuhu
IYAK NAMAN TALAGA TEH,"YOU'RE REALLY CRYING, GIRL."
"Hala anong klaseng comment to? May nabasa po kayong sinabi kong bayaran? Di ba po question mark yung nasa dulo?
May sinabi ba akong masama sa mga motorista? Mga Pilipino rin sila na kababayan natin. Na vulnerable sa panloloko ng mga mapagsamantalang tao.","What kind of comment is this? Did you read me saying it's paid? Wasn't there a question mark at the end? Did I say anything bad about motorists? They are also Filipinos, our countrymen, vulnerable to being scammed by exploitative people."
ang cute nya kiligin parang highschool aww ><,"She's so cute when she blushes, like a high schooler aww ><"
Buti nalang di ko inabangan Yung announcement nakakainis Yung Grammys parang iisang artist lang nino-nominate sa lahat 🙄,"Good thing I didn't wait for the announcement, the Grammys are annoying, they seem to nominate only one artist for everything 🙄"
next year nalang talaga ako bibiling bulaklak para sa sarili ko promise na SHAHAHAHAHAH,"I'll really just buy flowers for myself next year, I promise SHAHAHAHAHAH"
BAKIT PARANG KASALANAN PA NILA 😡,WHY DOES IT FEEL LIKE IT'S THEIR FAULT AGAIN 😡
Nag release ng teaser para sa Best Selling Adult Fiction Novel and a future Blockbuster hit sa big screen.,Released a teaser for a Best Selling Adult Fiction Novel and a future Blockbuster hit on the big screen.
"that “Chanyeol, i-try natin sa BMW mo!!!”","That “Chanyeol, let's try it in your BMW!!!”"
Yung usapan ang pupunta lang sa The Good World. 😂,The conversation that's just going to The Good World. 😂
Ang hirap talaga pag di kayo match ng Manager mo,It's really hard when you don't match with your Manager.
Totoo. Ang bigat sa work,True. It's so heavy at work.
dapat talaga sa mga fake binabasura🤮🤮,Fakes should really be thrown in the trash 🤮🤮
Napapansin ko lang talaga pag nominated si Anji dun sinusubukan ni Tj paghiwalayin yung dalawa. Kung di lang sana na evict si Albie nandyan siya para sa dalawa #KyJiTalks2,"I just notice that whenever Anji is nominated, TJ tries to separate the two. If Albie hadn't been evicted, he would have been there for them. #KyJiTalks2"
pag may adults kasi parang they know what's right kasi even tho mali,"When there are adults, they seem to know what's right, even if it's wrong."
ang pbb ay parang CONTROL EVERYTHING IS UNDER sa tiktok ah HAHAHAHAHAHAHAHAHAHAHHAHAHAHAHAHAHAHAHAHAHAHAHAH kaloka,PBB is like CONTROL EVERYTHING IS UNDER on TikTok ah HAHAHAHAHAHAHAHAHAHAHHAHAHAHAHAHAHAHAHAHAHAHAH it's crazy.
yung talon ng aso ko sa bibingka na kinain ko parang talon lang ni Yuji...gg last na yun na bingka ang sarap pa naman 🥲🥲🥲,"My dog's jump for the bibingka I ate was just like Yuji's jump... GG, that was the last bibingka and it was so delicious 🥲🥲🥲"
Parang gusto kong manakit pldt… shutacca,I feel like hurting PLDT… damn you.
Para akong katang sa ilog na hindi na alam kung saan ang tinatahak dahil nakatingala lamang at silaw na silaw sa iyong liwanag na parang araw,"I am like a shrimp in a river that no longer knows where it is going because I am only looking up, dazzled by your light that is like the sun."
"Ako pala ay nakaakyat na sa pampang, nakaabot sa ilat ng kalungkutan, nahulog at hinayaan.","I have climbed ashore, reached the stream of sadness, fallen, and let go."
jejemon talaga tong bwiset na to,This annoying person is really a jejemon.
"Nakakatampo talaga kayo, sobraaa. Pero Wala nako magagawa roon. Nangyare na e","You guys really disappoint me, a lot. But there's nothing I can do about it now. It already happened."
Potaaa.. Sarap mo talaga... More ❤️💦💦💦💦,Damn... You're so good... More ❤️💦💦💦💦
parang walang shota kung umasta ah 😂,"Acting like they don't have a partner, huh 😂"
there's always that child talaga na sobrang kaugali ng tatay na sobrang ma loko huhuhu yuri ily po,"There's always that child who is really so much like their prankster dad, huhuhu, Yuri, I love you."
shutaca talaga buchog😭,"Damn it, you're really full 😭"
parang tanga ampota,"Just stupid, damn it."
Abusing that 'Pin to Profile'. Pwede naman di ba? 🤪,"Abusing that 'Pin to Profile'. It's allowed, isn't it? 🤪"
"Amoy single sa pasko, parang last year  lang naamoy ko rin.","Smells like being single for Christmas, just like last year, I smelled it too."
@NabiByun92 kaya ayaw ko na lalong ipagpatuloy e HAHAHAHAHAHA,@NabiByun92 That's why I don't want to continue HAHAHAHAHAHA
Tingnan ko nga mamaya HAHAHAHA parang free na kooo magrefresh ako maya maya asdfghjkl handa ba kong tissue? HAHAHAHA,I'll check later HAHAHAHA I think I'm free to refresh later asdfghjkl am I ready with tissues? HAHAHAHA
Yung Grammys parang ka M.U. kuno mo na di worth it pagpuyatan. 🙃,The Grammys are like your casual relationship that's not worth staying up for. 🙃
Tell them the truth @PBBabscbn ang mga bata ang nagssuffer sa issue ni TJ!! Kung concern talaga kayo sa Mental Health nila gawin niyo ang tama.,"Tell them the truth @PBBabscbn, the kids are suffering from TJ's issue!! If you are really concerned about their Mental Health, do the right thing."
AYARN YUNG MGA MATA NI SZWARC GAGI PARANG HINIHILA AKO,"THOSE EYES OF SZWARC, DAMN, THEY'RE PULLING ME IN"
"tarot reader: lemme pull out some letters that will be part of your spouse's name.... an H & an I!
me: YonasHIro? KawasHIrI? Kim SHeokjIn??",tarot reader: lemme pull out some letters that will be part of your spouse's name.... an H & an I! me: YonasHIro? KawasHIrI? Kim SHeokjIn??
😩 hindi naman sana delulu kaso lang tigang naman so parang dun pa rin papunta,"😩 It wouldn't really be delulu, but I'm parched, so it's kinda heading that way anyway."
"Yung tawa ni ate @SEOKJiNCASM
parang kay jin HAHAHAHAHAHAHAHAAHAHAHAH
x.com/i/spaces/1YqKDqYLRMBGV",Ate @SEOKJiNCASM's laugh sounds like Jin's HAHAHAHAHAHAHAHAAHAHAH x.com/i/spaces/1YqKDqYLRMBGV
"Blast lang talaga
Hindi i-aaddress how those users got our numbers????",It's really just a blast. Not addressing how those users got our numbers????
Parang magkamukha na silang dalawa❤️,They look similar ❤️
parang bet ko to,I think I like this.
id-drop ko talaga to pag di sila end game,I will really drop this if they're not endgame.
1k po pala each parcel na ipaconsol HAHAHAHA char 😙,It's 1k per parcel to consolidate HAHAHAHA just kidding 😙
itago mo nalang yan sige~ godbless :'),"Just keep it to yourself, alright~ God bless :)"
yung tipong mas mahal pa yung consol kaysa sa mismong binili HAHAHAHAHAHA 😭🤚🏻,The kind where the consolidation is more expensive than the actual purchase HAHAHAHAHAHA 😭🤚🏻
parang pinadala ko rin dito 😭,I think I sent it here too 😭
PARANG AWA COMEBACK NA PLEASE 🙏🏻,"PLEASE, HAVE MERCY, COME BACK 🙏🏻"
.@oliviarodrigo is nominated in all of the Big Four categories at this year’s #GRAMMYs.,.@oliviarodrigo is nominated in all of the Big Four categories at this year’s #GRAMMYs.
Hahahhahah ung aatungal ka lang na parang kambing.. okay na pala un lol,Hahahhahah just wailing like a goat.. I guess that's okay lol
"D ko malaman kung bobo si grannys o ano ? Lakas mo lakas mong mambwiset 😂
D naman na kame nageexpect sayo pero POTANGNAMO TALAGA","I can't tell if Grammys is stupid or what? You're so strong, so strong at annoying people 😂 We're not expecting anything from you anymore but DAMN YOU REALLY."
Anong ginawa nanaman nyan te hb ka hahah,"What did you do again, sis? Are you upset, hahah?"
Hahahaha nakaka gg kasi teh 😂,"Hahahaha because it's irritating, sis 😂"
Di ba sila nominated? Teka di ako masyado updated di ako masyado nag iiscroll madalas 😂,"Are they not nominated? Wait, I'm not very updated, I don't scroll much often 😂"
Sa isa lang sila na nominate same as last year tas ung iba wala na i mean hahaha wtf 🤣,"They were only nominated in one category, same as last year, and the others weren't, I mean hahaha wtf 🤣"
bakit parang naguguilty me mag sick leave? dati naman once a week lang pasok ko absent pa,"Why do I feel guilty taking a sick leave? Before, I only came in once a week and still took absences."
Sumasakit ulo ko sainyo. Parang need ko ulit 1 cup. Dejoke naka anim na ko.,"You guys are giving me a headache. I feel like I need another cup. Just kidding, I've already had six."
"Remember when TJ wanted na pagtablahin sina KD at Anji, until now feeling ko yun pa rin talaga plan niya. Nakakagalit yung mga actions ni TJ. After what he has been done, magpapanggap siya na parang walang nangyari at walang nasaktan. Napakagaling maghugas ng kamay. #KyJiTalks2","Remember when TJ wanted to make KD and Anji even, until now I feel like that's still his plan. TJ's actions are infuriating. After what he has done, he will pretend that nothing happened and no one was hurt. He's so good at washing his hands. #KyJiTalks2"
You know what #scammy? after my work at 11pm in the🇵🇭 I VOTED IMMEDIATELY and wasn't able to 💩because I was focusing to that VOTE but then #BTS_twt is not nominated for RECORD OF THE YEAR? ASAN ANG HUSTISYA PARA SA PAGOD NAMIN AT SA💩 NA PINIPIGILAN KO 3hrs?!,You know what #scammy? after my work at 11pm in the🇵🇭 I VOTED IMMEDIATELY and wasn't able to 💩because I was focusing to that VOTE but then #BTS_twt is not nominated for RECORD OF THE YEAR? ASAN ANG HUSTISYA PARA SA PAGOD NAMIN AT SA💩 NA PINIPIGILAN KO 3hrs?!
Talagang pineperahan lng tau nang PBB. Just a suggestion po what if we all stop voting sa next nomination since parang wala naman kwenta ung opinions natin sa PBB. Like come on hindi na nga na address ung issue nang proper tapos ngaun KYJI na naman ung ginagawan nang issue ni TJ.,"PBB is really just trying to make money off of us. Just a suggestion, what if we all stop voting for the next nomination since our opinions seem worthless to PBB. Like come on, the issue wasn't even addressed properly and now TJ is making an issue out of KYJI again."
Waah ang cute may mga pagiveaway pala para sa mga nagsstream 💗,"Wow, how cute! There are actually giveaways for those who stream 💗"
mali pa ung first few screenshots na nagawa ko wala palang view count HAHAHAHA oops noted so much vsjxbdm ;u;,"The first few screenshots I took were wrong, there's no view count HAHAHAHA oops noted so much vsjxbdm ;u;"
tamad aq mag edit now but-- djdbudbsisbshsvsh @skylaurr,I'm too lazy to edit now but-- djdbudbsisbshsvsh @skylaurr
"ay hindi,now lang talaga yan para sa edit HAHAHAHA jk","Oh no, it was just for the edit now HAHAHAHA jk"
Hahaahaahaaha parang may kilala ako,Hahaahaahaaha I think I know someone like that.
Hahaa,Hahaa
Aba bat gising kp,"Hey, why are you still awake?"
Take good care of yourselves besties ♥♥,"Take good care of yourselves, besties ♥♥"
"Halaaaaa. What happened beb? Hope you're okay na, di ko to napansin kanina. 🥺 You know naman I'm here di ba, same as you being there for me a while ago. Hugs beb. Ily!! 🤍","Oh nooo. What happened, beb? Hope you're okay now, I didn't notice this earlier. 🥺 You know I'm here for you, right, same as you being there for me a while ago. Hugs, beb. I love you!! 🤍"
hoy pinutol ko 2hrs kong tulog para sa tkcs tapos malalaman kong 6am pa yon? 🔪😃,"Hey, I cut my 2-hour sleep short for tkcs, only to find out it's at 6 AM? 🔪😃"
same tayo sis 😭 edi kanina pa sana ako tulog 🤧,"Same here, sis 😭 I could've been asleep already 🤧"
matutulog pa ba tayo o wag na 😭😭 baka di na ako magising ng 6am juskoooo,"Should we still sleep or not 😭😭 I might not wake up at 6 AM, oh my goddd"
OO 😭😭😭😭😭,YES 😭😭😭😭😭
JWHEJKSHAHDH bak8 gani2 rold 😭😭,"JWHEJKSHAHDH why is it like this, lord 😭😭"
2:00 am thoughts dali,"2:00 AM thoughts, come on"
deserve hahahahahahahahaha,They deserve it hahahahahahahahaha
haup na 2 di tulog magka ugnay parang namatay si hee,"This heck of two people not sleeping is connected, it's like Hee died."
Paplastic talaga!,They're so fake!
bakit naman ang lungkot lungkot nila mag announce di ba sila happy sa bohai nila,Why are they so sad when they announce things? Aren't they happy with their lives?
Ung inaantok kana tapos ganyan pa sila mag announce....HSHSHSH,You're already sleepy and then they announce like that....HSHSHSH
napapapikit na nga ako shuta HAHAHAHAHAH,"I'm already closing my eyes, damn HAHAHAHAHAH"
siguro te pati sila inaantok na din,Maybe even they are sleepy too.
manifesting evermore for ✨album of the year✨ like damn champagne problems deserves a solo recognition pero oks na tong AOTY 🙏🏻,"Manifesting Evermore for ✨Album of the Year✨ like damn, Champagne Problems deserves solo recognition, but AOTY is good enough 🙏🏻"
Pero grabe pa rin talaga taylor eh parang kinalimutan na tong album na to :/,"But Taylor is still incredible, it's like this album has been forgotten :/"
