src,baseline,tgt_v3
Just got shipment notif for the signora cosplay what's good y'all?,"I got just got shipment notif for the signora cosplay cosplay for the signra coplay what's good y'all i'all, ii's been i's, i'm i'd i'll, i i'l i'r i'n, i 'i' s i' ll i' s. i' i' l i' m i' d i' n' s, ie' s lv i' r i' v i' k i' y' s... i' we' s! i' a i'","just got shipment notif for the signora cosplay, what's good, y'all? it's been a while since we've been back and forth for the sinners cosplay. they're getting better and better, everyone's getting better, they all get better, and they all are getting better."
"Syempre may pa beso, nakangiti ka Louie kasi masaya ka di ba?","I’m sure you’ll be able to sit down for a long time and get a good night’s sleep with Louie on the table and we’re going to have a great night of fun, but we’ve got to get her out of bed so that she can sit down and sit down with us all night long and look at our kids and ask them if they’re ready to go to bed tonight. We’re not going to be sitting on our hard-earned couches and sitting in front of our kids, and we are going to take our shoes off our beds and sit","They're supposed to sleep for a while, but Louie's nakedness and the fact that she's sitting on the table is really important, right? It's really hard to get out of bed because they've been spending so much time on their backs for so long, and it's hard for them to stay together, and they're getting tired because they don't know each other, they just love each other and they have nothing to do with them, so they go back and forth again and again, and then they sit on the couch and they take their"
Emz vote for bts!!!,Thank You for our efforts for bts!!! Thank you for our incredible! Wear everyone!,Their Emz vote for the best bts!!! They are the ones who love each other!
ayon skl kamiss gumala na hindi puro mall lang. umay sa mall puta wala bang ibang view dyarn,I saw our newest Prime Minister speaking in Hindi on the first day of our New Delhi Mall. I was very happy to see our new mall from New Delhi because it was a great place to see people from all over the world,"ayon skl kamiss rubbed his fingers in Hindi pure mall lang. pissed with the mall, the guy who gave the bang to the viewers, it's true that they're getting more and more money from their neighbors, and they've been spending more money on their kids."
"Okey lang tutal mapropromowt naman mga campaigns Kesa naman maging 'far left', di ba? Screw the poor! Pagibig ang radikal!","I want you to be involved in our campaigns and our pro-promotion campaigns for the far left and far left, right? Screw the poor!","it's okay to use the tutal mapropromowt of the campaigns and the Kesa campaigns for the 'far left', right? Screw the poor! Let the radicals get out of the way!"
That’s just a lie. He posted pictures of a watermelon carved into the BLM fist.,په دې کې یوازې یو دروغ دی. هغه د يو Watermelon انځورونه د يو watermelon عکسونه پرانيستل شو چې د BLM fisst کې carved د ژغورنې د اوبو د میلوګانو انځورونه واچول. دا يوازې يو غلطي ده. دا یوازې يو دروغ ده. هغه زياته کړه په BLM fist په ډیجیریا کې د اوبو اوبه، چې د اوبو لپاره د ميلوګانو د انځورونو کې پرانيستي دي.,"It’s just a lie. He posted pictures of a watermelon carved into the BLM fist carved in the B.L.F., it’s only a lie, he posted photos of an watermeon carved inside the BLS fist, and it was said that this is just a ly."
ilang minutes?,"All of a sudden, a thousandth of a millisecond. Seven minutes of this. Seven seconds of that. Huh Huh Huh? Uh Uh Uh Huh Huh. One millionth of those minutes of that time. H H H E E E F R R R S E E R R Ai Ai Ai Oo Oo Oo Seventeen. Seven hundredth of one-hundred of those hours of that single-tenth of hours of of that one-one-threth of of hours. Uh Uh oh oh oh ah ah ah Ah Ah Ah ah ah! One-one of those six-ten-th","so many, so many minutes of almost nothing?"
"Xander raised an eyebrow, trying to hide his nervousness. ""Anong ibig mong sabihin?"" ""Ang ibig kong sabihin, hindi ako patas gumanti. Walang salitang patas lalo na sa mga taong tulad mo. Maling mali ka ng binangga, Xander."" Ken plastered a smile before turning his back.","Xander یو سترګو پورته کړ، هڅه کوله چې خپل اعصاب پټ کړي. ""زه غواړم چې څه وکړم؟"" ""زما سره د خبرو په اړه څه شی دی؟"""" ""د دې لپاره چې زه د هندي ژبې، انګلیسي ژبه زده کړم، دا د پښتو ژبې لوستونکي دي. زه د دې ژبې په ټولو ژبو کې د خپلو زده کونکو په اړه خبرې کوم. زېرمتون، Xander، زنډر. """" کین د خپل شاته مخه نیولو دمخه یو ژړانده","Xander raised his eyebrows, trying to hide his nervousness. ""What are the things you can do?"" ""I can't help it, I think I'm the only one who gets it. It's so hard for him to get it out of those people who want it. Xander, the one who's the worst, Xander."" Ken plastered a smile before turning his back."
Luh sino ka naman dyan? HAHAHA bat ba parang ang laki ata ang galit mo sakin ghourl?,"I think it’s important to remember that I’ve always been very concerned about the laws and how they affect my body, my mind and my mind. And I’m thinking of these two things:","Why are you so crazy? HAHAHA, is it true that you don't look like the guy at the back of your mouth when you're quiet and still crying, but it's true that they're more powerful than the people they love."
DI BA UNG IBA PINAPAKITA,Our products have been approved by IBA Pharmaceutical Products Manufacturers & suppliers from Australia.,she was the hero of IBA and its products.
ay di ba part ng choices yun?,And when we decided that we were going to take part in the choices that came out of our elections?,"is it true that they were part of the choices that were made, and so many of them were influenced by their choices? Why did they decide that they're going to be more important in the lives of millions?"
ugali huh,Nigeria Nigeria Nigeria Sri Sri Sridikdikdik heroin heroin heroin Nigeria Nigeria Myanmar Myanmar Myanmar Nigeria Nigeriadikdik Nigeria Nigeria heroin heroin Sri Sri Nigeria Nigeria Girl Girl Girl Nigeria Nigeria Kenya Nigeria Nigeria Iceland Iceland Iceland Nigeria Nigeria Eritrea Eritrea Nigeria Nigeria Nigeria Nigeriadikdik Sri Sri Myanmar Myanmar Sri Sri Sri Sri heroin heroindikdik Ris Ris Ris Nigeria Nigeria era era era Nigeria Nigeria Bangladesh Nigeria Nigeria Eric Nigeria Nigeria Sierra Nigeria Nigeria Ghana Nigeria Nigeria Guatemala Nigeria Nigeria Qatar Nigeria Nigeria Brazil Nigeria Nigeria hạnh Nigeria Nigeria DEC Nigeria Nigeria Sec Nigeria Nigeria CER Nigeria Nigeria ON,eterna eterna eterna etern etern etern eterna eterna divin divin divin eterna eterna Mai Mai Maidikdikdik era era era rare rare rare divin divin etern etern divin divin 2014 2014 2014 divin divin extraordinar extraordinar extraordinar divin divin era era divin divin Sri Sri Sri divin divin mund mund mund divin divin Mai Mai divin divindesdesdes divin divin mira mira mira divin divin refresh refresh refresh divin divin rare rare 2014 2014 2012 2014 2014 2015 2014 2014 etern etern era era etern etern 2014 2014 & & & divin divin paradis paradis paradis divin divin Divin divin divin 2.6 divin divindikdik divin divin babe divin divin Sierra Sierra Sierra divin divin Ris Ris Ris divin divin
tamlay nyo naman di ba kayo kumain,I've been working on a couple of things for the last six months of my contract for the International Olympics in preparation for my audition for the Olympics.,i i i and i i  i i the i i imp imp imp i i couple i i damn i i just i i millions i i aid aid aid i i re i i eterna i i sy i i four i i sne i i last i i repeat i i desperat i i u i i constantly i i wan i i fucking i i excuse i i 2 i i crazy i i two i i my i i sometimes i i each i i every i i are i i on i i c i i dr i i sc i i several i i from i i finally i i stupid i i temporar i i emp
"""Sabi niya, ienjoy mo na lang daw 'yung leave mo. Wag ka na raw babalik kasi hindi ka na nila kailangan sa company. Mmm, ano pa ba? Ah! Your license... What will happen if they file a lawsuit against you? Tsk tsk. Good luck, I guess?"" Ken was enjoying Xander's state of misery.","""د ټولو سره یوځای شئ، زه خوشحاله یم چې ما د اوږدې مودې په اوږدو کې تیریږي او زه پریږدم. د خپل شرکت لپاره د کمپنۍ د جوړولو لپاره د انټرنیټ لپاره د انګلیسي ډیجیټل بازار موندنې د خامو بډایلیک کارتونو سره کار کوي. اممم، څنګه پیپ بابا؟ آه! ستاسو جواز ... ستاسو جواز... که دوی ستاسو په وړاندې د تا پروړاندې شکایت وکړي نو څه به happen if they file a lawsuit against you? Tsk tsk. Tsk","""Sabi, everybody, ienjoy mo na lang daw 'yung leave mo. Wag ka na raw babalik kasi hindi ka ka na na nallur victor sa company. Mmm, ano pa ba? Ah! Your license... What will happen if they file a lawsuit against you? Tsk tsk. Good luck, I guess?"" Ken was enjoying Xander's state of misery."
Gigil iiglip sana ako nabuwiset pa,"I want you to know that if you have a vision of something, it has to be done through our eyes, because we need to be able to see what it is.","They're getting better and better because they're being nabuwiset even more often than ever, why they are getting more and more often, why it's rare that everyone is dreaming every day"
sobrang cute,Danish Danish Danish cute cute cute AH AH AH Danish Danish Irish Irish Irish Danish Danish Iceland Iceland Iceland Danish Danish AH AH cute cute Christmas Christmas Christmas AH AH heroin heroin heroin cute cute Danish Danish Einstein Einstein Einstein Danish Danish Albania Albania Albania Danish Danish Malaysia Malaysia Malaysia Danish Danish Denmark Danish Danish Persi Persi Persi AH AH April AH AH Princess AH AH Fantastic AH AH Quin Quin Quin AH AH Qatar Qatar Qatar AH AH Golden Golden Golden AH AH Guinea Guinea Guinea AH AH ASEAN AH AH Holy AH AH Valencia AH AH Amin AH AH Cath AH AH Malayalam AH AH Filipino AH AH Pra Pra Pra AH AH OH AH AH Howard AH AH Christmas Christmas cute cute,just just just cute cute cute each each each cute cute and and and cute cute everyone everyone everyone each each all all all each each and and each each every each each just just each each everyone everyone cute cute just just and and just just totally totally totally cute cute beautiful cute cute really cute cute constantly cute cute  cute cute absolutely cute cute even cute cute i cute cute totally totally just just all all cute cute so cute cute couple cute cute all all just just everyone everyone just just the cute cute completely cute cute from cute cute things cute cute everything cute cute ever cute cute that cute cute eterna cute cute extremely cute cute adorable cute cute
"So, to clarify, the suspect did post about running people over. Good to know.","I. So, to clarify, the suspect did post about running people over over. Good to know, i. i.","and so, to clarify, the suspect did post about running people over. good to know that the suspect was running people, and then, to make it clear, the suspicious did post on running people above."
DI BA!!! Less gastos!! Hahahahahaha. May isa ako ngayong sisimulan but tingnan natin kung maganda. Bata uli ang bida hahahaha balitaan kita if maganda HAHAHAHAHAHA,I want you to do this! Less expense!! Ha hahahaha. May it happen if I am a little sissy but I want to be honest with you about everything I do. I should like you to say ha hahahaha to our children if we become children HAHAHAHAHHAHAHA,"Please don't do this!!! Less expenses!! Hahahahahaha. May I help you to simulate, but you can't help it anymore. Let's all be together, hahahaha. We are the children of our children if we are truly good. HAHAHAHAHHA"
Grabe ang hirap naman mag joke dito delulu na agad HAHAHAHHA,I'm going to take the place where every Sunday morning magical joke is said on the streets of HAHAHAHHA across the country by people saying,"Grabe, we're going to be the ones with no jokes, and this is the one that delulu na na echt says, and it's going to happen again and again."
"Pero doki, yung mga nakapirma po kaninong employees po sila?","I had to say, do you know that every single person who worked in the military, including employees and employees of the Department of Education, as part of their training, did that?","But, doki, who are the people who are really the biggest and most expensive employees of the people that they work for?"
maniwala ka sakin wala si rj jan,First First First Monday Monday Monday Wednesday Wednesday Wednesday Monday Monday June June June April April April June June January January January Monday Monday February February Monday Monday Tuesday Monday Monday New New New Rene Rene Rene rene rene rene Rene Rene Archives Archives Archives Monday Monday January January April April January January June June July June June Monday Monday Friday Monday Monday Thursday Monday Monday April April February February February January January February February April April August April April Monday Monday December Monday Monday Sunday Monday Monday Transit Transit Transit Monday Monday Saturday Monday Monday last last Monday Monday September June June February February June June March April April Wednesday Wednesday April April July June April January April June April June January April Monday,"my husband, my wife, my mother, my son, my daughter, my sister, my neighbor, my friend, my love, my beautiful, my beloved, my wonderful, my loved one, my poor, my rare, my precious, my good, my dear my love. my beautiful son, our beloved rj."
"O 'di ba kung kailan 'di na tayo nagkikita sa school saka mo'ko ichachat, kung kailan emotionally unavailable ako atm","I've never been to a school where I dropped out of school because I can buy things, but I'm emotionally unavailable if I am pregnant and I have a day","It's not true, it's never true that we don't get kicked out of school because we can't afford to buy, because sometimes I'm emotionally unavailable to them, and they're always the same, right?"
Look whose talking..... Supporter ng addict at magnanakaw ay magnanakaw at addict din. Same feather flocks together nga di ba?,देखो whose talking..... Supporter ng addict at magnanakaw at magnananakaw addict din. Same feather flocks together together nga di ba?,"Look who's talking... the support for the addict at magnanakaw is the same as the support to the drug addict. Same feather flocks together, right?"
di ba dapat ley miserab pronunciation don,Holy Holy Holy pronuncia pronuncia pronuncia my my my pronuncia pronuncia Amazing my my pra my my Common Common Common pronuncia pronuncia Voca Voca pronuncia pronuncia ہماری my my Im Im Im my my Royal Royal Royal my my My my my Holy Holy my my Sor my my MY my my Bes my my Scott my my Irish my my Amy my my British my my rare my my Official pronuncia pronuncia Sing my my Swedish my my SI my my Michelle my my Myanmar my my Queen my my Office my my Cour my my First my my Pho my my Milli my my Malaysia my my මගෙ my my Basic my my Latin my my Danish my my ut my my,rare rare rare my my my pronuncia pronuncia pronuncia pra pra pra pronuncia pronuncia prono prono pronuncia pronuncia my my rare rare pronuncia pronuncia rare rare emp emp emp my my pra pra rare rare poor rare rare voice pronuncia pronuncia sing sing sing pronuncia pronuncia voice voice voice rare rare Common Common Common rare rare pra pra my my emp emp rare rare Official rare rare re rare rare official pronuncia pronuncia express pronuncia pronuncia on rare rare prono prono prono rare rare silent rare rare common rare rare bra rare rare em rare rare  rare rare repeat rare rare sho rare rare famous rare rare semi rare rare strong pronuncia pronuncia vocal pronuncia pronuncia accent pronuncia pronuncia oral pronuncia pronuncia sy rare
cute di ba haha ito mukhang lumpia,I was so happy to see you! I had so much fun doing it! I was excited to see all your beautiful children! We had so many wonderful children! So we went to the gym and we had to sit up and admire them! We were so excited to have our daughters! And we were so proud to see our beautiful children. We were excited to receive our beautiful daughters from our school! We went to our school and we were having our wonderful daughters. We had our beautiful girls! We came to our TV shows and we gave our wonderful pictures! We gave our beautiful girles to our,"they are so cute that they are really! They are so full of lumps, and they get so good and so good again! They were so beautiful and so beautiful! They got so rich and so gorgeous and so damn beautiful!"
"Xander's eyes widened. Unable to speak, Ken continued talking. ""Biruin mo nga naman? Kaibigan ko pala ang boss mo? Mmm, he's my senior during high school days. Napagkwentuhan ka nga namin yesterday eh at may pinapasabi siya sa'yo."" Ken plastered a sweet smile to Xander.","د Xander سترګو پراخې شوې. د خبرو کولو توان نلري، کین د خبرو اترو ته دوام ورکړ. ""زما له نورو سره څه شیان لرو؟ زه غواړم چې د مور مور او پلار سره خبرې وکړم؟ ما د مالک سره څومره مینه لرم؟ اممم، هغه زما د لوړو زده کړو په ورځو کې د عالي ښوونځي په جریان کې زما سیسټم دی. ما نن ورځ د شپې له ورځې څخه ډیره حیرانتیا درلوده او نن ورځ موږ یې له تاسو سره مرسته کوو. """" کین سنډر ته یو","Xander's eyes widened. Unable to speak, Ken continued to talk. ""Do you have a biruin with you? Do you want me to be the boss of your boss? Mmm, he's my senior during high school days. He was my senior when I was in high school. I was so touched by him yesterday that it was possible to help him."" Ken plastered a sweet smile on Xander."
Let’s see next year hahaha,miser miser miser ខ្ញុំ ខ្ញុំ ខ្ញុំ miser miser mizer miser miser គ្នា miser miser elkaar elkaar miser miser Él Él Él miser miser бас бас бас miser miser مو مو miser miserဩဩဩ ایم ایم miser miser 2011 2011 2011 2012 2012 2012 2013 2013 2013 2010 2010 2010 2011 2011 2011. 2011. 2011. Albania Albania Albania Slovenia Slovenia Slovenia Albania Albania ഐ ഐ Miguel Miguel Miguel miser miser etern etern etern miser miser ஆசி ஆசி ஆசி miser miserndawondawondawo miser miser хүн хүн хүн miser miser 🙂 miser miser haha miser miser BBM miser miserមីមី miser miser Croatia Croatia Albania Albania Ig Ig Ig miser miser svin svin miser miser eigentlich miser miser svet svet,"they are so miserable for next year. They are so happy for each other. They were so damn miserable because they had so many things to look after. They really looked like each other for the next year, so they were so rich. They all got so rich for each others. They literally looked like everyone for the following year. So they were really spending their life on each other again. They was so damn rich for every other year! They were really happy for everyone for their life. They leaned on them for each year. It was so rich because they were rely on each others for their lives"
Research muna bago putak!,Research is at the top of our rankings! We are dedicated to our research!,it's so damn hard to do research! It's really hard to go back and forth!
"Deinla: We are seeing the continuing misinformation, disinformation. Especially during this time, it is important for social media companies to assist the country that we minimize the proliferation of fake news during election time.",په دې وخت کې په ځانګړي توګه، دا مهمه ده چې د ټولنیزو رسنیو شرکتونو لپاره د ټولنیزې رسنۍ شرکتونو ته د هېواد د مرستې لپاره مرسته وکړي ترڅو هغه هیواد ته مرسته وکړي چې موږ د ټاکنو په وخت کې د جعلي خبرونو د خپریدو د زیاتوالي د کمولو په برخه کې مرسته کوو.,"deinla: We are seeing the continuing misinformation, disinformation. Especially during this time, it’s important for social media companies to assist the country that we minimize the proliferation of fake news during election time, we’re seeing the continuation of misinformation and disinformation, especially during this period, it is important for Social Media companies to help the country, that we minimise the proliferation of false news during electoral time, that’s what’s happening."
Oo hahahaha. Anyare jan kay Jinki?,"I was like, this is the first time I ever heard from a person like this.","it's just like they're so damn good, they just want to be seen by the people like Jinki, and they are so damn rare, they are just being seen by these people like everyone."
"Xander is confused with Ken's actions but he still managed to answer, ""Yeah. Ano bang kailangan mo?"" ""You're a CPA working in an auditing firm with a good reputation. Bet you're earning bigger than the minimum wage. Tama ba?"" Ken plastered a smile to Xander— a sarcastic one.","Xander ist mit Kens Aktionen verwirrt, aber er schaffte es immer noch, zu antworten: ""Ja. Ano bang iznad mo?"" ""Du bist ein CPA, der in einer Prüfungsfirma mit einem guten Ruf tätig ist. Du arbeitest als CPA in einem Auditing-Firma mit guter Reputation. Bet du're earning bigger than the minimum wage. Tama ba? Tama ba?"" Ken strecked a smile to Xander— a sarcastic one.","Xander is confused with Ken's actions but he still managed to answer, ""Yeah. Ano bang mogu mo?"" ""You're a CPA working in a auditing firm with a good reputation. Bet you're earning bigger than the minimum wage. Tama ba?"" Ken plastered a smile to Xander— a sarcastic one."
"okay so pwede kahit fresh milk lang di ba, kase baby pa naman? i have a syringe naman para sa vitamins ni Lily eh... thanks!",I have a syringe along with both vitamins and vitamins for Lily and Lily eh... thanks for coming to my family and I am happy with everyone thanks thanks to everyone for,"it's good to have fresh milk and milk again, isn't it, why don't you have a baby again? i have a syringe for Lily's vitamins for them, and that's why they're getting more and more vitamins, and they've had plenty of them again... thanks again for their help."
gusto ko talaga maging insider hahahah gusto ko malaman yung thought process ng mga teachers ng trainees at producers sa pagpili ng trainees na idedebut. napanood ko yung documentary ng stayc like legit sinasabi sa kanila na di sila nagwork hard masyado ganon,"I enjoyed myself from the inside as well as from the outside. I was really excited about the thought process of the teachers and producers trainees, and the producers' traineees, because they were interested in the ideadebut. I also liked the documentary, and I felt like I was legit when I was watching it, because I had a lot of hard work to do, I loved it, I enjoyed it,","i really liked the fact that they were insiders, i loved the thought process of the teachers, the trainees and producers, the apprentices and the producers. i was so impressed by the documentary, the stayc like legit, the right statements from the people, na di sila nagwork hard, masado ganon, ci ci"
"Thank youuu! Teka, di baliktad? Di ba dapat ako lilibre mo next year?",I’m looking forward to my next year and I’ll be able to do it with lilibre mo next year. I’ve been looking for joy and joy because I have been able to sit on top of my kids and have been given a chance to sit together and look forward to our next year’s festival. I want to see that we are able to have a place in the top of our children’s basketball team because we have been so proud and proud to have been part of our youth team.,"Thank you so much! Teka, why did you quit? Why didn't you just take a limber next year and have it all for the rest of the year instead of the last?"
Di ba? Hahaha! EKIS TALAGA,"आणि मग तुम ् ही त ् या लोकानाला स ् पर ् श करा! अरे! मिळणाऱ ् यासाठी हाय! (हशा!!) त ़ रज ् ञाना कार ् यक ् तीचं सगळं असं मिळालं! त ’ माझ ् यावर विस ् त रोत टाकण ् याचा बादवर मिळणाल ् यामुळे — — Jesus शूर icaicaica uxam ica,  Slovenian people dedicated to worldwide education from the","and they were just like that, like that! (Laughter) And they were so many people! They were like these people!"
"Ken wants to defend his situation and convince Justin that none of it will ever happen again. However, he knew things will be a lot more difficult once he start his fight with Mr. Lee. ""S-So anong gusto mong mangyari, Jah?"" ""I'll leave this country with Sebby. Ilalayo ko siya.""","کین غواړي د خپل وضعیت دفاع وکړي او جاستین ته قناعت ورکړي چې هیڅکله به هیڅ ډول بیا بیا هم پیښ شي. په هرصورت، هغه پوهیدل چې شیان به ډیر ستونزمن وي کله چې هغه د ښاغلی لی سره د جګړې پیل کولو سره پیل کړي. ""S-So س-So په زړه پورې خوښۍ سره مینه لري، Jah، Jah؟"" ""زه به د سیبی سره دا هیواد پریږدم. زه به دا هیواد د سیبي سره پریږم. زه د دې هیواد څخه لرې کړم.""","Ken wants to defend his situation and convince Justin that none of it will ever happen again. However, he knew things will be a lot more difficult once he starts his fight with Mr. Lee. ""S-So maybe I don't want to do anything, Jah?"" ""I'll leave this country with Sebby. I'll let you go."""
Maraming SLMT po yes po ako rin yun,Second Second Second Last Last Last Second Second SL SL SL Sing Sing Sing SI SI SI Second Second First Second Second New New New Second Second Final Final Final Second Second Also Also Also Second Second IF IF IF Second Second Cour Cour Cour Second Second Win Win Win Second Second Comme Comme Comme Second Second CBS CBS CBS Second Second Free Free Free Second Second Office Office Office Second Second Financial Financial Financial Second Second Common Common Common Second Second Official Official Official Second Second Name Name Name Second Second Uni Uni Uni Second Second Real Real Real Second Second Im Im Im Final Final Last Last Final Final Basic Second Second Four Four Four Second Second Dual Second Second Form Second Second,"i i i s i i 2 2 2 i i the 2 2 1 2 2 3 2 2 4 2 2  2 2 6 2 2 7 2 2 each 2 2 the 2 3 3 2 1 1 2 3 i i re 2 2 5 2 2 2014 2 2 commonly 2 2 "" 2 2 8 2 2 two 2 2 is 2 2 and 2 2 things 2 2 rare 2 2 people 2 2 eterna 2 2 literally 2 2 “ 2 2 couple 2 2 my 2 2 dreams 2 2 2. 2 2 day 2 2 on 2 2 9 2 2 The 2 2 occasions 2 1 3 2 3 4"
na di sila makakadebut kung ganyan ang performance nila. pero nung last evaluation na may tinanggal na isa at mahahalata mo talaga na di sya bagay sa image ng stayc PLS or psychology eme lang to na nasanay lang akong tignan ang stayc.,"I'm not sure if this is going to be a big deal in terms of performance, but my last evaluation might be related to my father at Mahahalata I was thinking about the image of stayc PLS or psychology related to stayc, PLS, or the psychology associated with stayc and I want to talk about how we can help you with this.","it's true that she can't even debut her performance because it is so good, but the last evaluation that she did might have been like this: ""I've been really supportive of you for so long,"" she said, ""and you're still thinking about the image of stayc PLS, or psychology eme lang to na na na nasanay, who's supposed to be the inspiration for stayc, and they're right."
True hahshaha,Ave Ave Ave aut aut aut Cambodia Cambodia Cambodia Indonesia Indonesia Indonesia  Original Original Original original AC AC ACuxuxux Extrem Extrem Extrem Era era era era Santo Santo Absolut Absolut Absolut DAN 2012 Newcastle 2011 MIN Miguel Virtual Virtual Virtual Ave Ave 2010 🙂 Seri 1990- 2016 Ami Cristiano Santiagoreal Мес AY SeñorENSE realmente original original original,"True True True authentic authentic authentic each each each photo photo photo each each  each each 2014 2014 2014 each each and each each 2014. each each AC AC AC each each 2015 2014 2014 2013 2014 2014 2014. 2014. 2014 2014 2012 2014 2014 2015 2015 2015 2014 2014. 2014 2017 2014 2014 photo photo photos photo photo 2014 2014 2016 2014 2014 2018 2014 2014 “ “ “ 2014 2014 2011 2014 2014 2012. 2014 2014 2017 2017 2017 2014 2015 2014 2013 2013 2013 2014 2014. photo photo  2014 2014 6 2014 2014 2013. 2014 2014 2015. 2014 2014 2014, 2014 2014 2 2014 2014   2014 2014. 2015 2014 2015 2013 2014 2015 2014. 2014. 2014. 2015 2015"
"Kaya nga..huhu..sana this wednesday,okay pa rin ang pusong dilaw","I’ve been hearing that wednesday, okay pa rinang pusong di weluang ka ka ka [...] wereland were were.. rum were... were this weekday, o were i i were on were today, were happy to hear that you’ve were going to be able to do it tonight, so were gonna do it now!","they're so.. ruminous.. they'll be here this wednesday, okay then, they will be able to get back to the top of the rankings because they've been so damned for so many years, they are so good.."
"charot lang, kasi bubuhatin niya naman ako sa case. hehehe 'di ba? salamat sa buhat noong nakaraan, naka-98 tayo.","I had a lot to do with it, and I had to get it out of the way, and then I got it back to the office. And then I went to my office and I was told that I was going to have to do a lot of things, and all I wanted to do was write a letter to everyone in the world saying,","charot lang, it was the case that my mom was busted in the case. he was really good, wasn't he? he was so good with the buhat that he never got tired, and he was always the strongest, strongest and strongest for the whole 98s, and they came back every day."
"Grocery scammers seem to be targeting opposition figures. Yesterday, someone ordered P100k worth of Metromart groceries under the name of presidential bet and VP Leni Robredo on a cash on delivery basis. The items have been returned and the riders were not charged. |",نن ورځ، یو څوک د ولسمشريزو شرطونو او مرستیال لینی روبرډراډرو او د ولسمشرۍ د شرطونو په نوم او دVP Leni Robredo او د مرستیال لوری روبرډو په نوم د سپارلو پر بنسټ د انتقال په اساس د نغدو پیسو پر اساس د مټرمارټ مارکیټ د میټرومارټ خوراکي توکو په ارزښت د P100k ارزښت د Metromart خوراکي توکي امر کړی دی. توکي بیرته راستانه شوي دي او موټر چلونکي چارج نه شوي. | |,The items have been returned and the riders were not charged. |
TEKA MARE NATUTUWA AKO PAG NANALO BA ALBUM MO PANALO RIN ANG INANG NATEN PAKISAGOT BHIE MARAMING SALAMAT. PINOY KA NAMAN DI BA GRAMMYs,د ټاپو سمندري ټیکنالوژۍ په اړه د پینالو په واسطه د نایلانولو په واسطه، د لامبلو په واسطه او د پالانو په واسطه. د پانګونې په برخه کې د پیټیګټوټ پانګونه د میرمنې کولو سلاټ. پیونیو کانامین ډی بی ګرامیمونو کې د پام وړ رول لوبوي,"""""""""Teeka MARE NATUTUWA AKO PAG NANALO BA ALBUM MO PANALO RIN ANG INANG NATEN PAKISAGOT BHIE MARAMING SALAMAT. """"PINOY KA NAMAN DI BA GRAMMYS,"""" """"since it's been a long time since we've been singing and acting."
before i sleep i just want to confess na im scared to end up like my clients asking if they will ever experience romantic relationships. theyre in their mid and late 20s to early and mid 30s; successful in careers but would still crave that romantic human experience :(,"i just want to confess na im scared to end like my clients asking if they will ever experience romantic relationships. they are in their mid and late 20s to early and mid 30s; successful in careers but would still crave that romantic human experience :( i would d) i am afraid to end up like my customers asking whether they will never experience romantic relations. theyre in their middle and late 20-s to earlier and mid 30-s to mid and mid thirties; successful In careers, but would continue to crave the romantic human experiences :( i س س س","before i sleep i just want to confess na i am scared to end up like my clients asking if they will ever experience romantic relationships. theyre in their mid and late 20s to early and mid 30s; successful in careers but would still crave that romantic human experience, but i'm afraid i'll end up as my clients ask if they'll ever experience romance relationships."
"tamad kayo, 'di ba?","They were all shouting at each other, like, oh my gosh, they were all rolling up and coming back to each other like, how did I ever get this girl to sit on top of this mother-in-law for all the time?","they're just so damned, right? so damn damned and damned."
baka dream talaga kasi.. synchronization of dream? eme,I was told that I was involved in the process of synchronization of dreams? i was connected to my player and I was focused on sports,they were really dreaming.. synchronization of dream?
At don’t worry mas mukha ka din magnanakaw sge iyak na,"I did not worry because my mom was a great grandmother and I was very excited to see her. I said, I wanted to be happy because I had a great day. I was excited because I was relieved to see my mother as a great person. I felt like I was in the middle of something important happening.","They don't worry because they're the only ones who have a big mouth. They say, """" magnanakaw, sge, this is it! """" and then they go to school again and again. They said, ""It's really important for us to get out of here."
"Huhu. TBH, this put all the blame to KD with the friendship that is happening. Di ba mutual yun? So HMs are now suggesting na tablahin totally ni Anji si KD? Di ko talaga maintindihan why they are blaming KD",هوه. TBH، دا ټول د KD سره د ملګرتیا چې د دوستۍ چې د پیښیدو سره KD د ټولو د ګناه په غاړه اچوي چې KD ده سره د دوستانه چې د خبرو اترو چې د پېښېږي سره دا ټول ګناه اچوي. Di ba دوه اړخیزه یو همغږي یو څه دي؟ نو نو د لوړ پوړو چارواکو اوس وړاندیز کوي چې اوس د ټابلیټ په بشپړه توګه نه Anji si KD ته د Kd په بشپړ ډول د ټاپوګانو وړاندیز کوي؟ د دې لپاره چې دوی د,"Huhu. TBH, this put all the blame to KD with the friendship that is happening. Are they mutual twins? So HMs are now suggesting na tablahin totally ni Anji si KD for KD? I really don't know why they are blaming KD, because they blame them for their"
Di ba blinding lights was the most streamed song in 2020 tas it got robbed,As Di Di Di di di ba Di Di ba Di di ba ba Di ba ba di ba Blinding blinding blind blind blinding Blinding Blind blinding Light Light Light Blinding Lights Di di Di Di Ba Di Diba Di Di DI Di Di Deep Di Di Bi Bi Bi 2017 2017 2017 2014 2014 2014 2015 2015 2015 2014 2014 2017 2017 2015 2015 2017 2017 2018 2017 2017 2020 2020 2020 ஆம் 2017 2017 2016 2017 2017 2012 2014 2014 2018 2018 2018 2017 2015 2014 2017 2014 2015 2014 2015 2017 2014 2017 2015 2017 2018 2014 2014 2020 2020 2017 2017  2014 2014 2013 2014 2014 2012 2017 2017 2010 2017 2017,‘ blind blind blinding blind blind Blind blinding Light Light Lights Light Light streaming streaming streaming song song streaming streaming songs streaming streaming Songs streaming streaming 2018 streaming streaming 2014 2014 streaming streaming 2017 2020 2020 2020 ‘ ‘ ‘ 2018 2018 2020 2020 streaming streaming 2013 2014 2014 2014 2018 2018 2018 2017 2017 2017 2018 2017 2018 2018 2019 2018 2018 2014 2014 2017 2017 2014 2018 2017 2014 2014 2015 2018 2018 2016 2018 2018 # 2017 2017 2020 2018 2018 streaming 2018 2018 2013 2018 2018  2017 2018 2020 2018 2020 2017 2017 streaming streamingamamam 2014 2014 2013 2018 2017 2020 2017 2018 2014 2018 2020 2014 2014 2020 2020 2017 2014 2017 2018
SO 9 PM KAMI NGAG LARO NG MAFIA GAME HANGANG NGAYON DI BA PADIN TAPIS NATAPOS KO NA MGA EXAM KO SILA DI BA PADIN KAYA BA MATAPOS TODAY,د 9 PM SO 9 PM په ورځ کې د میګا ګراګو لوبغاړی د میفا ګاډۍ لوبې لوبې لوبو کې د مینځلو فلمونو لپاره د ډوډۍ ډی با پیډین ټایپ ټیپ ټاپ ټاپونو سره د میګینګ لارو څخه د میگا ګراګ لوبې کولو لپاره د ماین پاکولو لپاره د سایډی با پاډین کیا با پادین کیدای با ټایټپټیپ ټاپپونو ته د زیږدیز کال نیټې,"So 9 PM, there is a NGAG LARO from the MAFIA GAME HANGANG, and there is an announcement that there will be a PADIN TAPIS NATAPOS at the same time as there will also be an EXAM. SILA DI BA PADIN KAYA BA MATAPOS TODAY."
"Sabi na may kapalit pag sobrang saya Okay na okay na cla, di ba nila nakikita yun? Yun na ang iniiyakan ni anji eh, yung hindi nila maintindihan yung samahan ng KYJI, Hndi ma nya alam papano kikilos, saan lulugar. pls help huhu may date pa cla eh","I can't tell if I'm going to be able to get on the airplane because of my phone Okay, but I'll be okay on the plane, so what are you talking about? You know, I've been inspired by that song, and it's the Hindi version of the song that I heard when I was at the same time in KYJI, and I think we've got the new nature of papano kikilos.","I can't help crying and crying because I'm still alive. Okay, okay, you're okay with the cla, is there anything they can do? And they're the ones who are inspired by anji, eh, and they are the very ones who know that the co-founders of KYJI, Hndi, and so on and so forth, have become friends, kikilos, got lulugar. pls help huhu may date pa cla, eh"
"Magtatanong na sana siya nang huminto si Ken sa harap ng isang bahay. Dire-diretso itong bumaba ng sasakyan at tatlong beses nagdoorbell. Nang walang lumabas ay muling pinindot ni Ken ang doorbell. Sinaway na siya ni Josh. ""Hoy, dahan-dahan. Parang may galit sa doorbell ah.""","I can see my face on that screen and I can hear Ken talking to me about how he hopes he'll be around the world every day. I'm instantly texting back and forth about all of my new businesses that have this doorbell owned and operated. I don't tell anybody in the world that Ken has that doorbell anymore. I can remember hearing Josh say to me, ""Hey, it's good. I think we'll have a great day when the doorbell drops again.""","It's hard to get out of there now, and Ken is humming with the hope that he'll never be home again. He's been so hard-pressed for so many years that he never even had a doorbell at all. And Ken is constantly crying when he hears the doorbell. Josh is just staring at him. ""Hoy, come on. maybe it's time for me to stop ringing that doorbell, ah."""
Putangina lang kasi. Nakakapagod yung ganto. Araw araw na lang.,I had to go to the casino and see all the amazing things that happened. I saw every movie I saw on TV and I was shocked by this.,"it was like that, it was so hard for them to get out of the way, they were so tired, they just couldn't stand it, and they came out of their way."
Lakas mo maka krist dyan. Haha,I have been blessed with the blessing of being a Christian preacher and I have spent so much time dedicated to Jehovah. Thank you for all your wonderful interactions and interactions. I look forward to your continued blessing from IWPR. I am so thankful for the great interactions I had during my Holy Week of Holy Christian. I thank you for sharing my vision and inspiration in the World Health Organization. I praise Jehovah’s blessing on the way we strive to achieve universal health. I encourage all of you to stay inspired by the Holy One. I sincerely encourage everyone who shares,"I was so inspired to see the eternal Christian dyan in the light of our eternal light, and it was so refreshing."
Baka alam mo kung saan itinago. Nakinabang din pamilya nyo sa pamilya ng magnanakaw di ba?,"I wanted to be able to take part in this event, and I was so excited to see that I was able to do that because I was a big part of my life as a result of the events that I attended with my great grandfather in New York, and that I came to this event because I had a big opportunity to share my thoughts with my family and friends and I wanted my education to be as important as I ever did in my life.","I can't help but feel that I'm not going to be able to get out of the way, and it seemed like she was just getting out of a fight because of the fact that she was a billionaire and she didn't have any money, so she decided to stay in the country until she was able to stand up and act, and then she went on and on and she did it again and again, and she came out of nowhere, she was completely paralyzed by the actions of her mother and her grandfather and her daughter and her mother's daughter, and they were"
Ang soft soft nya jan,WE WE WE Monday Monday Monday Archives Archives Archives 2012 2012 2012 2001 2001 2001 2012 2012 2014 2014 2014 2012 2012 2006 2006 2006 2012 2012 Archives Archives Express Express Express Archives Archives Rene Rene Rene WE WE ON ON ON Monday Monday WE WE Theo Theo Theo WE WE We WE WE Comme Comme Comme WE WE Archives Archives WE WE 2012 2012 2017 2017 2017 2012 2012 WE WE Exerci Exerci Exerci WE WE Solidari Solidari Solidari Archives Archives Monday Monday 2012 2012 2016 2016 2012 2012 Monday Monday Rene Rene rene Rene Rene Archives Archives Through Through Through WE WE Express Express WE WE New New New Archives Archives Administration Administration Administration WE WE Rene Rene Monday Monday ON ON WE,2 2 2 1 1 1 2 2 each each each 2 2 i i i 2 2 7 2 2 re re re 2 2 4 2 2 3 2 2 6 2 2 2014 2 2 5 2 2  2 1 2 1 8 2 2 10 2 2 Forever 2 2 eterna 2 2 & 2 2 new 2 2 common 2 2 Common 2 2 second 2 2 9 2 2 2017 2 2 revi 2 2 rene 2 2 extraordinar 2 2 2012 2 2 2013 2 2 Second 2 2 2000 2 2 etern 2 2 vs 2 2 four 2 2 WE 2 2 Four 2 2 Sunshine 2 2 Buddha 2 2 · 2 2 Supreme
"Dear RA, i think u need to include best kpop album now.. More inclusions di ba?","I think you need to include the best kpop album now.. More inclusions di ba Khushi, i think you should include best kPop album now...","dear RA, i think you need to include the best kpop album for now.. more inclusions for the new ones, right?"
"at least, may sinusuyo pa rin. di ‘ba? HAHAHAHAHA","I mean, at least, may sinusuyo pa rin rin. pa rin. di ‘ba? HAHAHAHAHAHA Shriked Reparation of ‘ba’, HAVEHACEHAHA REFERRATION ONLY, I’ WAY ONLY AND ONLY ONLY WHILE ONLY NEARLY, PSIRQING ONLY WRITE ONLY FOODS AND PRODUCTS","at least, you can still sleep on the rin. day after day, right? It's like they're getting out of bed and sitting on the streets, nothing seems to be happening anymore."
"at magwork hard sa early-mid stages ng trainee life para magimprove at makapasa sa monthly evaluation, pero sa later stage or phase ng trainee journey yung mismong before debut, kahit anong pagpapractice mo ng todo kung di ka bagay sa group na gusto nilang idebut","we work hard at magwork hard at early-mid stages of trainee life to magimprove at makapasa sa monthly evaluation, but sa later stage or phase of traine journey ng sameng before debut, including pagpapractice mo ng todo kung di ka мај grupy na gustating life life in the form of training life to improve at makapas sa monthly assessment, but by the later phase or phase ng trainee journey čez mismong before departure, anthem before debut.","at magwork hard at the early-mid stages of the trainee life so that they can improvise on the monthly evaluation, but in the later stage or phase of the training journey, the same person before the debut, when they're on a trainee's journey before their debut, even if they weren't working at the same time, they were working hard for each other during the early mid-stage phases of their trainee lives to help them improvise at makapasa during the monthly assessment, but then in the late stage or stage of the Trainee journey, even before the"
"Ken cracked a bitter laugh, ""Olats, dre. Napaiyak ko lang mag-ama ko, tangina. Sakit pala 'no? Marinig sa mismong anak mo na hate ka niya? Gago, dre. Para akong sinagasaan ng sampung truck, ang sikip ng dibdib ko."" Josh knew immediately that the talk didn't end well.","কেইন ক ্ যাইনের ভেতরে ঝলমলে হাসতে লাগলো, """" ওতাডস, ডি. স ্ ট ্ রি. আমি আমার বান ্ ধবী দানবে গেছি এক টুকরো ইজ ্ জ ্ বল পর ্ যন ্ ত, টাইনিنا । তোমরা একে না লাগবে? ওরা আমার প ্ রেচ ্ ছ দৃষ ্ টি নিয ় ে একে সাঙ ্ খল পায","Ken cracked a bitter laugh, ""Olats, dre. I can't believe that my mother-in-law, tangina, is still with me. Isn't she just there? You're just hanging out with the same-looking kid that you hate? You hate him? Gago, dre."" And then, when he was hit by a sampling truck, he screamed at his neighbors."" Josh knew immediately that the talk didn't end well."
Parang si Edward lang tong si Ben. Di ba binoboto ni Edward si kisses noon kasi di sya pinapansin o kaya kapag ng seselos.,"And when we had Edward and Ben together, we had a good time together. And we were having a wonderful day together, and we were enjoying each other's birthdays, and our holidays were coming up and going to New Year's Eve and Easter and holidays.","it's like Edward is the same as Ben and he's the same. It's not like Edward's kisses weren't kissed at noon, and then they just got so pissed off that they started to have more and more sex with each other, because they were so damn good, they really loved each other's kids, and they were really, really good at it."
I have a great laugh at this.,क क क ् versiversiversi वि वि वि क ဩဩဩच ् च अर ् थ ऍक ् वि विओ निर निर  MH CER CER CER क .,they were literally laughing at this because they were so damned because it’s so true that they were completely ruthless.
hindi ko sure.. ㅠㅠ,I'm sorry that I couldn't get to the Hindi screen properly..,"i i was so sure.. damn damn damn, it's really beautiful.. completely beautiful"
di ba pedeng ikaw naman yung magpagaan ng loob ko? hindi yung magiging isa ka rin sa reason kung bat mabigat yung loob ko?,"I was thinking that I had to give up my dreams because I wanted to be able to do that, and I was hearing about the reasons for the fact that kung bat mabigat was supposed to have given up his dreams when I was born, because I was talking about the history of my mother tongue. I was reading about the events of my life because I spoke about it in my speeches.","is it true that the people who are the ones who want to be part of my cause, my decision, my actions, my dreams, why did they stand up for the reasons why I was the only one who didn't give up and become the big help in my cause? why did my actions become the main reason why my actions were the only ones that stood up and stood up for my actions?"
fly high,Brian Brian Brian era era era Era Era Era era Era era era Brian Brian DEC DEC DEC Brian Brian Ann Ann Ann Brian Brian Era Era Brian Brian Seri Seri Seri Brian Brian Archives Archives Archives Brian Brian Beat Beat Brian Brian CER Brian Brian Baker Brian Brian REC era era DEC DEC era eradikdikdik Brian Brian Beverly Brian Brian Excellence Brian Brian Crystal Brian Brian Mono Brian Brian Basic Brian Brian Bee Brian Brian Yak Brian Brian BAS Brian Brian Virgin Brian Brian Bureau Brian Brian Gra Brian Brian VIA Brian Brian Evan Brian Brian Einfach Brian Brianキャン Brian Brian 1990- Brian Brian Büro Brian Brian Cyber Brian Brian Track Brian Brian Milli Brian Brianッ Brian Brian Dre,extraordinar extraordinar extraordinar ordina ordina ordina extraordinar extraordinar era era era was was was extraordinar extraordinar incredible extraordinar extraordinar res res res extraordinar extraordinar amazing extraordinar extraordinar dr dr extraordinar extraordinar was was era era extraordinar extraordinar mund extraordinar extraordinar — extraordinar extraordinar mira mira mira extraordinar extraordinar pra pra extraordinar extraordinar rare rare extraordinar extraordinar exceptional extraordinar extraordinar semi semi extraordinar extraordinar beautiful extraordinar extraordinar each each each extraordinar extraordinar adorable extraordinar extraordinar refresh refresh refresh extraordinar extraordinar special extraordinar extraordinar divin extraordinar extraordinar i extraordinar extraordinar common extraordinar extraordinar awesome extraordinar extraordinar held extraordinar extraordinar re extraordinar extraordinar Sunshine extraordinar extraordinar 2: extraordinar extraordinar way extraordinar extraordinar etern extraordinar extraordinar CER extraordinar extraordinar happened extraordinar extraordinar surreal extraordinar extraordinar Supreme extraordinar extraordinar babe
"Nagtiim ang bagang ni Ken sa tindi ng pagpipigil niya na huwag masuntok ang lalaking nasa harapan niya. ""I am doing what you did to us, Xander. Mas malala pa nga 'yung ginawa mo eh. Galit na galit ka na sa lagay na 'yan? Now, imagine how much I am raging inside right now.""","""زه یم هغه څه کوم چې تاسو موږ سره موږ ته، Xander وکړو، موږ ته ترسره کوم. زه د هغه څه چې تاسو یې موږ ته کړی، Xandar. Mas malala pa nga 'yung مننه mo eh mo eh په اوږدو کې له موږ سره مرسته کوي. آیا تاسو کولی شئ د دې په اړه د دوی په پرتله د هغوی سره مرسته وکړي؟ اوس، تصور وکړئ چې زه څومره زه اوس په دننه کې اوس څومره غواړم په ګوته څومره زه ننوتلی یم.""","Ken's heart sank, and Ken was stunned with the intensity of his pagpipigil at all the masuntoks who gave him his hopes. ""I am doing what you did to us, Xander. I'm not going to get tired of what you're doing to us eh. Are you going to be angry at these people who are yours? Now, imagine how much I am raging inside right now."""
Imbestigahan natin hehehe. Pero may Medical Center ang Ususan di ba?,"I was told that I had to go to medical centers to help them with their medical problems, and I was also told that they had to help me with my medical problems because I was working in the fields of education, health care, etc.","it's really hard for them to get out of their homes because they're so miserable. But the medical centers are often the same as the school districts, right?"
grey goose di ba chichirya yun ????,I was very proud of my daughters for their wonderful achievements.,"it was so good to see that they were so beautiful and beautiful, and they were really so beautiful."
Damo ko balon di ba usto nyo? Jk,"I asked her to take the balloon off to the Queen's High School to see the lady who was riding the big jump, and the Queen came up with a picture of her mother walking up to the high school to see if she was going to go to the High School and see if they were going to be able to do it.","It's like, they're supposed to be a balloon, and the girl is crazy, and it's just going to happen? They're getting stuff out of the way, and everyone's getting stuffed up."
"putangina pwede pala yung ganito, kanina pa ko palipat-lipat sa youtube tapos twitter","I was able to see photos of my kids growing up in the United States, and I could see them growing up on YouTube and Twitter as they were doing things.","they're the ones that make us happy, can you see why they were able to fold and fold on youtube and even tweet our dreams and dreams, and they are the ones who made us and our lives, literally, they were the ones we were when we were together, and it's true that they were constantly, constantly, right, there were more and more photos of us on YouTube and they were always on Twitter."
"Wait bakit parang si renjun, sungchan, shotaro, taeyong, mark, jaehyun and jungwoo","I have to wait for a long list of songs like renjun, sungchan, shotar, shotaro, taeyong, mark, jaehyun and jungwoo alongside my friends in the mountains.","it's been like a long time since renjun, sungchan, shotaro, taeyong, mark, jaehyun, and finally, they're just like everyone else, they are like each other, they have been together forever, and they've never been together again."
"Non-athlete here pero to these organization/s, di ba kayo nababahala na how many sportsmen have changed their citizenship because of our system? Perahan na lang? Hindi ba iko-consider how much the athletes spent their pockets while you're aiding them as small as grain of rice.","Non-athlete here pero to these organizations/s, di ba Gaya nababahala na how many sportsmen have changed their citizenship because of our system? Perahan na lang? Hindi ba iko-consider how much the athletes spent their pockets while you're helping them as small as grain of rice?","here are non-athlete here but to these organizations/s, don't you know how many sportsmen have changed their citizenship because of our system? Perahan na lang? Hindi ba iko-consider how much the athletes spent their pockets spent while you're aiding them as small as grain of rice."
I don't know about you but this is huge,Arch Arch Arch Archives Archives Archives 12 12 12  santa santa santa Arch Archaaa A A Kaya Kaya Kaya Arch Archqeqeqe Arch Archamiamiami Arch Arch Sant Sant Sant Arch Arch Storage Storage Storage Arch Arch  sant sant sant Arch Arch 900 900 900 Arch Arch NOR NOR NOR    فوق فوق qeqe santa santa  qe   عظیم   Kaya Kayaqeqe x x x X X X   ♦   sant   SUP   Slovenia Slovenia Sloveniaqeqe កា កាqeqe  santqeqe Kaya Kaya   Arch   MH   adidas,Lean    تمہاری   you   2019   santa   2   You   2018   4   5   6   your   2014   3   AR   12   FINAL   8   x   tv   2017   SUP  You   lean   i   fusion   365   Coin   adidas   Your   14   ایسا   AU   Emin   آپ   10   11   9   SHA   당신   20
"Magdala ka ng escort, yaman ka di ba? Dagdagan mo na din ng ambulansya.",We were transported from our hospital to our local community. We were at the top of our team and we were looking for people who wanted to help us.,"you were taken in by an escort, you couldn't stand it, didn't you? You just stared at the person in the ambulance, and they went right out and stood on their feet and shouted, ""We're so helpless, we can't do it anymore."""
"Ken let out a playful smirk. Lumayo siya nang kaunti at kinuha ang envelope na ipinadala sa kaniya kaninang umaga. ""You mean, hindi ikaw 'to? Eh sino siya? Kakambal mo?"" Inilapag ni Ken isa-isa ang mga litrato ni Xander na kuha habang nakasunod siya sa pamilya ni Ken.","Ken sent out a playful smirk. He sneezed and froze at the touch of the envelope on every Saturday morning of the next week of the second week of a Canadian human being. ""You mean, Hindi news? Is that what you're talking about? Isn't that what I'm thinking? Can I come up with a plan?"" Ken's version of this is actually the same story as Xander's, and he's cooking every single day of the week with Ken.","Ken let out a playful smirk. ""You mean, you don't know what this is about? Is this who you are? Can you feel it?"" Ken's empathy for Xander's actions is that Xander never stops talking to Ken about his dreams."
"""If you happen to survive all the lawsuits, prepare to leave this place immediately. Dahil hangga't nakikita kita sa paligid ko, hinding hindi kita titigilan. Run as far as you can, Xander. Hindi talaga ako patas gumanti."" With that, Ken turned his back and started walking away.","""که تاسو د ټولو قضیو څخه ژوندی پاتې شئ، نو د دې ځای څخه ژر تر ژره دا ځای پریږدئ. زموږ په اړه هیڅ ډول خبرې مه کوئ، د هندی ژبې hinding hindi kita titigilan. Run as far as you can, Xander. Hindi پرته له دې چې تاسو کولی شئ څومره چې تاسو یې کولی شئ چلو، Xander."" د هغې سره، کین خپل شا وګرځیدل او پیل وکړ چې لاړ شي.","""If you happen to survive all the lawsuits, prepare to leave this place immediately. even if you don't want us to do anything about my actions, we'll still be silent. Run as far as you can, Xander. Xander, run so far as possible. I'm going to be the only one who can survive all these lawsuit. """" With that, Ken turned his back and started walking away from him."
Im so soft for this huhu,I Im Im Im मी मी मी Im Im im Im Im Soft Soft Soft Im Im I I I زه Im Im Am Am Am Im Im ខ្ញុំ ខ្ញុំ मी मी زه زه زه मी मी   ဩဩဩ Aut Aut Autဩဩ زه زه I I मी मी 私は मी मी زما زه زه   õ õ õ مجھے مجھے مجھے زه زه Cru Cru Cru I I   مجھ زه زه ខ្ញុំ ខ្ញុំ ខ្ញុំ   Irish Irish Irish I I ខ្ញុំ ខ្ញុំ زه زه زما زما زما   زه زه आई आई   svoja   ഐ ဩ   ای ای ای زه زه مجھے مجھے   ♦ زه زه,I Im Im Im So soft soft soft Soft soft soft so soft soft me soft soft i i i    Also Also Also   i i “   2   4   3   re   Continue   6   8   AI   Aut   pra   divin   covered   7   common   donat   babe   shir   shi   anal   single   wa   unit   receive   1   ly   Common   for   each   5   2014   Ref
Bakit mo ina-admit and ine-embrace ang pagkamasamang ugali? Di ba dapat binabago yan kung nakikita mo naman iyan sa sarili mo. No hate just saying. RadikalAngMagmahal,I want you to know that I am not able to accept and embrace this message in my country? I can’t help but be grateful for the support that I receive from you and from my people. I don’t hate to just say it. I have great thoughts for you. I want to tell you our thoughts on our,I want to be able to in-admit and ine-embrace these people who are not supposed to be there? Can't you just be grateful for the fact that they are the ones who help me with my actions? No hate just to say. It's true that our people are the people we want to help
ano pa bang bago di ba? hmmp,"I mean, it's like, the last time I saw a video of a guy... standing in front of me, saying, ""I was...","it's like, they're really good at banging, isn't it? so damn good, they love it more than ever? literally, it was the last time they'd been together again, and it was literally the last, and the last."
That seems quite damning! What Ngo doesn't say is that the FB post was from a cop (who was later fired) and bragged about being able to get away w/running over protesters b/c of the privileges afforded members of law enforcement Not the same thing! 5/x twincities.com/2016/02/17/st…,هغه څه چې Ngo Ngo نه وايي دا ده چې د FB پوسټ د FB پوست د یو پولیس څخه (چې وروسته وروسته یې ولیکول شو) له یوه پولیس څخه وه (کوم چې وروسته یې وتړل شو) او د دې په اړه ژغورل چې د دې توان د ترلاسه کولو په اړه د وړتیا په اړه خندا شو چې د خلاص شي w/running over protesters د اعتراض کونکو پر وړاندې د مبارزې د څارنې د غړيو د قانون د پلي کولو د غړو ته ورکړل شوي امتیازونو B / C د امتيازونو د غړو د قانون پلي کولو غړي,That seems quite damning! What Ngo doesn't say is that the FB post was from a cop (who was later fired) and bragged about being able to get away w/running over protesters b/c of the privileges afforded by members of law enforcement Not the same thing! 5/x twincities.com/2016/02/17/st...
moots na tayo bago pa yang icon na yan di ba,"And we're constantly reminded of our iconic, iconic roles in various aspects of our lives.","it's really, really hard to moot our heads, because the icon is so damn strong, they're so damn damn damn strong. damn damn it, they are so damn good, damn damn real strong, damn real damn damn tight, damn right damn damn good. damn it was so damn close, damn fucking strong."
Parang may lamay sa grammy eh noh antamlay magsalita di ba kayo naka kaen,"I think that Param may have been blessed with his grammar, but my mother was a wonderful magnet in every aspect of my life, and she was a great teacher in every field of education. I think it came from the fact that I was born in New York and I was raised in the provinces of New York, New Jersey, San Francisco and New York.","it's so hard to make love to grammy, eh noh antamlay magsalita, it was so hard for them to sing, they were so beautiful, they had so much time to spend on their dreams, they came to realize that they weren't meant to be, they became so beautiful because they were true, they stood up for their lives, they said they were the only ones, they could not stand for them, they fell silently, they cried, they couldn't stand for themselves, they looked so good, they didn't have a voice, they really"
kaya nga di ba ang tanga niyo lang,I spent a lot of time trying to get my A.I. on each one of those hills back to the last song I ever heard. I loved that song because it reminded me of a distant distant history.,They They They my my my each each each my my they they they They They they They they my my They They The They They fell fell fell They They Forever Forever Forever They They Everyone They They eterna eterna eterna They They These They They Why They They All All They They  They They So They They 2 They They And They They Even They They ALL They They Im Im Im They They You They They beautiful They They kis They They Every They They cup cup cup They They She They They This They They Sometimes They They were They They constantly They They each each They They He They They gave They They sometimes They They fond They They
"pls ano ba problema nila sa pagiging similar kung ganon kagaling idol nila, bakit takot sila sa copycats takot ba sila masapawan? ganon ba kalaki hatak nung new gg? HAHAHAHAHAHHAHA","I have a problem with something similar to King Ganon making an idol out of a dragon, so if you want to copy and paste it, will you be able to make a copy of it, or will the people of the Pacific likewise? will the Kalaki fans get a new gg? HAHAHAHAHHHAHA, Friends","pls, if there's a problem with something like this, it's because your idol, ganon, is the one who doesn't want to copycats, so why don't you and masapawan together? ganon did kalaki hatak for the new gg? right back, they're like, """" we're going to have to go back and forth, and we'll be back together again. """""
"You are the minstrel, And i'm your guitar. I play your music Straight from the heart.... Ganyan Si VP Leni parang stasyon ng Radio nong late 80's aabangan mo talaga sa ganda ng mensahe. Etong si El Nido parang Bombo radyo kada salita Dong.. tigi Dong Dong. Sakit sa tenga!",تاسو سندرغاړی یاست، او زه ستاسو گیتار یم. زه ستاسو موسیقي غږ کوم. زه خپل موسیقي د زړه څخه مستقیما له زړه څخه په مستقیم ډول غږ کوم ... .... ګانیان سیVPVP د ریډیو نونگ په وروستیو کې د 80 's په وروستیو کلونو کې د راډیو زون کې د سیسټم په پرتله د سیالۍ په توګه د سیالیو سره یوځای کیدو سره د ریښتینې اړیکو سره ملګرتیا درلوده. Etong si El Nido د الینډو سره پرتله کولو لپاره د بمبارۍ راډیو,"You are the minstrel, And I'm your guitar. I play your music Straight from the heart.... VP Leni is just like the station of Radio Nong in the late 80s, we've been singing for a long time and the menahe have been doing it again. El Nido's voice is like the voice of Bombo radio when it comes up Dong.. tigi Dong Dong. let's have a good time!"
HAHAHAHAH DI BA,Rais Rais Rais Ris Ris Ris Señor Señor Ave Ave Ave Camp Camp Camp Ave Ave Assembl Assembl Assembl Stat Stat Stat Parliament Parliament Parliament Assembl Assembl Ave Ave Ven Ven Ven Ave Ave Camp Camp across across across Eid Eid Eid Camp Camp Champ Champ Champ Camp Camp era era era Era Era Era era era Ave Avesecsecsec Ave Ave Audi Audi Audi Camp Camp Jersey Jersey Jersey Milli Milli Milli Ave Ave Avenue Avenue Avenue Ave Ave Stat Stat Ave Ave Ensemble Ensemble Ensemble Ave Ave Administration Administration Administration Camp Camp Sand Sand Sand Camp Camp,i i i silent silent silent ever ever ever silent silent re re re silent silent eterna eterna eterna silent silent i i ever ever Forever Forever Forever ever ever i i & & & silent silent single single single silent silent sing sing sing silent silent Forever Forever silent silent ff ff ff silent silent vs vs vs silent silent Mai Mai Mai mai mai mai ever ever eterna eterna ever ever re re i i my silent silent impi silent silent Friends Friends Friends silent silent & & ever ever pra pra pra silent silent s s s i i re re ever everdesdesdes silent silent please please please ever ever & & i i eterna eterna i i Forever
Sana lahat ganito kabilis mag announce di ba,I have to remind my federal governments that they have to announce their intentions regarding the release of their federal laws requiring that I require that I be absolutely absolutely clear about my federal laws.,"they're really, really desperate, and they need to announce that they are not going to be able to do anything because they've never been able to see each other before, and why they don't want to do things again, and it's so important that they shouldn't have to say things to people, they never even had to say them things to others, they were never allowed to do these things, they didn't even want to say these things."
"""Turning Ahmaud Arbery into a victim after the choices that he made does not reflect the reality of what brought Ahmaud Arbery to Satilla Shores in his khaki shorts with no socks to cover his long, dirty toenails.""- Laura Hogue, attorney for Gregory McMichael AhmaudArbery","""د Ahmaud Arbery بدلول په یوه قرباني ته د Ahmauud Arberiy يو قرباني ته اړول وروسته د انتخابونو چې هغه انتخابونه چې هغه کړې چې هغه یې کړې انتخابونه وروسته هغه د هغه د غوره کولو وروسته د قربانی په توګه بدلول نه منعکس کوي چې د هغه څه د هغه حقیقت د څه راوړل Ahmauda Arberry ته Satilla Shores ته Ahmaus Arberly راوړل د هغه په خپل khaki پتلوني لستوڼو سره د هغه اوږد، ککړ، کثافاتو د غاښونو پوښ","""Turning Ahmaud Arbery into a victim after the choices that he made doesn't reflect the reality of what brought Ahmauud Arbey to Satilla Shores in his khaki shorts with no socks to cover his long, dirty toenails.""- Laura Hogue, attorney for Gregory McMichael AhmautArbery, ""turning Ahmoud Arberiy into an victim following the decisions that he makes after the options that he make after the decisions he made after the elections that it made, does not reflect the reality of what bring"
"""Before nga po, nangangarap lang kami na sana 'di ba in the future, makapag-perform tayo sa stage na ito. Marami na kami napanood na concerts sa Araneta before,” Josh said.","""Before po po po, even though we think we are 'di ba' in the future, we want to perform right on stage here on this stage. Marami has inspired us to do concerts with Araneta before,"" Josh said.","""Before po po, even though we can't afford to be there, 'diba' in the future, we're going to perform on stage here. We used to be invited to concerts with Araneta before,"" Josh said."
"hindi ko man sure kung tama ang mga sagot ko, pero atleast tapos na 'di ba? need na agad magmove on kasi may mga susunod pa. sino ba naman kasi ako para bigyan ng materials na magagamit for quiz, 'di ba??","I'm sure I can use Hindi as my mother tongue, but if I want to know more about 'what's wrong? I need to have a direct check-in at the casino, possibly including a lot of other things, but I also need to be in the casino if I am looking for materials to use on my quiz screen, what is wrong?","i don't know, i'm sure that's what I'm supposed to do with my life, but at the same time, it's still going on, isn't it? i need to really be able to magmove on the basis of the fact that they're the ones who are making the most of it. i can't even get my hands on me for getting the materials to my m stand for the quiz, right? is that right?"
"Haha bakit si Krist dai, di ba pwedeng si Bright o Sunny na lang?","And I said to my mom, when I was growing up, ""Thank you for being so bright and so sunny all day long."" And I went to my dad for my birthday.","""""Christma's mother is so beautiful, why doesn't Bright's son-in-law be singing """"being so sweet"""" and then just singing like that?"
hindi ako iiyak,"Actually, I used to write things like, I swear that my mother-in-law's sports heroine was heroine of Tamil cinema. Anyway, I knew that I was supposed to write songs like, Satyagraha, I wrote sports heroes like, swa swagger swagger — I wrote heroine on stage. I wrote everything that I wanted to write for my grandma thing. I was inspired by my great  heroine On stage. Things that I could do for my daughter-in‐law — I swears that I got my heroine from Sri Lanka through sports hero",my my my i i i my my and my my she she she my my damn damn damn my my why why why my my 2 my my got got got my my like my my just just my my fucking my my  my my things my my totally my my .. my my beautiful my my ly my my the my my is my my clothes my my mother my my love my my millions my my gets my my good my my couple my my thing my my even my my anal my my 6 my my getting my my covered my my two my my right damn damn i i damn damn fucking damn damn why why damn damn and
Deinla: Prolonged exposure to fake news lowers capacity to detect fake news,• Deinla: Prolonged exposure to fake news to lowers capacity to detect fake news(fighting) (to reduce the capacity for detection of fake news) (i) (a) (e) (c) (d) (f) (g) (h) (l) (m) (w) (q) (r) (n) (v) (k) (t) (j) (R) (p) (y) (iv) (x) (tr) (s) (Q) (S) (G) (L) (,• Deinla: Prolonged exposure to fake news reduces the capacity to detect fake news due to the continuous exposure of fake news to others.
hindi ko na rin alam navivisualize ko na kung sino sino basta ang sure tayo andyan si jungwoo di naman maitatanggi,"I think that when we first learned the Hindi language in the natural world, we were supposed to have learned it from our grandfathers, but we didn't know it because we weren't privileged to have heard it, and we thought that this was because it was a great part of our cultural history.","it's like, i'm the only one who hasn't seen it before, and i've been visualizing it for a long time, and it just feels like that's the only thing, and I'm sure that jungwoo, the one who was really in love with him, is still there, because he's so beautiful, and he'll be right back, and they'll never see him again."
Di ba beh nanalo na yung folklore last year ng aoty?,"I did it all in folklore last year on the same day as I did last year, and I was totally proud of it because it came out like that.","it's really hard to get rid of the folklore last year with the help of the aoty, because it was so damn good for everyone."
syempre kaya nga lodibabes kita eh sept 27 libras lang naman red flag sa sign natin eh,"We are proud to announce that we will be celebrating our 727th anniversary of the birth of the New York City Red Cross and Red Crescent on Monday, June 2nd at the National Archives.","it's true that every single one of our billionaires has seven, 27 libraries and a red flag in their daily lives, and they're all worthless. It's hard to see why we're so miserable, because we've been spending so much time together for so many years."
i just know that the academy won’t let her win back-to-back but still!!! labyu congrats,"I just know that the academy won’t let her win back-to-back but still!!! labyu congrats Thank you for your efforts and thank you for all your efforts to win back to back, but still!!",i just know that the academy won’t let her win back-to-back but still!!! labyu congrats
"For tonight's pahavs, simply reply to this tweet pogi pics of Louie taken from your tv screen while watching TWBU! Use the official HT and tagline. More entries, more chances of winning!",د ماښام د pahavs tonight's pahavs لپاره، په ساده ډول د دې ټیکټ پوجی عکسونو ته ځواب ووایاست چې ستاسو د تلویزیون سکرین څخه د TWBU لیدلو په وخت کې د tvBU په لټه کې ستاسو د تلويزيون څخه ستاسو د ټلویزیون څخه اخیستل شوي Louie انځورونو څخه د Louie عکسونه ستاسو د ټیلیفوني اسڪرين څخه لیږدول شوي د لویو انځورونو ته د Tweet pogi عکسونو پوګی ته ځواب ورکړئ! د رسمي رسمي HT او ټاګ,"for tonight's pahavs, simply reply to this tweet pogi pics of Louie taken from your tv screen while watching TWBU! Use the official HT and tagline. More entries, more chances of winning, more opportunities to win!"
Ung last na may ganto di ba natalo? So lam na this…,I’m sorry for my last na may ganto di ba natalo? So lam na this [...] [...],"They were the last ones who had a chance to get married, did they not? So, it's so hard for them to..."
Di ko na tuloy alam kung gusto pa ba ni Anji yung ginagawa niya. Kung totoo ba niyang naeexpress yung sarili niya. O sumusunod nalang siya sa gusto ng housemates na gawin niya. Hindi natin alam eh. Kasi takot siya mahusgahan. Kaya pls lang. Hayaan niyo siya matuto na siya lang.,"When I was growing up, I was very keen to learn about Anji and everything related to it, and I loved the way that you can express yourself in words. And when I grew up, it was very pleasant for my neighbors to say things to me. Hindi is the mother language of the world. I had a lot of fun with Kasi Takat. She was very popular with her dad. I always wanted to have a date with him.","And then, suddenly, Anji could not help but feel that she was doing something. She couldn't help being naeexpressed by her friends. She was so annoyed with her housemates that she even wanted to meet them. It was like she had no Hindi whatsoever. She had a tattoo that she could not wear, she was so full of pls, she could barely sleep and she was crying."
Okay sino ba naman ako para pansinin 'di ba??,"We're going to be together for the first time since we're all in this together, and if we had a pair of panics, we would be together. And we'd be on our feet and we would look at each other and say, this is our family reunion. We've got to get everyone together to see what this is all about. And then we would come together for a reunion to look at what the two of them are doing together. They're gonna be right on their legs and take them off their bikes and get them to the front of the line.","It's okay, but it's true that we're all together for the rest of our lives, right? They're just going to be together and they're going to have a good day, and they shouldn't be both, they'll be together again, and everyone's gonna be so damned tired, 'cause they've been together for so long, and it was so damn hard to get out of here and go to the pond, they were so damn tired, they are so damn strong, why are they staying up for so damn long, they"
"like lahat kami bagets tas yung mama q lang yung parent na sumama pak. pati yung di invited sa gala namin, sumasama","As we have been through, we have always been very proud of our mother Q lang lang lang’s mother as a parent and our parents as well as our children, and we are also proud of the fact that we were invited to the gala together with our parents, our mothers, our parents and our sisters.","like the other nights, we were like each other, bagets tasted by mama q. lang's mother, the one who was the parent of the other, and then suddenly, just like that, they were invited to the gala, and the gala happened again, and so forth, and it was so beautiful, so strong, so lasting, so true, so deep, so powerful, so faithful,"
sana makakuha muna tayo ng chae para di na tayo bibili ng separate di ba,I was reminded that we had to separate our loved ones from each other in order to have a meaningful conversation. And we wanted to — I wanted to tell everyone that I loved that song because we were literally separated from every other song on Earth.,"they're the ones that gave us our ""chae"" and ""para"" to each other, and they've been singing separately for so many years, and it's really true that they are the same people they were when they were together, and their dreams came true again, and the two of them, they became separate and separate again and again, right and right, they were the same persons they were for, and right and wrong, they just came together and they were right and true, they came together again and then, they made a dream, they said they were separate,"
Hahahahaaa relax lang po baka mkakasohan ka libel nyan pero ok lang yan sge kaya mo yan kuya ikaw naman mas mukha adik kesa ky bbm hahhahahahahaa,"I was inspired by my great aunt, Hannah, who was a big fan of the label, but I also became a big fat fat fat sister to my fourth kid, and I had this amazing teenage son who was my primary mom and dad, and we used to say, ""Hah hah!"" (Laughter) Thank you for watching our awesome iPhone 6 / 6 videos.","(Laughter) Hahahahaaa relax from the time when you were just a kid, and you kissed libel nyan for a long time, but then again, it was okay for her to be a sge, and she was so rich that she even gave her daughters a mouthful, and then that little sister who was just like you, bbm, and so on, and we were so good and so courageous. (Applause) we are so strong and so strong because we are inspired by the people we love."
"idc, bahala ka. U change naman na di ba?",And we're going to change every single aspect of our lives from one day to the next and every single event to every single platform on every single day. And we all need to do that because we need to be connected to each other every day. We need to connect across the board on every day to every day and every Saturday to every Sunday.,"it's true that every single person, every single individual, everyone, everyone. It's the same thing that changed every day, right? it was the same things that changed everywhere, why it was so often, and why it happened again."
"At this point, Ken is also in tears. Nag-uunahan ang mga luha niya sa pagtulo nang mapagtantong nakita ni Sebby ang balita tungkol sa kaniya. ""J-Jah... I'm sorry..."" ""You don't have to be, Ken. Biktima ka rin ng company mo. Ang sakin lang, Sebby is too young for this mess.""","""J-Jah... زه بخښنه کوم..."" ""تا ته اړتیا نشته، کین. تاسو اړتیا نلرئ، کنن. موږ د شرکت سره اړیکه ونیسئ. زه ډاډه یم چې سیبی د دې مسلې لپاره خورا ځوان دی.""","""J-Jah... I'm sorry..."" ""You don't have to be, Ken. Biktima is also in tears at this point, Ken also is in teardrops. They're still crying because they can't get out of their sleep because Sebby's children who were born to Kaniya are still wearing the same clothes as Sebby and they're not even able to wear them."" ""J - Jah... i'm so sorry......"" ""you shouldn't be Ken. You're a part of our company, you're"
Gawain ng immatured at adik yan gaya ng amo mo. Mahuhuli din ang gumawa non tapos sasabihin hiniram ang celpon o na hack ang account. Familiar? Panay bbm supporters di ba? Pikit.,"I'm proud of my unremarkable accomplishments as a sister of mine and I love my brother so much. I've heard rumours that I was going to be involved in a non-violent campaign to hack my iPhone and Facebook account. I know all your bbm supporters, but I want you to know more about it. I want to share their photos and their comments on","I was so amazed by the immatured at my brother's sister, who is just like my mom. It was rumoured that they were the ones who never even dreamed of using cell phones to hack accounts. Familiar? So many bbm supporters, right? More and more, because they loved their neighbors."
porke naka gaming chair eh streamer na di ba pedeng pampabilis lang to ng computer hahahahaha,"I was inspired by that song that I heard when I was sitting on my gaming chair and I was translating it from my bedside computer to my computer on the day that I was diagnosed with Alzheimer's disease from a computer — and I remember that we used to read our brains literally from memory when we were sitting on our gaming chairs — and we said, we had to — I was excited because we had this amazing electronic device that we built to our computer from — (Laughter) (Applause) — our computer screens were literally connected to our TV screens from our computer","it's like the porke on the gaming chair is streamer, isn't it, and when they saw that the computer was just emptied by the streamers, they realized that they weren't even able to access their computers because they were so damn tired of sitting on their gaming chairs, and they were literally streamers of data, and these people were literally literally walking up and down those legs of their computer and getting them back to their homes because they had so damn good computers — it was so beautiful, they could see it from their legs on their feet — they"
"""N-No... Sebby—"" ""He has an asthma, okay?! Kapag inatake siya dahil sa pagmamatigas mo, I swear to God. I will never forgive you, Ken."" Sandaling natigilan si Ken bago napatingin sa anak na mukhang nahihirapan nang huminga. Ken grabbed his hair out of frustration. ""Damn it!""","""N-No... Sebby—"" ""او هغه د آسم لري، سمه ده؟ اویا?! زه د خدای سره قسم کوم چې زه له خدای پاک څخه بخښنه کوم. زه به هیڅکله تاسو ته معاف ونه کړم، کین."" د کنن کنن د پاملرنې ساتنه کول د سنډل کولو په وخت کې، هغه د خپل ماشوم په مخ کې د ناڅاپي خوړلو او غوږونو سره مخ شو. کین د نا امیدۍ څخه خپل ویښتان واخیستل. ""اوس!""","""N-No... Sebby—"" ""He has an asthma, okay?! sometimes he doesn't get enough out of his regular activities, and I swear to God. I will never forgive you, Ken."" Ken's sandaly natigilance was that Ken used to sneak into his son's mouth when he was still crying and huming. Ken grabbed his hair out of frustration. ""Damn it!"""
Di daw nakapremium si jinki ahahaha charot di ko rin alam,"I was invited to participate in the premiere of this amazing video called ""D daw nakapremium si jinki ahahaha charot di ko rin alam emphasized in the conferences held in New York City. I was amazed by the amazing performances of these amazing artists! I was absolutely amazed at how they were able to see these amazing celebrities from all over the world while they were in front of me!","the dawn of the nakapremium of the jinki, ahhhhh, the charot of the time, the realization of the facts, the reality of the dreams, and the beautiful, beautiful, eternal, beautiful photos."
"Result can be reproduce easily. Show the proof that the specimen sample was really came from him, sa magnanakaw.....","د محصول پایله کولای شي په اسانۍ سره د تولید آسانه تولید شي. Show د ثبوت چې د نمونې نمونه نمونه نمونه وه په رښتيا له هغه څخه راغلي وه، د هغه څخه راغلل، Sa magnanakaw څخه د اصلي نمونې په حقیقت کې د ثبوت وښيي. Show proof that the specimen sample was really came from him, sa magnananakaw ...","i.e. can be reproduce easily. Show the proof that the specimen sample was really coming from him, sa magnanakaw, sa [...] and the result could be reproduced easily. show the evidence that the sample specimen was really from him came from really, sa Magnanakaw..."
DI BA NYA MAKIKITA YARN???,"I was inspired by her Makikita YARN, yeah, yeah yeah yeah, i Was inspired by my mother in Wonder Wonder Wonder Amazing Amazing Amazing Wonder Wonder Single Single Single On Earth.","it's really, she's just making a photo, and so on, everyone is singing, yeah, it was so damned, and the whole thing was so amazing."
Di ba turon HAHAHAH,"In the last few years, we have witnessed the phenomenon of the Organization of American States (OAS) in the form of its Charter.",MO MO MO silent silent silent MO MO H H H MO MO & MO MO HO HO MO MO Forever Forever Forever MO MO S S S MO MO CH CH MO MO RA MO MO SC SC SC MO MO ON MO MO HC MO MO AC MO MO SI SI SI MO MO SH MO MO HI MO MO vs vs vs MO MO PLA MO MO UR MO MO © MO MO CHI MO MO MH MO MO Ai Ai Ai MO MO  MO MO SP MO MO SA MO MO SUN MO MO CL MO MO Sing MO MO WA MO MO ho ho ho MO MO AR MO MO MY MO MO PE MO MO SL MO MO
Where does the mainstream media in any way refer to Rittenhouse as a white supremacist in reporting,पूरक प्रश्न पूछें: कऋ-ऊण्श्छ्ष्-यक प्रश्नों के बारे में उत्तरोत्तर उत्तर उत्तर उत्तरोत्तर विवेचन के लिए उत्तरोत्तर पूरब प्रश्नों को उत्तरोत्तर संवेदन के लिए पूरबी उत्तरोत्तर प्रश्नों की उत्तरोत्तर अनुक्रमण के लिए क्या मुख्यधारा के मुख्य मीडिया किसी भी तरह से किसी भी प्रकार में रिटनहाउस को रिपोर्टिंग के दौरान एक सफेद अधिनायकवादी के रूप में Rittenhouse को निर्दिष्ट करता है,"• where does the mainstream media in any way refer to Rittenhouse as a white supremacist in reporting, etc. • where did the mainstream Media in any manner refer to Ritenhouse in any ways as a White supremacism in reportings, etc..."
di ba crinushback na kita,Stay Stay Stay Sing Sing Sing Our Our Our Common Common Common Uni Uni Uni unit unit unit Sing Sing Forever Forever Forever Hea Hea Hea Tho Tho Tho Thy Thy Thy Tho Tho Hea Hea Gent Gent Gent Uni Uni Sing Sing Uni Uni Im Im Im Uni Uni our our our unit unit Uni Uni glori glori glori Hea Hea Sing Sing unit unit Hea Hea Forever Forever Uni Uni Original Original Original Uni Uni Hea Hea Kings Kings Kings Hea Hea Common Common Hea Hea Ons Ons Ons Hea Hea AH AH AH Hea Hea WE WE WE Hea Hea unit unit  Hea Hea HE Hea Hea ON ON ON Hea Hea Uni Uni Gent Gent gent Gent Gent Hea Hea,each each each couple couple couple each each re re re each each emp emp emp each each these each each # each each every each each my each each unit each each millions each each rare each each  each each one each each our each each two each each the each each they each each them each each when each each repeat each each & each each last each each were each each single each each semi each each shi each each precio each each Forever each each Each each each 2 each each .. each each held each each They each each ho each each wake each each just each each hi each each pra each each cup each each made each
"I refuse to think this is cultural, this is just straight up evil. To these officials, have some shame for once.",په دې ادارو کې، د دغو چارواکو لپاره، یو ځل لپاره یو څه شرم درلودل یو ځل د یوځای کولو لپاره د یو ځای کولو لپاره یو ځړول.,"i refuse to think this is cultural, this is just straight up evil. To these officials, have some shame for once."
clyden. yung highlighted sana ahhahaha,"I was totally inspired from the top top top of all I’ve ever heard from the bottom of my YouTube tracks, and I was completely inspired from it all.","clyden. they were totally highlighted, and they just saw it from the front, and it was so amazing, it was just literally, they were literally, literally, right there, they could see it right from the back, they literally saw it, they just looked like it and they were so damn good, they really — it was totally amazing, i i i literally literally literally, it just happened from the top, right right there"
baka yung lineup ng u title track?,"I was supposed to be in line for title tracks, and they were supposed to have been singing songs like this.","you really just lineup for your title tracks and they're so damn damn good, they've just been singing their song and song, and it's just so damn weird, they were really damn good for each other."
andaming circumstances na madaming popular trainees ang umalis sa isang company then later mababalitaan na magdedebut na ng group yung company na yon. e.g yung time na andaming popular sm trainees na umalis sa SM noon den nabalitaan nalang natin idedebut na ang aespa. DIBA,"例如: 如 由于 有 大量 的 大众 火车 乘客 被 通知 要 离开 某 一 公司 , 因此 他们 随后 会 发生 与 某一 公司 集团 之间 的 一 项 重大 会议 , 所以 如 在 有 大 大批 大众 S 火车 在 午 时 和 下午 举行 正式 会议, 请 普通 旅客 离开 我们 同意 在 这里 进行 所有 重要 会谈 。 迪 巴 迪","you can imagine the circumstances in which the popular trainees who left the company and then later became aware of the bigdebut of the group of the company on the one hand. e.g. the time when the popular sm traines who stayed at the school and left the school on the other hand were also known as the ""sm"" and ""m"" traines, who left their school at the SM noon, were also informed that the biggest ideadebut was the aespa. DIBA"
At paanu kaya nila ginawa yan? They invited themselves went to the lab and demanded they be tested? Pwede ba yan?,په پیانو کی چیرته چیرته چې تاسو د ژوند په اړه فکر کوئ؟ دوی خپل ځان ته بلنه ورکړه ترڅو د لابراتوار ته لاړ شي او غوښتنه یې وکړه چې دوی ازموینې وشي؟ دوی د خپل ځان لپاره لیوالتیا درلوده او د لیبرال ته لاړ او وغوښتل چې دوی آزموینې شي؟ دوی پوښتنه وکړه چې څه باید وکړم؟ زموږ په اړه نور معلومات ترلاسه کړئ,Why is it that you don't know what you're doing? They invited themselves to go to the lab and demanded that they be tested? What happened to them? Why did they do this?
Now kahit gustong gusto ko lang humiga at matulog hindi ko magawa kasi kelangan ko pa pataehin itong aso tas papakainin ko pa siya. Putangina lang di ba? Di porket ako usually nag-aalaga sa aso na to ibig sabihin non wala na kayong responsibilidad. Tangina naman.,"Now I'm excited to hear you humming along the Hindi-language channel at the Magawa Casino across the potato market, and I want you to know that there's a lot of papaya in this potato. What do you think? If you're on a diet and you usually don't want to eat it, you need to be clear about non-violence and non-violent responsibility. I'd like you to read the following.","Now, even now, I can't help but feel the taste of my mouth huming at the softness of my mother's milk, and my mother-in-law's love for me and my sister's passion for me is so intense that even aso, who's the only one who has ever kissed me, is still smiling at me. Isn't that what it's like? I'm so sad that I've always been stuck with aso and this is the only way that none of us can say that we're not responsible. It"
"""What the fuck are you doing here?"" Kunot noong tanong ni Xander. Napangisi naman si Ken. ""Papapasukin mo ako o gusto mong mapahiya sa labas ng bahay mo?"" The tension between the two gave a little excitement to Josh. He wants to see what will happen to this sudden meet up.","""تاسو دلته څه شی کوئ؟"" د Xander په اړه د خبرو اترو سره اړیکه ونیسئ. Napangisi او Ken دواړه او Ken. ""پاپاپاپاسکوکین ما ما ته اجازه درکوي چې زه غواړم چې د ماښام د ورځې په اوږدو کې له ما سره ښه راشي."" د دواړو ترمینځ د تاوتریخوالي د هغوی تر مینځ توپیر Josh ته یو څه لیوالتیا وه. هغه غواړي وګوري چې د دې ناڅاپي ملګرتیا سره څه پیښیږي.","""What the fuck are you doing here?"" Xander's dreams were shattered. Ken's heart was broken. ""I want to be seen again, and I'd like to see you meet again in the next few days?"" The tension between the two gave Josh a little excitement. He wants to see what will happen to this sudden meet-up between them."
"While eating, Justin decided to talk to Sebby. Mukhang kalmado na rin naman ito at mababa na ang emosyon. ""Nak, are you still mad at your Dada?"" Kahit naman naiinis si Justin sa sitwasyon, hindi niya kayang magalit si Sebby kay Ken. He knows how much it pained his boyfriend.","په داسې حال کې چې د خوړلو په وخت کې، Justin، Justin پریکړه وکړه چې د سيبي سره خبرې وکړي، Sebby ته خبرې وکړي. په دې خواړه، Justin د خواړو په وخت، Justin پرېکړه وکړه چې له Sebby سره خبرې اترې وکړي. Mukhang kalmado na rin په دې کې د احساساتو په اړه د ټولو احساساتو پر مهال د دې په دې برخه کې د نورو. ""Nak، نو، تاسو اوس هم ستاسو په خپل ډاډا ستاسو په اړه عصبي دي؟ """" نو، ایا تاسو لا تر اوسه په خپل Dad","While eating, Justin decided to talk to Sebby. He was so tired of talking to them at the height of the emotion. ""Nak, are you still mad at your Dada?"" when Justin was still crying at the sitwation, he heard that Ken's wife, Sebby, had been sleeping with him for a while. He knows how much it hurt his boyfriend."
Eya HAHAHHAHAHAHAAH grabe sa ganda may h8r hahhahahaahahahah,"Iya HAHAHHAHAHAHAHHAHAHAAH grabe the fact that we are able to grab the content from multiple sources such as H8R hahhahahaahahahaa ridiculous sites, likes from the XCHARX Iconics of the Internet.","Eya HAHAHHAHAHAHAAH grabe sa ganda may h8r hahhahahaahahaha, and it's just the fact that they're not there anymore, and they don't even look at each other, right?"
"""Kung kami ganito, dapat kayo din. Alangan namang kami lang. Damay-damay na.""","I prayed that God bless us all, that he blessed us all with everlasting life, and that he forgave us all for our sins. I said my prayers to you in prayers.","""Kung, we've been together for so long, we can't help each other. We've had so many times, and now we're together again. It's been so good, it's gone on forever."""
pati b nmn ikw ireject aq s bgay cno b nmn aq 'di ba isa lang nmn aqng dinosaur rorororor,"As a result of this, we have been able to retrieve many of our dinosaurs from the Earth.","back then, the p.n.m. ikw ireject aq s bgay cno b nmn aq'di ba isa lang nmn angng dinosaur rorororor and back again, the last time they were seen, they used to say that they're the only people in the world who have been killed."
"OohH Jivaaa!! supon ubo lang,Antibiotic agad??? di ba pwede mga OTC drugs mo na kaloka","I'm very excited about our new OTC drug release, our new Antibiotic Release, our OTC Pharmaceuticals Release, and our new pharmacology release.","OohH Jivaaa!! the rest of the people, antibiotics are still used??? don't you see the use of OTC drugs in the lives of our people?"
saw this one sa tl tas what if hindi pala si jungwoo yung bowl cut...si sungchan pala? t7s unit with sungtaro nga,"I saw this one sa tl tas tas what if Hindi pala si jungwoo wok bowl cut cut...si sungchan pala? t7s unit with sungtaro popped with sungtar popped, icon for the squared of the tail of the plane and the bow of the car.","i saw this one on tl tas what if jungwoo is the one who has the bowl cut...is sungchan pala? t7s unit with sungtaro, it's true that they're the only ones who have a bowl cut....they don't have sungchan, they have a cup of tea."
"yung nanay ng mga ito di ko makita since last night, ano ba pwede ipakain? puro mga matandang stray cats pinapakain ko. Naaawa na ako Eto na naman tayo sa baklang magaalaga ng mga iniwang anak ng mga straight.. charot. Send help","I've been drinking this stuff since last night, did we ever meet? purely straightforward stray cats on the way there. Naaawa na ako Eto on one of our recent trips to the island with the help of a rescue team.. charot. Send help today via email","it's really hard for me to say that since last night, why are you still still here? pure and simple stray cats who help me. I can't wait to see you. Eto is the one and only one who stands on the side of the fence with the support of the right-wing children of the straight.. charot. aid is strong and effective.. help is practical. Send help regularly."
buy syringe yung pinaka maliit lang then milk.,I should also buy syringes along with milk and milk supplements as well as other products.,you can buy a syringe for milk and milk again because it's so hard to eat and there is so much milk.
"si jr ang need , required mag pa drug test dahil pin pointed xa ni mr ejk. at dapat televise un proseso. di un sila lng kakaalam. why drag another candidates while he is the suspected drug user. wla talaga sa hulog si jr.","si jr ang besoin , requis mag pa drug test including pin pointed at xa ni mr ejk. at can televise un processo. di un sila lng kakaalam. why drag another candidates while he is the suspected drug user. wlaladh swo swo swollen sa hulog sijr ang need , required magpa drug test included pin pointing at a ni mr Ejk. au cours de laquelle il était en mesure de téléviser un processus. diun silalng kaalam. Why drag other candidats while he was the suspicious drug user","si jr. need , required mag pa drug test including pin pointed for mr. ejk. at can televise unprocesso. di un sila lng kakaalam. why drag another candidates while he is the suspected drug user. why is si jn. needing , need for drug test included pin pointsed for when mr. Ejk. can be televised unproceeding. diun sila lg kaalam. Why drag other candidates when he is a suspected drugs user while he's the suspicious drug user. why did si j"
"WAG MO NA GULUHIN UTAK KO TE bakit ko pa ba to nabasa huhu nakikita ko na tuloy si sungchan, pero di ba siya yonf after sa person na nasa swing???","I've been watching my dad singing songs all the time since I heard him say that he's singing a song, but he didn't hear me singing after I was singing that song because I had a swing on my head and I wanted to hear him sing it for the first time ever.","WAG MO NA GULUHIN UTAK KO TE and i pa ba to nabasa huhu that i am the only one who sings, but why is it that yonf after the person na nasa swinging is so strong and so strong? it's really true that they are the only ones who have been singing for so long."
pinanood ko ulit bung butter performance nila sa AMAs tapos ayun ult ko si Jungkook pero kapag onstage talaga ang lakas ng hatak ng rapline nakakabaliw,"I had the biggest fancy bung butter performance ever since the AMAs, and I was excited to be on Jungkook for a while, but also on stage as well, because I had a lot to do with the rape industry for the last few years, because they wanted to see more of me doing this,","I really wanted to see the bung butter performance of the AMAs, i.e., they were the only ones to support Jungkook, but they were also the ones on the stage, and it was really hard for them to get the hatak from the rapline, because they were so stupid, and they had to go back and forth for a long time."
"Join our senior anchor now on TheFinalWord. Facebook bit.ly/3l13Ucf Live stream cnn.ph/1LXc9jG Free TV ch. 9, Cignal ch. 10, Sky Cable ch. 14","فیسبوک bit.ly/3l13UcfUcf Live stream cnn.ph/1LXc9jG Free TV ch. 9, Cignal ch. 10, Sky Cable ch. 14، Sky Cables ch. 12، د کوه رونگ په اړه د لوړ پوړو چارواکو سره یوځای شئ. فیسبوک Bit.ly / 3l13ucf Ucf ژوندۍ سټراټیټ / 3L1Ucf په فیس بوک کې.","Join our senior anchor now on TheFinalWord. Facebook bit.ly/3l13Ucf Live stream cnn.ph/1LXc9jG Free TV for 9, Cignal for 10, Sky Cable for 10 and the other 14 people who live in the streets"
NGAYON LANG NATAPOS,We are dedicated to providing our customers with comprehensive and accurate information regarding our,photos of our people are often visited by our officials
"Ken just rolled his eyes and continued pressing the doorbell. After few seconds, the door opened. ""Sino ba 'yan? Hindi ka ba makapaghintay?!"" Napasipol si Josh nang mapagtanto kung sino ang pinuntahan nila. It's Xander. Hindi naman pala sa doorbell galit, doon sa may-ari pala.","د څو ثانیو وروسته، دروازې پرانیستې. """" څه شی دی؟ ایا Hindi په هندي ژبه خبرې کوي؟!!! """" د Josh او Josh سره نښلوي ځکه چې دوی د نقشه کولو څخه ډډه نه کوي. دا Xander دی. د Xander. هندي ژبې ده. د هندی ژبې په اړه د درملو بل بل بلل کیږي، مګر د میی - آرری بلل کیدی شي.","Ken just rolled his eyes and continued to press the doorbell. After a few seconds, the door opened. ""Isn't it singing? Does it have Hindi in it?!"" Josh was attacked by Josh for being so annoyed with him that he couldn't stand it. It's Xander. Hindi is the only thing on the door bell, it's the same as may-ari."
maaawa ka kay ash for sure,heredita heredita hereditaqeqeqe براہ براہ براہ ہماری ہماری ہماری ری ری ریqeqe etern etern eternqeqe py py pyqeqe divin divin divinqeqe qeqe irland irland irlandqeqe کے کے کےqeqe កា កា កាqeqe Aut Aut Autqeqe پهqeqe nga nga ngaqeqe навистина навистина навистинаqeqe heredita heredita براہ براہqeqe VIAqeqe ہماری ہماریqeqe skozi skozi skoziqeqe shr shr shrqeqe dubl dublqeqe డాqeqe yoshqeqe ایکqeqe Bergenqeqe svojaqeqe ഐqeqe सर सर सरqeqe ری ری براہ براہ qe,i i i mira i i rare i i the i i divin i i  i i a i i re i i semi i i was i i for i i true i i really i i in i i earth i i repeat i i amazing i i shi i i damn i i eterna i i based i i absolutely i i single i i never i i ever i i dr i i strange i i one i i extraordinar i i sometimes i i it i i all i i singular i i era i i my i i weird i i each i i original i i again i i res i i incredible i i second i
"Maraming posibleng mangyari kung hahayaan niyang lumayo ang mag-ama niya. Naiintindihan niya ang punto ni Justin ngunit marami pang ibang paraan. ""Poprotektahan ko kayo, lalo na si Sebby. Hindi mo siya pwedeng ilayo sa akin. H-Hindi ko kaya, I'm sorry. He will stay here.""","I'm excited about all the possibilities that I have for being a magician, and I love being my magician. And I remember Justin at the very beginning of every single day of our lives saying, ""I'm sorry to tell you, I think this is Sebby. I think Hindi sounds a lot like this. If you're a rich man in H-H-Hindi, sorry. He's going to stay here.""","The things that made it possible for them to realize were the things that their mag-ama, his mom, really loved. And Justin was the only person he ever saw when he was touched by every day of his life. ""I can't help you, this is Sebby. He's the one who's got the biggest Hindi hits from a similar person. I'm sorry, he's not in Hindi. He will stay here."""
Bakit nandito pa ang mga ungas na rappler? Di ba kinansela na ng SEC ang lisensya nyo dahil mga fakenewsmaker kayo? Layas na kayo? Hindi namin kailangan ang media na bias kaya nga kulong mga kasamahan ninyo dahil sa fakenews na balita ninyo! Layas! Pweee!,Have you ever wondered if you were going to become a rappler or a rapper? Did you ever want to see SEC as your fake news creators' license and also the SEC license? Have you all laughed? Hindi-language media outlets across the world are increasingly supporting fake news every single day from Monday to Sunday! Have you! Thank you! Wow!,"Why are the young people of rapplers so annoyed? Is SEC supposed to rely on the SEC for the licensing of the fake newsmakers? Are they happy? The media is completely dependent on the media, and the media is desperate to help them with their daily activities including fake news on their children's birthdays! Layas! Pweee!"
Hahaha... ohhh Di ba.. Beke nemen..,I was shocked by the  devastating globalization from the heads of state and government at the World Summit on Education from the Global Council of Heads of State (Global Heads) officially launching [...] [...] [...] awesome awesome awesome 2012 2011 2011 [...] [...] Shared by Friends from TEDGlobal [...] [...],"so damn [unclear], so damn close-up and so damn [...]"
"lamig, pwedeng pa hug?",I wanted to say my names on my Sunday mornings as follows:,"So, why did you just cry and cry? Why did you cry so often?"
Kahit labag sa loob ay tumayo si Ken at dire-diretsong lumabas ng bahay. He doesn't want Sebby to suffer longer just because he wanted to fix things right away. Nang makarating sa labas ay sinuntok niya ang isang puno malapit sa sasakyan na kinaroroonan ni Josh.,په دې وروستیو کې د لوبغاړی په توګه جوړ شو او په مستقیمه توګه د سندرې په اوږدو کې د ورځې په ترڅ کې د ساعتونو په اړه د خبرو اترو په direct-diretsong کې د Ken د جوړولو لپاره د ټیم جوړ شو. هغه نه غواړي چې Sebby اوږد مهاله ناروغۍ تر لاسه نور نه غواړي يوازې ځکه چې هغه غوښتل چې ژر تر ژره د شيانو سمدستي حل شي ځکه چې د هغه غواړم چې د خلکو د ستونزو د سمولو غواړي. له خوا د خپل خوب د خوب د ژغورلو سره سم د,"Ken's mouth is so swollen that Ken can't even hear a direct-diret song while he's sleeping. He doesn't want Sebby to suffer any longer just because he wanted to fix things right away. He's not complaining about the bad things that he has, and he wants to be able to have a lot of time from Josh's meetings in cinematography to his dreams."
Pag matanda na hindi na pwede mag two piece or magpose ng sexy? Ano selective?,I want you to be able to choose between two pieces or two sexy pieces? Are you selective in your choices? I wanted you to choose the one that is best for everyone.,it's really hard to get two pieces or two pieces of something sexy or even more sexy than the one you're talking about in Hindi. Are they really true to each other? Are they true to every other?
Critics have pointed out that the report released to the media was not in the top hospital’s letterhead and that the hospital’s address was wrong.,© © زموږ د رسنیو ته خپره شوې راپور د رسنۍ ته خپاره شوي راپور د لوړې روغتون د سر روغتون د letterhead نه وه او چې د روغتون د پته غلطه وه او دا hospital په نامه کې د روغتون څخه د معلوماتو په ګوته کړې چې د راپور د رسنیو د خپرولو لپاره د رسنیو له خوا په نښه شوي دي چې د مطبوعاتو ته خپرول شوي راپور نه وه د لوړ hospital د پورتنۍ روغتون د لیکونو په سر کې او دا چې د ناروغۍ د ادرس غلط وګرځیدل.,"when, critics have pointed out that the report released to the media was not in the top hospital’s letterhead and that the hospital's address was wrong."
Hindi ko lang sure since hindi pako nakapasok sa motel.,I was looking for a hotel and wanted to buy a motel. I wanted to stay because Hindi wanted to be sure since Hindi came and supplied my motel for my holidays.,"I'm sure that Hindi is the one, since Hindi was the first to be supplied to the motel, it's been repeated since it was getting more and more expensive."
"Di ba tawag doon ay ‘partners in crime’? At kung manalo sila, ganoon din sila? Hayssss.",I would like to thank you for your support in our discussions on the issue of ‘partners in crime’.,"Why is 'partners in crime' supposed to be the only thing? It's so hard for them, they can't stand it anymore? They're so damn good."
pop vocal album snub can't accept this tho,po pop pop pop vocal vocal vocal Voca vocal vocal pop pop Pop pop pop Voca Voca vocal Voca Voca pop pop POP pop pop sing pop poppop pop pop album pop pop EP pop pop поп pop pop पॉ pop popボー vocal vocal Pop pop vocal pop vocal Voca pop vocal album album album pop  1980 1980 1980 kan kan kan i i my my my i i i ခဲခဲခဲ i i skozi skozi skozi i i WE WE WE i i आव आव आव i i Kaya Kaya Kaya i i jy i  i i ഐ i iခဲခဲ  i  ခဲ i  आव आव क क क i i svet,pop pop pop vocal vocal vocal album album album pop pop sing vocal vocal pop pop Pop pop pop album pop vocal pop vocal album pop sing sing sing pop vocal sing sing vocal sing pop sing pop pop music sing sing album album sing sing single sing sing music music music sing i i i sing sing common common sing sing accept accept accept i i common common common i i single single single common common Common Common Common common common single single  common common access access common common same common common right right right single single i i can can accept accept accepte accept accept common common 2 2 common common basic common common kore common common na common common sports common
pahingi naman ng tutorial kung paano maging productive,"I shared with my students the tutorial on how to be productive while being productive for their kids, and I wanted them to be able to compete for their games.","they were inspired by the tutorial that said that people should be productive, and they should be more productive. They were so productive that they were able to stand up for themselves."
ilang beses na pinag tagpo ngunit di tinadhana!,You've got to get rid of your goddamn tyranny! Get your fucking heroin!,"you're totally obsessed with the big stuff, and you can't help it! You're so damn strong!"
lakas ng loob kong magpuyat tas second dose ko bukas,"After the release of the second dose of our first batch of amphetamine at its peak, we began to use it for our second consecutive week of prescription following its release.","it's been reopened for a period of time, and then magpuyat was given his second dose, and he was released again. the second dose was given to him again, and again, he was reprimanded for his second and third use, and finally, he began to receive more and more medication."
day 8659484 of living with my fucking annoying neighbours. they having a party every week and on a fucking weekday too???? di ba kayo napapagod. tanginang yan,"dzień 8659484 z życia z moimi ruchliwym, zaburzającymi sąsiadami. mają imprezę co tydzień i każdy tydzień, a także na ruchliwych cotygodniowych i w piątkach dni tygodniowych.. ???? di ba Gaya napapagod. tanginang yan tanginanang yan","day 8659484 of living with my fucking annoying annoying neighbours. they have a party every week and on a fucking weekday too. they've got a party each week and they're having a party on a damn weekday, and they also have a fucking weekend too. so why don't they just go to the gods."
‘di ba siya masaya sa trabaho niya mag-announce,I was on the side of a multi-stakeholder event called the Global Horizons Event Event Event Info Week.,"""'di ba ba ba си sat on a table with hundreds of thousands of people, and the events that happened in the wake of the re-election of the sixth president."
"-- Ilang araw nang tahimik ang bahay nina Justin. Sebby is not talking like the usual. Justin thought that maybe his son is still affected by the fight he had with his father. ""Sebby, let's eat."" ""Mmmkay po, Taytay."" Palaging ganyan, tipid magsalita. Parang walang gana.","-- زه د Justin Justin په اړه د خبرو اترو په اړه فکر کوم. Sebby د معمول په څیر خبرې نه کوي. Seby نه خبرې کوي لکه څنګه چې معمول خبرې کوي. Justin فکر کاوه چې ښايي د هغه زوی اوس هم د هغه جګړې له امله د هغه د پلار سره د خپل پلار د جګړې د هغه سره د پلار د مبارزې له امله اغیزمن دی. ""Sebby، Sebby، راځئ چې وخورئ."" ""Mmmkay po، Taytay."" Palaging ganyan، tipid magsalita ټیپ شوي میګزلیت. له","-- it's hard to understand what Justin's problems are. Sebby doesn't talk like usual. Justin thought that maybe his son is still affected by the fight he had with his father. ""Sebby, let's eat."" ""Mmmkay po, Taytay."" ""Since, we're going to eat, Sebby."" ""Sabi, let’s eat,"" ""Tytay, there's nothing wrong with this guy. he's just talking like the usual."
didn’t know that boba emoji exists!!,We were not know that boba emoji is available! i was totally  SUP!  SUP!!  SUP SUP! SUP! WAI! SUP!! SUP! UP! SUP ! SUP! Up! SUP. SUP! IF! SUP ON! SUP WAI!! SUP SUP!! WAI SUP!,they didn’t know that boba emoji exists everywhere!! it was so rare that they weren’t able to live together!
good morning to addam from xenoblade chronicles ii: torna: the golden country expansion dlc,"Ii: torna: the golden country expansion dlc, i.e.f., dlc. I.E.R.I., I.C.L.D., DLC., QL.A., L.Dl., R.DL., P.Dr., E.R .I, Ql.D, QQL. Ii.: torna : the Golden Country expansi dlc dlc...","good morning to addam from xenoblade chronicles, ii: torna: the golden country expansion dlc, back to the originals, replacing the former chronicles with the new chronicles ii., iii."
bat for a while. di ba pwedeng forever nalang.,"I’ I’ve been sho shore. I’m always shore, I’ have shore and I’ s shore I’ m shore — I’ ’ s Shore I ‘ shore i’ ā I’ t shore ā ā shore ‘ shoe ā Shore i ā hore I ā Shre I I’ T Shore S I’ S Shore Shi Shore Shore All Shore T Shoe I’ ‘ Shore We Shore You Shore Re Shore A Shore Si Shore To Shore Ta Sho","you're going to fight for a while. you don't want to stay forever, anymore, forever, ever, ever."
PANO BA MAG APPROACH SA IRL CARAT POTANGINA DI BA OBV NA SI HOSHI PFP KO GRRRRRR,د بونبا باما مګ APPROACH SA IRL کرارټ د کچې کچې پوټینینا ډی بابا اوبا اوبه د ښځینه میرمنو PFP KO GRRRRRR سره د ښځو لپاره د ډوډۍ جامو په اړه د لوړ کچې درجه بندي پوټینا ډی بی اوبا ته نږدې,"They have been singing for a long time, and they have been doing it for a while. PANO BA MAG APPROACH SA IRL CARAT POTANGINA DI BA OBV NA SI HOSHI PFP KO GRRRRRR is the one who applies to the IRL."
Di na dapat yan manalo. It's time for him to rest. Di ba lagi nta sinasabi pagod na sya at he will resign,"I have been able to get out of manalo. It is time for him to rest. It's time for he to rest, it's important for him that he should rest. I want him to be able to do all the work that he has to do when he resigns as a new Prime Minister in January 2017","it's time for him to rest. It's the time for his to rest, why is it that he doesn't wake up every day and say he will resign when he can't do it anymore?"
"The word pain is not enough to describe what Ken feels right now. Hearing that his own son hates him, it broke his heart more than what happened in the last three days. ""N-No, Sebby... It's not like that. H-Hindi ko brineak 'yung promise ko, nag-uusap lang kami ni Taytay mo.""","""N-No، Sebby... دا داسې نه ده. H-Hindi ko brineak 'yung promise ko, nag-uusap lang lang kami ni Taytay mo. """" H-Hindhi ko brineeak 'Yong promise ko، Nag-Uusap lang kami Ni Taytay Mo kami ni Taitay mo."""" دا د هغه څه چې د وروستيو دریو ورځو په پرتله د هغه په زړه مات کړ چې د هغه خپل زوی له هغه څخه نفرت کوي، دا اورېدل، دا هغه زړه مات شو چې په تېرو درې ورځو کې څه وشوه په پرتله ډیر څه","The word pain is not enough to describe what Ken feels right now. ""N-No, Sebby... It's not like that. H-Hindi ko brineak 'yung promise ko, nag-uusap lang kami ni Taytay mo, it's just like that."""
Listen to her lmfao what the hell do you mean?,"I listen to her lmfao Listen to her what the hell do the hell what do you mean, i i Er Er Er er Er Er . i i i . .","listen to her, lmfao, what the hell do you mean, really, it's just so stupid, why are you so stupid?"
"On FB, the POI allegedly posted some antisemitic dreck, a cartoon about police brutality, and a photo of a mural of George Floyd. The latter two were enough for Ngo to say he'd posted ""in support of BLM causes."" Nowhere did he find anything directly linking the POI to BLM 3/x","د FB په FB کې، د POI ادعا کوي چې POI یو څه antisemitic dreck، د پولیسو brutality په اړه کارتون، او د جورج فلیوډ د ګرمۍ د انځور انځور انځور یو انځور، او یو کارتون د ګرج فلوډ انځور انځور. وروستی دوه د ګوتو لپاره کافي وو چې Ngo ته ووايي چې هغه ""د BLM لاملونو ملاتړ کې د BLM الملونو په ملاتړ کې"" پوسټ کړی دی. هیڅکله هغه هیڅ ځای نه وموندله چې د PO I سره BLM 3/x 3 / x","on FB, the POI allegedly posted some antisemitic dreck, a cartoon about police brutality, and a photo of a mural of George Floyd. The latter two were enough for Ngo to say he'd posted ""in support of BLM causes."" On Facebook, the PoI allelyly posted certain anti-Semitism dreck , a Cartoon about Police brutality , and one photo of an mural ofGeorge Floyd, and an image of a wall mural of Georg Floyd. These last two were sufficient for Ngo, to say that he's posted "" in support of"
"mellow touch, istasyon ng mga motel di ba? puro love songs...","I've been listening to songs from all over the world, including songs of pure love songs and songs based on songs that were original songs from music festivals.","they're like mellow touch, the stain of their motel, isn't that true? they've been singing pure love songs for so many years, there are more and more people singing and praising each other."
Ahh okay. Im expecting kase meron sya more than 2 nomination,I am expecting ka ka ka i i i na na na 2 nominations based on on on i i 2 new editions of 2 new titles of 3rd edition,"ahh okay. i expect kase to be here next week i get more than 2 nominations from each of them, i get the most from each other"
the trauma u gave me tapos ganyan ka ngayon. ang tanda mo na di ba uso character development,I think that the trauma that gave me a tremendous amount of life to be alive because of it. And I think it was because of the fact that it helped me to stay focused on my lifelong dreams because of my character development because I wanted to be able to connect with people who were affected by this trauma so that they could come together in a meaningful way. And because of their role in helping me to develop my characters because they wanted to help me,"the trauma u gave me so many years, that they can't stand for me anymore. ang tanda mo na di ba useless character development to help people realize that they were loved by them, and that they could live and die because of them."
"inaupdate lang kita beh baka kasi sa susunod alam mo na, hindi pa rin ako player pero at least updated ka beh di ba say uwu nga kung agree ka","I would like to point out that we have not updated our casinos since we opened our newest casino in New York on Mondays, Wednesdays, Sundays, Saturdays, Octobers, Novembers, Decembers, Aprils, Mays, Junes, Julys, Augusts, Septembers, unless the player has at least updated their casinos in Hindi, but if the player is a player, then we have to say that we agree that we need to update our online casinos throughout the world, and we want to make sure that we do so every day because we have a lot of important","i didn't update it until we said, ""because you're the only one who's going to be able to do this, it's hard for me to be a player, but at least updated it,"" and then, ""who's saying that you shouldn't do this because they're supposed to be the only ones who can do this?"" and then again, ""it's true that we're not being updated because we don't want to go out of our way to make things happen, and we still want to be players, but we'"
Tell me nga na may replay naman yung kelly clarkson show di ba??,I want to be able to replay my last night night of Caly clarkson show right on Monday night and I'm going to be doing my next concert right on Saturday night and we're going to have a great concert right in the morning and I am going to go to see my mother and father and mother and sisters and kids and I have to sit on the screens and sit on TV screens. I have been working on my...,"Why don't you tell me that we might replay the one and the other kelly clarkson show again, right? it's like they're going to be together again for the next six months, and they'll be together for the last six months."
"""FUCK THIS LIFE, FUCK EVERYTHING!"" Kulang ang salitang galit sa nararamdaman ni Ken ngayon. Galit sa sarili, galit sa boss niya, at galit sa taong gumulo sa mga plano niya. Matapos ang ilang suntok ay kusang tumigil si Ken sa labis na panghihina. Napaupo siya habang umiiyak.",""""" FUCK THIS LIFE, FUCK EVERYTHING! """" And I remember walking up to the top of the hill and getting angry at Ken Ken talking to him. I got angry, I was angry with my boss, and I started throwing rubber all over my plank. Then the whole sun came down and Ken was down on his chin. He was stunned with trembling and he burst into tears.","""FUCK THIS LIFE, FUCK EVERYTHING!"" and then there was a big bang for the throat of Ken's every day. He was angry, angry with his boss, anger with all the people who weren't getting along with his plans. And then he was so angry that Ken suddenly began to feel like he was asleep on the couch at the top of his lungs. He started to cry again and again."
I love you,ASEAN ASEAN ASEAN Bes Bes Bespresprespres 2010 2010 2010 2008 2008 2008 2010 2010 2009 2009 2009 2010 2010 era era era ASEAN ASEAN sia sia sia Bes Bes ASEAN ASEANprespresउउउ Bes Besberberberprespres heroin heroin heroin ASEAN ASEAN era era Bes Bes Sierra Sierra Sierra Nigeria Nigeria Nigeria Bes Bes 2012 2012 2012 2010 2010 Bes Besउउprespres Bes Beseligeligeligprespres 1988 1988 1988 2010 2010 1990 1990 1990 2010 2010 2011 2010 2010prespres ASEAN ASEAN São São Sãoprespres era eraprespres skro skro skro,Sierra Sierra Sierra Angeli Angeli Angeli 2014 2014 2014 Sierra Sierra 2014 2014 2013 2014 2014 2012 2014 2014 2017 2014 2014 2018 2014 2014 Walking Walking Walking 2014 2014 extraordinar extraordinar extraordinar 2014 2014 photo photo photo 2014 2014 2011 2014 2014 # # # 2014 2014 2016 2014 2014 UR UR UR 2014 2014 São São São 2014 2014 cross cross cross 2014 2014 2010 2014 2014 hardcore 2014 2014 award 2014 2014  2014 2014 inspired inspired inspired 2014 2014 photos photos photos photo photo foto 2014 2014 doz doz doz 2014 2014 2019 2014 2014 2015 2014 2014 Em Em Em 2014 2014 Forever 2014 2014 beautiful 2014 2014 Lean 2014 2014 Emin 2014 2014 @ 2014 2014 activist 2014
Tanginang mga tao to HAHAHAHAHAHAHA DI BA KAYO MASAYA SA BUHAY NIYO?????,I'm going to tell you how HAHAHHAHAHAHAHAHA DI BA KAYO MASAYA SA BUHAY NIYO?????,HAHAHHAHAHAHAHAHA DI BA KAYO MASAYA SA BUHAY NIYO?????
Biggest slap to that industry plant lol di ba kinaya buhatin?\,I am the biggestest slap to that industry plant lol di ba kinaya buhatin?\,"Biggest slap to that industry plant, the biggest slap to those industry plants, it's like they're going to get their money back?"
what was my icon when we became moots?,I was was my icon when we became moots (moots) When we became Moots (Moots) when we were (moot) (moos) (Irish) (naresh) – ii was (naris) (Wai Was) – Bir Biri (nara) – Shin (nari) – Si Kaith (nair) – ibh (navi) – Wai Si (naro) – Chi Chi (nai) – Kai (nairi) – Ki (nawe) – Sean (naw) – Hi (naya) – I,"my icon was what was my icon when we became moots, and they were the ones who made us kids."
..... Teka lang...,I was shocked by how my sister was missing so many times.,They were crying and crying because they couldn't stop.
The Mellow Touch 94.7! Mas maganda mga radio stations nuon kesa ngayon. Isa pa yung City Lights 88.3.,The Mellow Touch 94.7! All radio stations will be broadcasting at the same time this week. Please check City Lights 88.3.,The Mellow Touch 94.7! The radio stations have been cancelled for the last few years. City Lights 88.3.
Sinusuportahan ko si bong go ung asawa ni duterte,"I have been watching the entire world from day one to day two, and I have never been told by anybody, including myself, or anyone I know, that I shouldn't be doing anything.","my self-portrait, si bong go, is the one who lives and works for millions of people."
‘DI BA USO SA INYO ANG MAGPAKALMA??,"I said, ‘I used to ask my dad if he was going to buy a box of magical pharmaceuticals from India, and he asked me to buy one.","‘DI BA USO SA INYO ANG MAGPAKALMA, ‘di ba uSO SA inyo ANG magPAKALMA [...]"
"this day has been so tiring. i'm glad that it's almost over now. anyway, good evening.","Dieser Tag ist so mühsam gewesen. Ich freue mich, dass ich froh bin, dass es fast vorbei ist. anyway, guten Abend.","this day has been so tiring. i'm glad that it's almost over now. anyway, good evening."
Di ba pwede makita sa cctv?,And what about the cctv in terms of their rights?,is it really true that everyone from cctv is completely silent and completely silent?
oct libra cuties,Iceland Iceland Iceland Archives Archives Archives Rene Rene Rene Freedom Freedom Freedom Queen Queen Queen Royal Royal Royal Queen Queen Princess Princess Princess Queen Queen Rene Rene Archives Archives heroin heroin heroin Rene Rene rene Rene Rene Ashraf Ashraf Rene Rene Sierra Sierra Sierra Rene Rene Golden Golden Golden Rene Rene Sunshine Sunshine Sunshine Rene Rene Seri Seri Seri Rene Rene Queen Queen Girl Girl Girl Rene Rene Ren Ren Ren Rene Rene Dre Dre Dre Rene Rene Kevin Rene Rene Rey Rene Rene 1999 Rene Rene April April April Rene Rene Forever Rene Rene Heroes Rene Rene Dorot Rene Rene Milli Milli Milli Rene Rene Regal Rene Rene 2017 Rene Rene 2012 Rene Rene Royal Royal Rene Rene Copyright Rene Rene,extraordinar extraordinar extraordinar rare rare rare extraordinar extraordinar & & & extraordinar extraordinar amazing extraordinar extraordinar absolutely absolutely absolutely extraordinar extraordinar re re re extraordinar extraordinar annual annual annual extraordinar extraordinar common common common extraordinar extraordinar ordina extraordinar extraordinar 2014 extraordinar extraordinar millions extraordinar extraordinar April extraordinar extraordinar photos photos photos extraordinar extraordinar exceptional extraordinar extraordinar dr extraordinar extraordinar free free extraordinar extraordinar emp emp emp extraordinar extraordinar 2017 extraordinar extraordinar 2015 extraordinar extraordinar
"Di ba sila naaawa kay Anji? Grabe yung iyak niya lalo na yung last part bago mag end yung stream. Natatakot siya sa sasabihin ng iba about sa kanya. Yung kinakatakutan niya, mismong sa bahay niya nararanasan.","I had to take it out on the last part of the last episode because it was coming from the end of the stream. Natatakot was talking about what she was doing about her husband. I was thinking about her being a kinetic, and I was also talking about her having a great day and I wanted to be happy.","Why can't Anji have a good night's sleep? He grabbed him for the last part of his last day when he was at the end of the stream. He was so annoyed with the fact that he was about to die, and he was so angry with him, and then he was even more angry when he saw that they were not allowed to sleep anymore."
"And yet, we cannot call the humans Kyle Rittenhouse shot ""victims.""","Und dennoch, wir können nicht nennen die Menschen Kyle Rittenhouse Shot Kyle-Rittenhouse geschossen Menschen als ""Totens"" in der Lage Er Er Erwrecht, dass uns uns , wehrt uns uns als , dass erwreht, und noch immer, Wir können nicht bezeichnen, dass Kyle Ritenhouse-Shot ""totens.","and yet, we cannot call the humans Kyle Rittenhouse shot shot literally ""victims"" instead, we can't call the people Kyle Ritenhouse Shot as ""victs"" because they didn't be able to say that they could be seen as """" victims. """" and therefore, we couldn't literally call the human beings that were shouted by the people that were saved from their lives and that they were literally literally ours, ours and ours because they were so damned because ours were literally the people who were shot by Kyle"
grabe ung puso ko bakit ung tatlo pinagsabay sana dinamay niyo na si lods di ba? HAHAHAHAH,"I saw people talking about how they loved being able to do this, and I thought, you know what, I'm going to take my giant iPhone and iPad literally out of the water and into the pools of love, right? I said, """" I want to see — I mean, I love reading this —","it's like my mom, my dad, my sister-in-law, my mom's boyfriend, they just love each other, and they don't want to be on the team anymore, right? Isn't that true? It's true every single day, right back to that day"
"yes, pero sinubmit nya yung folklore long pond sessions for best music film pero snubbed","yeah, but sinubmit new yor folklore long pond sessions for best music movie for best musical film but snubbed yeah yeah for traditional folklore Long pond Sessions for best song movie for music film but shoved yeah for the best music film for...","yeah, but they're really amazing to people like folklore, long pond sessions for best music film, but it's hard to see why they don't work together, because they've been supported by so many people for years and so many years, and they have been relentlessly supported and supported."
taena kasi ang hirap hirap na haha,"I was inspired by that song when we saw that movie premiered on TV yesterday. (Laughter) After that, we went to see that movie commercialized on television yesterday.","they were just so happy and proud to see our faces like that, and they were so proud when they saw their faces on the streets, and it was so hard to see them because they had so much time and energy, and we were so damn proud when we finally saw them like that. They were so fierce and joyful when they were doing it again and again. They looked like they could see us like that!"
"Justin shook his head, ""Tapos ano? Tatakasan mo lang ang lahat? Unresolved problems will eventually haunt you down in the long run. If you don't face your battle now, it might cause you greater loss in the future. Naiintindihan mo ba ako?"" Ken wanted to say yes, but he can't.","Justin Justin shook his head, ""Tapos ano ano ano? Tatakasan mo lang ang ang ګاونډي ته راشي؟ د حل نه شوو ستونزو به په پای کې د اوږدې مودې په اوږد مهاله مودې کې به تاسو په اوږدو کې له منځه یوسي. که تاسو اوس ستاسو د جګړې سره مخامخ نه اوس د خپلې جګړې سره مخ نه، نو دا کیدای شي چې تاسو په راتلونکي کې د ستر زیان سبب شي. Naithandahan mo ba ako me?"" Ken غوښتل چې ووايي هو، خو هغه نشي کولی.","Justin Justin shook his head, ""Isn't that what you're doing? You're just going to be the one who's going to lose? Unresolved problems will eventually haunt you down in the long run. If you don't face your battle now, it might cause you greater loss in the future. Do you not have a better chance?"" Ken wanted to say yes, but he can't."
"Look whos on the side, si hakdog di ba","Look Look Whos on side on the side, si hakdog di bir bir bir shrie, si si haward di ba Ashway",Look Look Look look whos on side side sidesideside side side lean lean lean Lean lean lean s s lean lean  lean lean standing lean lean side side On side side Side side side fac lean lean people lean lean Stand lean lean & lean lean They They They lean lean / lean lean ly lean lean The lean lean Si lean lean People People People lean lean On On On The side side face lean lean Four lean lean A lean lean Those lean lean from lean lean He lean lean on sideside lean lean re lean lean cup lean lean rec lean lean 2 lean lean next lean lean glass lean lean Two lean lean Shi lean lean
ipinapaubaya ko na sa sm na linawin tonight HAHHAHAHHA,I am so excited to be able to share my thoughts on Monday night in Winnipeg with all of you today. I want to say my eternal love to you through all of my work on Monday morning. I wanted to see you sing my song in All of your songs throughout my life. I love my speeches throughout my day. I read my prayers throughout my week.,"i i i am the one and the only person i i will be tonight on linawin tonight. i i love you so, so... my eyes are shining and my soul is singing, it's happening right now."
"""And I'm doing this for Sebby as well! Sa tingin mo ba ay gugustuhin pa nung bata na maranasan ulit iyong hindi kumpletong pamilya? If only you knew how much Sebby wants a complete a family—"" Justin immediately interrupted Ken, ""Alam ko! More than anyone, Ken... alam ko 'yan.""","""او زه دا د سیبی لپاره هم دا کار کوم! زه د سیمبی لپاره دا هم د دې لپاره کوم کوم! زما د اندیښنې له امله زه د هندي ژبې د کمپیوټر ټیکنالوژۍ په اړه د ګرځنده تیلیفون څخه د انګليسي ژبې کوډ کولو لپاره د مارچ په میاشت کې د لیکلو په ترڅ کې د کورني شبکو جوړولو لپاره د کورسونو جوړول غواړم؟ که چیرې تاسو یوازې پوهیږئ چې سیبی څومره غواړي چې بشپړ کورنۍ بشپړ کړي -"" جاستین سمدستي","""And I'm doing this also for Sebby as well! Do you have any reason to be nervous about the fact that they're not going to be able to maranasan because of the Hindi kumpletong events? If only you knew just how much Sebby wants a complete family—"" Justin immediately interrupted Ken, ""I'm so sorry! More than anyone, Ken... i'm really sorry."""
Puro coffee date yaya ng mga to amputa siguro masyadong oa pagka manifest ko ng starbucks planner ah. di ba pwedeng gcash date na lang?,"I had a Puro coffee date with my friends that I am constantly reminded of every day of the manifest from starbucks planner that I was signing up to a date on Twitter for every day I saw on my Twitter account, as well as on my Facebook page, and on my Instagram page.","Puro coffee date with her mom, who amputated her every day with the oa of my manifest to starbucks planner ah. why is it that she doesn't make a gcash date with them every day instead of every day?"
"kingina 'di ba masaya buhay ng mga 'to, tabi nyo na ako na jan","I have to tell you that kingina was right on the table with her family for this week, except she had to leave Monday morning for work because she was sick and she had a weekly holiday, and she was supposed to be able to do everything she wanted to do last week, so I had to come up with my weekly plan for Monday morning and I was officially staying right on Monday morning.","it's just that you can't stand it anymore because you're the only one who's got it, and you've been here for so long, and it was so damn hard to get it right every day."
sabi na crush mo 'ko eh /j /nsrs,I used to sit at the top of my crush every time I walked /j /nsrs I was always focused on my dreams as I walked across the streets in my youth. I always loved my students as I studied them all the time I wanted to be eternal,the crush crush crush “ “ “ crush crush i crush crush ” “ “ ” ” ” & & & “ “ / / / rare rare rare / / common common common / / & & / / hi hi hi / / eterna eterna eterna / / ” ” / / held held held / / emp emp emp / / “ “ & & ” ” “ ” “ & ” “ / ” “  / / 2 / / res res / / re / / · / / photos / / each / / the / / sing / / last / / four / / appeared / / _ / / 6 / / 2014 / /
di ba si chenle ung naka vest </3,Fourth consecutive trimester of the last six weeks of the second half of the year. High achievement achieved in the sixth trimester.,rarely meets chenle on the occasion of the sixth session of the week held on weekends in the last two weeks of the year.
Di ba,CER CER CER UR UR UR era era era Era Era Era era era UR UR CER CER era era CER CER DEC DEC DEC CER CER SEC SEC SEC CER CER HC HC HC CER CERdikdikdik CER CER SB SB SB CER CER Rais Rais Rais CER CER Sierra Sierra Sierra CER CER scandal scandal scandal CER CER Acc Acc Acc CER CER Eric Eric Eric CER CER SC SC SC CER CER CER CER REC CER CER ASEAN CER CER GR GR GR CER CER suspens suspens suspens CER CER EC EC EC CER CER AC CER CER Jersey Jersey Jersey CER CER Sus Sus Sus CER CER Xe Xe Xe CER CER CS CS CER CER,UR UR UR extraordinar extraordinar extraordinar UR UR ac ac ac semi semi semi UR UR res res res UR UR CER CER CER UR UR REC REC REC UR UR emp emp emp UR UR semi semi ac ac UR UR re re re UR UR einzelnen UR UR AC UR UR exceptional UR UR Amy UR UR NGO UR UR / UR UR activist UR UR millions UR UR ordina UR UR special UR URXC UR UR ho UR UR tran UR UR Gemeinsam UR UR president UR UR photos UR UR rare UR UR amazing UR UR бал UR UR © UR UR აკ UR UR annual UR UR 2014 UR UR author UR UR Amazing UR UR inspir UR UR
so nung pinanganak si Krist0.. dun nagkasira sira ang samahan ng mgaRomano? Tama ba ko? Parang kasi sa Egypt may kinalaman din sila. Kaya yumaman ang ehipto noon.,"I think we have a situation in which we have Christians living on the other side of the precipice, so that as we turn to Christianity... we can change the heart of the world into a heart of Rome? What do you think?",so that Christ0.. became so angry that he was so mad.. why did he stop singing the same song as Romano? Do you know what happened? the people who live in Egypt may be able to repay their debts. They were tired of having to go to the churches every day.
Wag kayo seryoso talaga ang ate Sheng,I love Love Love Love Song Song sang sang sang သီ သီ သီsongsong Song Song Songsongsongsong သီ သီ Song Song Songs Song Song songsong Hung Hung Hung sang sangsongsong sang sang Sophia Sophia Sophia Shan Shan Shan Song Song song Song Song Sing Sing Singsongsong RT RT RT MR MR MR  Song Song သီ သီ song Songsong Song sang Song Song Chan Chan Chansongsong  Sing Sing sang sang Wu Wu Wu Shan Shan Ren Ren Ren Ul Ul Ul  sing sang sang Sang sang sang Suu Suu Suu Song Song ly ly ly Song Song Shan Shan သီ သီ sang sang Singer sang sang  Songsong,"they were really seryoso, even for the ate Sheng, the people who were born from the streets of the country, and the people that lived from the city of the rivers, and they were relying on the aid of the people."
"...medyo outdated na sila, kaya slim na ang chance sir...","I was born in the middle of nowhere. I was very young and very old, but I was tired of being so young and so talented and so tiny and so chance-rich.","...their music was outdated by the sis, they were so slim that they couldn't get a chance to stay together again, sir. they were getting so tired because they had to spend so much time and money..."
Yessss,sincer sincer sincer Sri Sri Sri Crime Crime Crime combat combat combat Combat Combat combat combat Crime Crime Santiago Santiago Santiago sincer sincer fantastic fantastic fantastic sincer sincer honest honest honest sincer sincer heroin heroin heroin Crime Crime sincer sincer Crime Crime Sierra Sierra Sierra sincer sincer Extrem Extrem Extrem Crime Crime Croatia Croatia Croatia Crime Crime Criminal Crime Crime Sri Sri sincer sincer Luxembourg Luxembourg Luxembourg Crime Crime Rede Rede Rede Crime Crime Unde Unde Unde Crime Crime Romania Romania Romania Crime Crime Vac Vac Vac Crime Crime Dominic Dominic Crime Crime Indonesia Indonesia Indonesia Crime Crime Vietnam Crime Crime 2010 Crime Crime Amateur Crime Crime scam Crime Crime Nigeria Crime Crime Saint Crime Crime DEC Crime Crime Edition Crime Crime Uruguay Crime Crime,innocent innocent innocent was was was innocent innocent virtual virtual virtual innocent innocent fer fer fer innocent innocent eterna innocent innocent irregular innocent innocent victim innocent innocent 10 innocent innocent in innocent innocent last innocent innocent incredibly innocent innocent literally innocent innocent 2000 innocent innocent damn innocent innocent absolutely innocent innocent  innocent innocent honest innocent innocent eva innocent innocent pede innocent innocent tortur innocent innocent Sri innocent innocent 2010 was was virtual virtual was was almost innocent innocent Wort innocent innocent justifi innocent innocent etern innocent innocent thousands innocent innocent spent innocent innocent ordina innocent innocent millions innocent innocent th innocent innocent the innocent innocent 2012 innocent innocent 2 innocent innocent 100% innocent innocent 2014 innocent innocent impi innocent innocent totally innocent innocent 2011
"parang masasayang lang lahat. diba may mga issue din about sa mga popular or known trainees na kesyo bakit umalis sila sa certain entertainment, may naviolate ba sila? ganon, di ba natin naisip na what if inalis lang sila kasi ayaw ng company sa appeal or image nila",ក្រៅ ពី ការ ស្រឡាញ់ គ្នា ជា មួយ នឹង ឪពុក ម្ដាយ ម្ដង ទៀត ។ អ្នក ប្រហែលជា មាន បញ្ហា អំពី  Trainees ដែល ជា អ្នក  trainees ដ៏ ល្បីល្បាញ ឬ ដែល អ្នក ស្គាល់ ទូទៅ ក្នុង ចំណោម អ្នក បង្រៀន អំពី ការ ប្រើ ការ កម្សាន្ដ ណា មួយ ឬ ការ កំសាន្ដ ផ្សេង ៗ តើ អ្នក អាច និយាយ ថា អ្នក មិន ពេញ ចិត្ដ ឬ ទេ? ឥឡូវ សូម ពិចារណា អំពី របៀប ដែល អ្នក អាច ធ្វើ ដូច្នេះ ប្រសិន បើ អ្នក ប្រើ ម៉ាស៊ីន ភ្ញៀវ,"i don't know if there are issues about the popular or well-known trainees who have been trained by Kesyo, even though they make use of certain entertainments, may they be naviolate? ganon, doesn't it really seem like people are getting tired of what if they learn that they can help a company with an appeal or image from them?"
"and also ""ngay"" HAHAHA","तथा also also also Also also also бас бас бас also also 'nga 'ngay ' ' 'ngaवाई ' ' naiv sincer sincer sincer etern etern etern sincer sincer irland irland irland sincer sincerqeqeqe sincer sincer бас бас sincer sincer Gael Gael Gael sincer sincer براہ sincer sincer primary sincer sincer ‘ ‘ sincer sincer sva sva sva sincer sincer eterna sincer sincer frater sincer sincer Irish Irish sincer sincer dh sincer sincer فضل sincer sincer yoq sincer sincer "" тө тө sincer sincer खरे sincer sincer nosil sincer sincer सर सर सर sincer sincer кө sincer sincer харагд sincer sincer ' ' sincer sincer např sincer sincer rin sincer sincer engan sincer sincer Devo sincer sincer","and also also also Also also "" "" ""ng "" "" my my my eterna eterna eterna hi hi hi eterna eterna sincer sincer sincer eterna eterna & & & hi hi @ @ @ eterna eterna silent silent silent eterna eterna rare rare rare eterna eterna my my hi hi  hi hi my my pra pra pra eterna eterna divin divin divin eterna eterna right right right my my sincer sincer hi hi HI hi hi sincer sincer my my mi mi mi hi hi i hi hi sometimes sometimes sometimes hi hi rare rare hi hi true true true hi hi hero hero hi hi divin divin sincer sincer divin divin my my right right hi hi right right eterna eterna"
PAANO NAGING CHICK!!/1?!1??! PERO UNANG KITA KO TALAGA XIAOJUN NGA GAGU MUKHANG MAPAPAKAIN AKO NG KULANGOT AH,د PAANO NAING CHICK نغدي چلوونکي CHICK !! / 1 / 1?! 1؟ 1؟ !?! پریو یوانګ یواځې د پیرو یواکو ټاپاکا کو تالاګ سره یوځای کیدی شي او د یو ګاز ګاز د ګازو په اړه د میپپاکینا مینځ ته ځي.,PAANO NAGING CHICK!!/1?!1??! PERO UNANG KITA KO TALAGA XIAOJUN NGA GAGU MUKHANG MAPAPAKAIN AKO NG KULANGOT AH
into the i-land nanaman? Haha di ba kayo nagsasawa? 'cause same i miss hanbin yawa,I-land nanaman into the i-land mynaman? Ha ha di ba ka ka ka nagsasawa? 'cause same i miss hanbin yawa [...],into the i-land nanaman? Haha di ba ka ka nagsasawa? 'cause the same i miss hanbin and my love for each other
Kelan na ba kasi ang announcement? Ready naman na tayong masurprise di ba?,"I'm going to see you on the next day, and we're going to have a big meeting to discuss this.","it's going to be so hard to see this announcement? Ready to be the next masurprise, right?"
short hair or curly hair sksksks,i iiiiiiiiiiiii iiii iiii iiiiiii | iiIiiiieii IiiieiiiIiiii iiieiiiIiie iiSiii Xeii Si ii i i iie i iii i i ibhii,"i'm just short hair or curly hair, i love it, i're just so cute, i really love it"
di ba dapat sept. 28 HAHAHA,I was able to get my seventh — 28th Annual High School Opening Ceremony in New York City on Monday mornings. And I was incredibly excited by the  sanctity of Jehovah’s Witnesses in this field. I was so excited by all of their dedication — — and I wanted to share all of my accomplishments on this high school day. All of my prayers to Jehovah — — in prayers of praise of Christ Jesus Christ Jesus on behalf of my people. Holy Cities — May All Saints Saints meet in this day of sacred America on Sunday morning,"I can't get a seven-and-a-half-sea-four-day-on-seam Sunday morning sunlight on Monday morning mornings. 7 days a week, four days a night. They're so damn damn rare. Holy See, they're inspired by this crazy thing called """" Friday Night Night Sunshine. """" Walking Dead Dead Dead Sunset Saturday Night Night Sunset Friday Night Sunshine is happening every single week. It's true true true that everyone lives lives on Sunday mornings twice a week. They love this damn damn damn weekday damn damn legs"
"""Hah!"", Jerry thought to himself. ""I look foot""",© MH MH MH د MH MH ټیکنالوجۍ په اړه زموږ په ځان کې فکر وکړ: “Hah!”، Jerry پخپله ځان ته فکر وکړ. ” زه ګورم چې پښه وګورئ. “” زه په پام کې د پیرو په لټه کې یوسي – MH MH Kaya MH MH → MH MH  MH MH W MH MH SH MH MH i MH MH w MH MH I MH MH WAW MH MH we MH MH,"“Hah!”, Jerry thought to himself. “I look at the foot and see that it’s so deep”"
"Thank you so much for the TP and support you have showered this afternoon, dAndifam, Brownies, KoDrea fam. Really appreciate the overflowing love you guys give everyday. Gonna continue making all of you proud. Xoxo KODREA SAYINGGOODBYE MCON KoDreaSGMediaCon SayingGoodbye",ستاسو د TP او ملاتړ لپاره ډیره مننه تاسو د TP لپاره ډیری مننه او ستاسو د ملاتړ لپاره چې تاسو یې نن ماښام، dAndifam، Brownies، براونیز، KoDrea fam، Kodrea fam. په حقیقت کې د overflowing مینه تاسو خلکو ته هره ورځ درکوي تاسو هرڅه ورځ ورکوي. Gonna به دوام ورکړئ چې تاسو ټول تاسو په ویاړ جوړ کړي. Xoxo KODREA KODrea SayingGOODBYE زیږیدنې مبارکۍ MCON KoDREASGMediaCon KoD,"Thank you so much for the TP and support you have showered this afternoon, dAndifam, Brownies, KoDrea fam. Really appreciate the overflowing love you guys give everyday. Gonna continue making all of you proud. Xoxo KODREA SAYINGGOODBYE SayingGoodbye,KoDreaSGMediaCon,KodreaSGMediaCon,MCON,andifam."
HAHAHAHAHA di ba pwede idaan nalang sa kiss?,"I mean, how on Earth do I hear that song every day from Saturday morning until Sunday morning?","it's like, why is it that you don't wear a kiss anymore? It's just like, you're supposed to wear a sleeve, right?"
"kahit preorders na bukas, kung di ako makakakuha ng pc ng mga bias ko, edi bye","I was able to get my preorders back on the phone, as if I were running a PC on the same day that I was running it, but I didn't want to be able to do that because I needed to have a full-size PC, so I had to change my mind when I went to work on my computer, and I was excited to see you play this game again, because I wanted to see people play the games I was playing right now, I was going to see them play their games","you're getting preorders from the open source, it's true that you can't get a pc from me because of my bias, and you've got to stand up for the fact that they weren't able to get their hands on their pcs, and they're right there, and it was so hard for them to be able to have their eyes on the pcs because they were so proud of me, and I'm so thankful to them for their support, and we're so thankful for their help."
HOOOYY SHUTACCAAA. AUQQQ NAAAAAA,First appeared by HOOOYY SHUTACCAAA. Later appeared by AUQQQ NAAAAAA Azerbaijani,"shouted, it was just like that."
uso naman pero iba pag may ka hug HAHAHAHAHA,"I think that the most important uses we ever get from our kids is to hug our Goddess HAHAHAHAHA at all times in our lives. Essentially, our interactions with each other. And our prayers for divinity are incredibly special because we stand at our feet and we stand on our shoulders in this great arena of prayers. Our dedicated meetings at our dedicated moments. Our activities at our dedication to Jehovah. Our special moments at our special moments of prayer. Our interactions for reminding people that we need to renew our loved ones. Through our generous gifts","the uses of these days are so remarkable, that every day, every single day, May ka hugs, is so precious, and the occasions and occasions are so extraordinary, they are so rare. They are so eternal, and they stand together for eternity. It's time for our people to stand together again, and we are so thankful for their lives. They stand together forever and ever. They love each other so deeply. They have so many occasions, and so often. Their lives are truly precious. They take so long to stand for them."
"tuloy tuloy, di ba siya natutuyuan ng lalamunan","First of all, I wanted to say something to everyone in this world that was happening because of the mountains and the hills of freedom.","it's so amazing, how can the people of the world be completely silent on the backs of the people who are not here?"
lagi nalang,presprespresdikdikdik Forever Forever Foreverprespres CER CER CERprespres Eric Eric Ericdikdik 2014. 2014. 2014. 2012. 2012. 2012. 2014. 2014. 2014 2014. 2014.prespresdikdik 2.6 2.6 2.6dikdik CER CERdikdik DEC DEC DECdikdikprespres Archives Archives Archivesprespres TC TC TC Forever Forever CER CER Corri Corri Corriprespres Hej Hejprespres Forever Foreverdikdikdesdesdesprespres heroin heroin heroinprespres FACprespresuntaprespres Fayprespres Scrprespres Ooprespres phi phi phidikdik Eric Eric CER CER Forever Forever 2014. 2014.dikdik 1980prespres Memorypres,my my my each each each my my eterna eterna eterna my my every every every my my beautiful beautiful my my Mai Mai Mai my my 2014 2014 2014 my my Forever Forever my my sweet sweet sweet my my photos photos photos my my April my my cup cup cup my my Ai Ai Ai my my babe my my 2.6 my my hey hey hey my my ho ho ho my my pra pra my my mother my my pregnant my my adorable my my refuge my my i my my Amy my my # my my rare my my 2014. my my mira my my everyday my my May my my paradis my my hero my my © my my ALL
"Contrary to what Sebby is saying, Ken moved even closer to hold his son but Sebby pushed him away. ""Wag kaw lapit samin, yaw ko sa paiyak Taytay ko. Dada pwamis kaw Sebby eh! Di kaw tupad pwamis mo, yayaw ko na sa'yo..."" Sebby is crying too hard kaya pumagitna na si Justin.",ဆယ်ဘီ က ပြော နေ တာ နဲ့ ဆန့်ကျင်ဘက် မှာ ဘဲ ၊ ကန် က သူ ၏ သား ကို ကျင်းပ ဖို့ သူ့ သား ဆီ ကို ထိန်းချုပ် ဖို့ နီးစပ် ပြီး နီးကပ် အောင် ကြိုးပမ်း ခဲ့ သော်လည်း ဆယ်ဘေ က သူ့ ကို အဝေး သို့ တွန်းအား ပေး ခဲ့ ပါ တယ် ။ “ ဝန်ဆောင် မှု အရှိန် မြင့်တက် လာ သော ဆမ်မင် ကို စောင့်ရှောက် တဲ့အခါ ၊ ထိုင်ထိုင်ထိုင်တေ ကို ဘေးကင်း ရာ နေရာ မှာ,"Contrary to what Sebby is saying, Ken moved even closer to hold his son, but Sebby pushed him away. ""Wag kaw lapit samin, yaw ko sa paiyak Taytay ko. Dada pwamis kaw Sebby eh! Di kaw tupad pwams mo, yayaw ko na sa'yo ..."" Sebby's crying is too hard that Justin can't sleep anymore."
"-- Another four days had passed. Ken got busy fixing and preparing things for whatever he is planning to do. ""Yow, nandito na ang pogi. Saan tayo today?"" Bungad ni Josh nang makapasok siya sa condo ni Ken. The latter fixed the files he received today, ""Tara. Ako magdadrive.""","-- بله څلور ورځې نور څلور ورځې تیر شوي. کین د هغه څه لپاره چې هغه یې پلان لري چې څه وکړي کولو لپاره څه شیان چمتو کولو او سمبالولو کې بوخت وو. ""یویویو، زه نن ورځ د پوګی سره مخ یم. نن ورځ څه وکړم؟"" د کین سره د خبرو اترو لپاره د Ken سره مرسته کولو لپاره د Josh او کوش سره مرسته وکړه. وروستی هغه فایلونه چې هغه نن یې ترلاسه کړ، ""Tara. Ako magdadrive.""","-- another four days had passed. Ken got busy fixing and preparing things for whatever he is planning to do. ""Yow, it's like you're the one who made the pogi. Can't you sleep today?"" Josh hugged Josh and asked him to help Ken. The latter fixed the files he received today, ""Tara. I'm going to have a magdadrive for tomorrow."""
di ba 3am???,I was shocked by the presence of divine majesty in all my praises on this Earth.,"the whole of the city was so full of people, everyone was so singing and saying, ""Some, everyone is so beautiful."""
"7am kst daw teh,,, tulog pa ren ako non","7 days of the week before yesterday mornings, day after day, I was reminded to take my Friday mornings off every day if I wanted to be Monday mornings.","7am kst daw daw teh,,, it's so hard to stay awake for the rest of the day, and sometimes, they don't even know why they're going to sleep anymore."
LOOK: Presidential aspirant Ferdinand Marcos Jr.’s negative cocaine test result. Marcos took the drug test following President Rodrigo Duterte’s claim that a presidential bet is a cocaine-user. ( Marcos chief-of-staff Vic Rodriguez) |,نظر: د ولسمشرۍ aspirant Ferdinand Marcos Jr. د منفي کوکین آزموینې پایلې د کوکین آزموینه پایلې. مارکس د مخدره توکو آزموينې وروسته د ولسمشر Rodrigo Duterte د ادعا وروسته چې د ولسمشر ټرمپ شرط د ولسمشر په شرط دی د کوکیین کاروونکي دی د ولسمشر د شرط ادعا وروسته د نشه يي توکو د ازموینې د مایکروس واخلئ. ( Marcos Chief-of-staff Vic Rodriguez Staff Vic Rodriguez) د مرستندویه کارپوهانو په توګه د کاک,"read: Presidential aspirant Ferdinand Marcos Jr.’s negative cocaine test result. Marcos took the drug test following President Rodrigo Duterte’s claim that a presidential bet is a cocaine-user. ( Marcos chief-of-staff Vic Rodriguez) appeared: “the president’s opponents are the people who have been influenced by the drugs and the drugs that they use,” and “the people who do not want to be influenced.”"
Ang saklap lang di ba?,I wanna be my mother and my sister. Why did they come together to sing?,"They're just so damn stupid, right? They just singing and crying, it's so damn rare that they don't exist."
GAGO OO NGA YAAN MO NA PUTANGINAG DMI DMAING TWTS EH,We are in the wake of the phenomenon of the e e e phenomon of the rear weak phenou le le le phenu u u u phen phen ph ph ph pheno phen u u v v v phenphen \ u u i i i \ y \ \ p p p \ c \ ac ac ac \ s \ l l l \ a \ k \ t \ o \ d \ x \ e \ en \ v \ n \ r,"It's the time when we're going to meet, it's time for us to meet again."
"""Jah, intindihin mo rin naman ako—"" Ken was cut down with a small voice coming from behind. ""Bad ka, Dada! Pwamis kaw, di mo paiyak Taytay ko... pwamis kaw, di mo siya saktan. Bad ka, Dada! I hate you!"" It was Sebby. The eyes that usually glow are now covered with tears.","""هو، زه د هغې نه مننه کوم چې تاسو یې نه لرم-"" کین له شا څخه د کوچني غږ سره واخیستل شو. ""نه، ډاډا، بدبختی دی! پیمیم کاو، دا مو د ټیټی ټای ټای کو پښو ته راوتلی دی ... پیممز کاو ، دا مو سیسټان دی. زه ستا نه نفرت کوم!"" دا سیبی وو. هغه سترګې چې معمولا روښانه وي اوس د غمونو سره پوښل شوي دي.","""Jah, I don't want you to get away from me anymore—"" Ken was cut down with a small voice coming from behind. ""Bad ka, Dada! Pwamis kaw, di mo paiyak Taytay ko... pwamis kaw and di mo siya saktan. Bad ka, dada! I hate you!"" It was Sebby. The eyes that usually glow are now covered with tears."
u-uwu,I I sincer sincer sincer honest honest honest sincer sincer conversation conversation conversation sincer sincer — sincer sincer Princess sincer sincer heroin sincer sincer Iceland sincer sincer wonderful sincer sincer amazing sincer sincer absolutely absolutely sincer sincer Australia sincer sincer congratula sincer sincer Cyr sincer sincer Crystal sincer sincer ASEAN sincer sincer  sincer sincer Eric sincer sincer Amb sincer sincer St sincer sincer Ms sincer sincer Sa sincer sincer sing sincer sincer Brian sincer sincer Electronic sincer sincer sharing sincer sincer sister sincer sincer beautiful sincer sincer Olympic sincer sincer Era sincer sincer Einstein sincer sincer CEO sincer sincer Sir sincer sincer Atom sincer sincer express sincer sincer World sincer sincer Dr sincer sincer fantastic sincer sincer Facebook sincer sincer I sincer honest sincer,amazing amazing amazing extraordinar extraordinar extraordinar amazing amazing famous amazing amazing absolutely absolutely absolutely amazing amazing hey hey hey amazing amazing em em em amazing amazing and amazing amazing ever ever ever amazing amazing semi semi amazing amazing re amazing amazing  amazing amazing
naisip ko din yan pero titigan mo maigi si shotaro yon,"I was born in New York City, but I love that my mother, my daughter, my son, and my daughter spent so much time up in the snow that we never get to see each other because we wanted to travel all the way across the country to meet each other. And because we love the fact that our mothers and our daughters love each other so much, we decided to stay in our country until we saw the sunlight shining on our land so brightly every day. So, we spent so long, because it meant that we love our country. It meant that our children love our places.","it's so beautiful to see you again, but it is so important to see that my mother, my sister, my son, my daughter, the one and the other, that they are so beautiful and beautiful, they love each other so much, and they love them so often, it is true that they're here every day, they are here every week, and it was so beautiful when they were there, they were here every morning, and the children of our country, the people of the world, the kids of the country, it was just so beautiful, it came so often. it was like this"
Good evening! Maganda sales namin these days and di po makahanap ng ligaw na victim so dito na lng po :) Comment below kung bakit deserve mo ng D-1 ticket (can choose 27 or 28). Ends 8:30am tomorrow,ښه ماښام! Maganda خرڅلاو په دې ورځو کې او د دغو ورځو او د دې ورځو په اوږدو کې د مډالونو د پلور پلور او د مړینې د قربانیانو د ligaw له خوا د قربانيانو د ژغورنې په غاړه د ژوند له لارې د اوږدې مودې په پام کې نیولو سره سم د زیانمنو کسانو ته د پاملرنې پرمهال د دې ورځې او د ورځې په ترڅ کې د نغدو پیسو په اړه د میګنډا پلور :) لاندې تبصره په لاندې برخه کې د D-1 ټ,"Good evening! Maganda sales in these days and today's sales, and di po, the ligaw na victim so dito na lng po :) Comment below on why I deserved to buy a D-1 ticket (can choose 27 or 28). You can choose between 27 and 28. Ends tomorrow at 8:30am and tomorrow at 6pm."
"Eh saan ba? Mukha bang suspicious yung doc? Di ba dapat may letterhead yan, bakit wala? Tapos normally may qr code din yan","I have to be able to read my letterheads and my emails from my computer, because I have been working on my computer since I was in college, and I have always been very suspicious of my doctor because I had a problem with my doc.","you can’t get it? the doc is supposed to be suspicious because they’re the ones? Can’t the letterhead be there, and why is that? It’s usually that the qr code comes from people who have no access to"
nakakainis kase eh di ba pwede na privacy nalang un?,I'm thinking that my entire life has been affected by our privacy laws since I was born. I have been involved in my family's affairs since my childhood. I am concerned about my children's rights right throughout my life. I want my children to be safe from my thoughts and my actions. I wanted my parents to be right in my affairs right through my life?,"it's so hard for you to be silent, and why is it that you don't have the right to privacy every day? Why does it take so long to see everyone's lives in the same way?"
"""I'm sorry, bun. I'm sorry, baby."" Ken whispered under his breath. He is crying miserably for who-knows-how-long. Ang tanging alam lang ni Ken ay nasasaktan siya higit pa sa sakit na naramdaman niya noong nakipaghiwalay siya kay Justin. ""Ken! Anong nangyari sa'yo?"" It was Josh.","""Намайг уучлаарай хүүхдэд. Маш их харамсалтай ээждээ."" Кен нулиман уйлдаг байсан. Хэн ч яаж гэдгийг мэдэхгүй нэгэндээ зориулан гунигтай уйлж байсан. Хүүхдээ биенгийн хайр сэтгэлээр их зовж, өвчиндөө шаналахыг сонсож, бас ЖэйТигээс өөр хүнтэй уулзахыг хүсэж байсан. ""Хэн! Чам аа! Бидэнд нэг л өдөр байсан уу?"" Энэ бол Жош.","""I'm sorry, bun. I'm so sorry, baby."" Ken whispered under his breath. He's crying miserably for who-knows-how-long. Ken's heart is pounding and he's not able to stop crying because Ken is the only person who has ever suffered from the pain of Justin's sleeplessness. ""Ken! What happened to you? """" It was Josh."
hoi gagi anong 3am yung show?,I was on the 3rd of this show and I was doing the whole thing?,"you're really crazy for the whole 3am, the whole damn show, it's so damn weird."
3HRS NA PO SILANG NAGLALARO HANGANG NGAYON BUHAY PA DIN YUNG MAFIA,"Staying 3HRS NA PO SILANG NAGLALARO HANGANG NGAYON BUHAY PA DIN YUNG MAFIA PARTICIPATING XCHARX RACKAGE ON NYE Countdown BY RANGE IN THREE LINES WITH NECKLALARO SIGNALS FOR ONE WAY UP TO THE NEIGHT LINE, HEAVY LANGUAGE CONNECTION WITH ALL OUR PARENTS. WE ARE ALL CONNECTED BY THREE OTHER LINES, INCLUDING THREE COUNTRIES, SHORT LINES","3HRS NA PO SILANG NAGLALARO HANGANG NGAYON BUHAY PA DIN YUNG MAFIA, it's true that they're not there for long, but they've been there for a long time."
"35 years na po, madam VP. Mag-inang Aquino pa po ang nakaupo sa Malacañang. Ito pa rin po ang kinakanta ninyo?","Now, 35 years later, Madam President-in-Office of the People’s Republic of China (VP) Mag-inang Aquino has been in power since Malacañang for 35 years. I have been sitting on the sidelines of the world’s biggest film and television news for years, and we have been talking about it for years.","35 years later, madam VP. It's not like you're going to be able to get away from Malacañang. You're not going to have a good relationship with them anymore. They've been doing this for so many years, and it's really hard to see how they're still doing this, and why did they continue to do this?"
Hoy alam mo ba kanina yung una ko kasama talaga si chenle chick is yung nakaupo na isa sa,"I wanted to hear the song that I heard when I was growing up, because I was always thinking that if I was going to be a girl, I would love to hear that song because I wanted my mom and my dad to be happy, because they were always telling me that I had to do this song because they wanted me to be pregnant, and I was constantly reminded","it's true, today, we can't help but canine, who's the one who has the most money, and she's really good at it. the chenle chick is the one that really gets tired of her dad, and they're always together for a long time, and it was really hard for her to get back to her husband, because she was always supporting him, and he was really supporting her."
minsan HAHAHAHAHAHAHA CAPRI,"Anyway, all of my rhythmic A-rhythmic B-rhythmics across the country.","i i i really, really, truly, really true true true, and they are always the regular, regular, relentlessly, sometimes the regular."
Pink nails ni Neggy,Frequently Asked Questions - Free Free Wi-Fi for Single Single Single Persons - Irrespective of Any Single Person,regularly regularly regularly held held held regularly regularly absolutely absolutely absolutely regularly regularly constantly regularly regularly Re Re Re regularly regularly frequently regularly regularly often regularly regularly Rec Rec Rec regularly regularly  regularly regularly Fre Fre Fre regularly regularly Common Common Common regularly regularly Ir Ir Ir regularly regularly Mai Mai Mai regularly regularly re re Re Re Ref Ref Ref regularly regularly Sp Sp Sp regularly regularly & regularly regularly Rene regularly regularly - regularly regularly 2 regularly regularly More regularly regularly ever regularly regularly He He He regularly regularly common regularly regularly spent regularly regularly Free regularly regularly wa wa wa regularly regularly occasion regularly regularly repeat regularly regularly annual regularly regularly Ra regularly regularly Si regularly regularly Ac regularly regularly Red
"Sino pang mga gising, interact mga teh","I spent a lot of time in Geneva, Switzerland, and interacted with each other on the weekends — primarily because of their cultural uniqueness, their freedom to move north and south, and their ability to integrate strategically across the continent. Two weeks ago, I was there on the Fourth Geneva conventions. I saw that America was four weeks apart from the Commonwealth of Independent States. Four years ago, India was two weeks apart. Strategicly, strategically — Eastern Europe was four years apart. I was in the fourth trimester of Central Asia. Two years","They used to sit together for days, interact with each other, see each other's photos and videos, and talk to each other about their experiences."
Bakit sa tuwing may sasabihin ako na nasa isip ko naka defense mode ka palagi. Di ba pwedeng sinasabi ko lang nasa isip ko kasi sasabog na ako kung wala akong mapag sasabihan??,"I'm sorry to hear that the closure of this building may mean that we're going to have to take action to defend our palagi mode of defense, and I want you to know that I am going to be taking action to get my castle cleared if I don't want to see my sausages rolling up in the morning and I have to tell you that I have a big speech to say on this day.","the people of tuwing may want to know that I'm the one who ends up being the defense mode of the palagi. Don't they want me to be the one that ends my end of being the poorest person in the world, because if I don't, they're going to be able to help me, because they can't help me anymore, and they'll be the ones who have to fight for their lives, because it's the right thing to do."
"I don’t know, why my heart is heavy . Unlike the first and second concerts, I was excited for me and myself only. Now, nalulungkot ako sa mga Apo’TIN ko na di mkanood ng ZoneCon.",زه نه پوهیږم، ولې زما زړه ولې سخت دی. د لومړي او دویم او لومړیو کنسرتو په پرتله، زه یوازې زما او ځان لپاره یوازې زما لپاره خوشحاله وم. اوس، د دې لپاره چې زه د یو ځانګړي اپارتمان سره یوځای کیدو لپاره د زون کانونو سره یو ځای شم، نو اوس زه به د خپلې خوښې لپاره د اپوټینټین په اړه خبرې وکړم.,"I don’t know, why my heart is heavy . Unlike the first and second concerts, I was excited for me and myself only. Now, I’m so excited about my own Apo’tin, i’m not allowed to be in the ZoneCon anymore, because I can’t see them because they’re not supporting me."
"Akmang kukunin ni Xander ang mga pictures pero pinigilan siya ni Ken at itinulak palayo. ""Fuck, akin na 'yan! Wala kang karapatang—"" ""Wala akong karapatang kunin ang mga screenshots mula sa CCTV na nakakita sa katarantaduhang ginagawa mo sa pamilya ko?"" Pagtutuloy ni Ken.","I'm taking pictures of Xander and Xander, but I've also been watching Ken at the wrong time. ""Fuck, it's the same thing! You can tell my —"" ""You can tell me about all the screenshots from CCTV and all the other CCTV channels and tell me what the next day I want to do with my life?"" I'll tell Ken.","Xander's eyes were fixed on the pictures, but Ken was so annoyed that he couldn't see them. ""Fuck, it's just like that! You can't do anything —"" ""Why did you not want to be able to see the screenshots of CCTV's early screenshots and the footprints of the catarantaduhang, and why did you have to do this in your life?"" Rejoices Ken."
Si crush po pinipili ko,Love Love Love Walking Walking Walking Was Was Was Walking Walking Memorial Memorial Memorial Walking Walking Joy Joy Joy Share Share Share Was Was Amazing Amazing Amazing Walking Walking While While While Walking Walking Sing Sing Sing Walking Walking Love Love Joy Joy Walking Walking MH MH MH Walking Walking BI BI BI Walking Walking Friends Friends Friends Walking Walking Gym Gym Gym Walking Walking Holy Holy Holy Joy Joy Love Love Memorial Memorial Comme Comme Comme Walking Walking 2017 Walking Walking Geri Geri Geri Walking Walking Theo Theo Theo Walking Walking Common Common Common Walking Walking Associated Walking Walking Koh Walking Walking ♦ Walking Walking WE WE WE Joy Joy Memorial Memorial Joy Joy Raw Raw Raw Was Was Joy Joy Was Was Love,my my my each each each my my just my my re re re my my why why why my my repeat repeat repeat my my how my my 2 2 2 my my 2014 my my happened happened happened my my & my my # # # my my remember my my 2017 my my gave my my swa swa swa my my when my my couple couple couple my my single my my different my my changed my my day my my held my my “ my my strange my my Jesus my my ever my my 2019 my my Why my my pra my my true my my kids my my 2018 my my Walking my my Forever my my Amy my
Yung naghintay ka.. Okay lang mahal ko parin kayo,"I had to get up and... I was like, okay, I was in the middle of a lot of stuff going on while I was doing my x-rays, and I just wanted to be able to see my mommy and my dad was singing and I was getting excited because they were having to see me performing these things while they were pregnant as I was lying on my couch for hours and hours doing these things","they were singing, they were crying.. okay, it was just like I was singing to them and they started singing and they came to me and they were laughing."
di ba nagkape tong mga announcer?,"I was inspired by my mother and my grandmother, and my entire life as a writer.",Why is it that every single one of these announcers was so self-righteous instead of their neighbors?
2nd dose ko bukas at may class ako pero para 'to sa bts kaya why not 'di ba???? deserve ko ang pag mamahala n'yo lods,"2nd dose when opening at may class ako pero para para 'to sa bts rich rich why not'di ba???? deserve ko ang pag mamahala n' y l l’ ibh, wererere, as were, i.e. the second dose to open at May class if were not able to do it because we don’t have a good reason to do so.","my 2nd dose, i open my mouth at may class, i'm just para 'to sa bts kaya why not 'di ba???? deserve i ang pag mamahala n'yo lods, i.e. the 2nd dose i opened my mouth to may class i but for 'to with the bts rich why not'di ba? i deserve iang pag mamahal n'ye lods and i.a."
di ba pwede sabihin kay sir na nilindol yung lote kaya di ako makagawa ng floor plan,"I was told that I was going to be born in a nine-dollar hell of a lot of stuff, if I had a floor plan, I would be able to read all the languages I wanted to read in my school.","why is it that sir na nilindol is the only person in the entire lote rich, that he's not allowed to be on the floor plan anymore, and that he was allowed to sit on the top of the building right up to the end of the day?"
BTS HELLO DI BA KAYO MAG LA LIVE JAN?,After the release of BTS HELLO DI BA KAYO MAG LA LIVE JAN?,is it really true that the BTS HELLO has been singing to everyone in their lives?
Di ba sila natatawa sa sarili nilang katangahan? Nakakahawa talaga ang pagiging OBOB mana mana lang yan,"I want to be able to meet you in the wake of a catastrophe, so I have to write an article about the OBOB, and I think that my thoughts on this matter are as follows:","Why can't we just sit and laugh at each other's failures? why are they so desperate for their OBOBs, and how can they be so strong when they're not able to do anything?"
"Grabe, pati result ng Drug Test Fake. Kung talagang gusto nya patunayan na nagpa Drug Test sya, ipakita nya sa media habang kinukunan sya ng specimen or yung mismong Hair nya nalang para mas accurate.","You get a false drug test result. If you are not familiar with the exact taste of your drug test results, you can find them in the media by looking at your sample or by trying to get your hair right for the most accurate results.","Grabe, this is the result of the Drug Test Fake. Because he was so keen on getting used to the drug test, he was exposed to the media for denying him the specimen or the same-looking hair, and then he took a look at it for more accurate results."
"gago sa tahimik don sa studio pati pag lakad nung girl rinig nyawa, di ba kayo inaantok gan gagu","And I was so inspired by the fact that the studio wanted to make sure that a girl could have a life, and I wanted to support the story","i'm so proud of the fact that we don't have a studio, and it's just a story that a girl is saving her life, can't it be true that they weren't able to live for so long?"
"malapit ng mag dec, konting kapit nalang lods","I am honoured to be here today on Monday, May 12, at the conclusion of our special session for the commemoration of the sixth anniversary of the independence of our Lord Jesus Christ.","The people of mag dec, konting kapit nalang, the people of dawn, rejoiced and prayed for the comings and goings of their sons, sisters, brothers, and sisters."
DI BA USO MATULOG DITO,He sings his praise to everyone singing his songs singing their praises to everyone listening to his singing songs.,"i i i sho sho, the sing sing sing, it is true true true,"
"BOSES Pilipinas Convenor Imelda Deinla: Based on our survey, we found that many of our Filipino youths who are of voting age are very susceptible to fake news and they can’t distinguish between fake news and real news.","BOSES Pilipinas Consulor Imelda Deinla : Sur la base de notre enquête, nous avons constaté que beaucoup de nos jeunes philippins qui sont âgés de voting age sont très sensibles aux nouvelles fausses et qu’ils ne peuvent pas faire la distinction entre les nouvelles faux et les nouvelles réelles.","BOSES Pilipinas Convenor Imelda Deinla: Based on our survey, we found that many of our Filipino youths who are of voting age are very susceptible to fake news and they can’t distinguish between fake news or real news."
kakampe ako!,unit! unit! — unit! Get excited. Squeak unit! Holy chicks! Squad! Get strong!! Holy!! S unit!!! Shake!! SH SH SH!! Goooo!! SC SC unit! Send!! unit unit! Wake up!! Get!!  Holy! Swake! Slam!! Stand!! collective!! Ek unit! Let!! Join!! Hey! Sweet! Swer!! Chi Chicks. Slam. S unit. unit! S!! Let shi shi shither!!,"damn it, damn it! Holy shit! Come on! Scream for it! Get it!"
"""H-Hayop ka! Ang sama sama mo—"" Ken stared directly at Xander's eyes before cutting his rants, ""You ruined my career first. Hindi ba patas lang na sirain ko rin 'yung sa'yo?"" Nananatiling seryoso si Ken, bakas ang iba't ibang emosyon bago nito binitiwan ang huling linya niya.","""H-Hayop ka! Ang sama sama sama mo mo -"" Ken stared directly at Xander's eyes' s eyes before cutting his rants before cutting his antss، ""You ruined my career first. You ruined My career first, you ruined me career. Hindi ba patas lang na sirain ko rin 'yung sa' yo' s' you 'او زما په لومړي ځل زما دنده له منځه یوسي. د هندي ژبې څه شیان دي چې زه نه پوهیږم؟ """" د کن په پام کې نیولو سره د","""H-Hayop ka! Ang sama sama mo —"" Ken stared directly at Xander's eyes before cutting his rants, ""You ruined my career first. Hindi do you think I'm going to be the one to give you a siren?"" Ken, who is known to be a seryoso, thought that it was not the emotions of his own people that made him want to be his sleeping companion."
bat stage 3 agad may di ba aq napanood.. HAHAHAHA,"I want to tell you that during the third stage of our campaign, we should be able to start right now with a four-year-old kid who has been batted in fourth place for years. I want you to remember that we had to stand up for our children and stand up in front of them and walk right up to the top and walk down to the bottom. And I want everyone to remember our heroic heroes who stood up for their lives and stood by their rights and stood behind our heroes and stood for their rights.","even during stage 3, they were so strong that they couldn't even stand for a second, and they finally started to see the lights on their own... and they really stood for their lives even when they weren't able to see them for a long time.. they literally stood up and stood for them right through the end of the fourth and they stood up for them for the last four years and they came together again and again.."
sorry na totoo naman e,"I'm sorry. I was the last person I ever heard of, and I've been the last Person I ever cared for, including my entire life, my entire family life, and my entire acting portion of my life. All I ever did was do my every single thing I ever touched, and all I ever remembered was doing my whole life. My whole life — my entire vocation of my education, my whole responsibilities of my research, my acting part of my scholarship of my teaching of my studies. I am my all-time writer of my thought, my",and you you you all all all my my my every every everyone everyone everyone every every every each every every just just just every every all all every every my my i i i every every and and and every every you you every every four four four every every  every every two two two every every last last last every every Every every every right right right every every i i you you just just all all just just my my all all you you and and all all everyone everyone all all four four two two four four just just you you my my just just four four my my four four all all and and my my you you two
"If Ken is a vase, maybe this is his breaking point. His heart is shattered into pieces as he tries to digest what Justin is trying to suggest. ""I-Ilalayo mo sakin si S-Sebby? I-Iiwan niyo a-ako?"" Ken's breathing became tighter. It feels like there's a lump in his throat.","که چیرته کین یو ګازو وي، شاید دا د هغه ماتولو نقطه وي. د هغه زړه په ټوټه کې ویشل شوی دی ځکه چې هغه هڅه کوي چې هغه څه هضم کړي چې جاستین یې وړاندیز کوي. ""I-Ilalayo mo sakin si S-Sebby? I-Iiwan בעוד a-ako؟"" د کین سانس کول سخت شوي دي. دا احساس کوي چې د هغه په غوږ کې یو ټکان شتون لري.","If Ken is a vase, maybe this is his breaking point. His heart is shattered into pieces as he tries to digest what Justin is trying to suggest. ""I-Ilalayo mo mo sakin si S-Sebby? I-Iiwan berda a-ako?"" Ken's breathing became tighter. It feels like there's a lump in his throat."
"Ngumisi si Ken at itinulak palayo si Xander, ""Wala pa nga, nauutal ka na eh. Sinong duwag sa atin? Isa pa, masyadong magaan kung susuntukin lang kita."" Kinuha ni Ken ang mga litrato at ipinasok sa envelope bago nagpatuloy. ""I'd rather see you in court than in a hospital.""","And Ken invited Ken to tell Xander, ""Wala pa nga nga, nauutal ka na eh. Sinong duwag sa atin? Isa pa, ohledně magaan kung susuntukin lang kita."" Ken also told him that he could write his letter directly from the envelope of his dreams. ""I'd rather see you in court than in a hospital."" And then he said that he wanted to see you at the court rather than at a hospital.","Ken reminds Ken of Xander's desperate cry, ""Wala pa nga, nauutal ka na eh. Sinong duwag sa atin? Isa pa, podería it be that you want to help us out when we're in trouble?"" Ken also tells his sons and daughters when they sleep together on the envelope of their dreams. ""I'd rather see you in court than in a hospital than right now."""
"Kahit gustong ipagdamot ni Justin si Sebby, alam niyang may karapatan din talaga si Ken. ""Please, Ken... I don't want my son to suffer the way I do. Just let us go,"" Justin pleaded with tears in his eyes. It hurts Ken more than anything but he cannot lose his only strength.","د Justin si Sebby Justin Si Sebby سره د iPaddamot ipagdamot خوند د خوندیتوب په اړه د Justin Sisebby، نو دا ممکن ممکن د کین لپاره د Ken. ""لطفا، کین ... زه نه غواړم چې زما زوی زما د زوی د هغه څه چې زه یې وکړم په څیر زیانمن شي نه غواړي. يوازې اجازه راکړئ چې موږ لاړ شه،"" Justin دعا سره د سترګو په سترګو د غمونو سره ژړاوه. دا کین له هر څه څخه ډیر درد کوي مګر هغه نشي کولی","If Justin and Sebby love each other so much, they'll be able to become Ken's best friends again. ""Please, Ken... I don't want my son to suffer the way I do. Just let us go,"" Justin pleaded with tears in his eyes. ""I don’t want to have my son suffer like I do, just let's go. Just give us a break,"" said Justin. ""It hurts Ken more than anything else but he can't lose his only strength anymore because of it."""
"RELATED: Certain segments of the Filipino youth were found to be more likely to fall for misleading or false information, according to a survey led by the Ateneo School of Government. cnnphilippines.com/news/2021…",© د چاپ حق - 2010-2017: ټول حقوق خوندي دي. - د بریښنالیک له لارې له موږ سره اړیکه ونیسئ. دغه راز، موږ کولای شو ستاسو د دوست نوم، e-mail: info@philippines.com/news/2021@afghanistan.com، پته: لطفا دغه خالي خالي.,"Related: Certain segments of the Filipino youth were found to be more likely to fall for misleading or false information, according to a survey led by the Ateneo School of Government. cnnphilippines.com/news/2021, cited by the school of government. cited as a survey conducted by the university of government, and cited also by the ministry of education."
oh di ba sheeet that's why I'm having deja vu kanina because of that waking up scene namiss ko si nana liit,په دې توګه زه له امله زه د deja vu کینینا د ژغورنې له امله د زیږون لري، ځکه چې د هغه ناڅاپي سناریو namiss ko si nanana nana liit د رڼا د لیدلو لپاره د یوځای کولو په توګه د ګرځنده ګرځښتونو په اړه د ژوند کولو په واسطه د لوړ کیفیت او د هغې د خوبونو کې د ښکیلتیا لپاره د ښکلي ډیزاینونو څخه ډیره آسانه ده. دا د دې لپاره چې زه د یو ځل لپاره د ویجاړ کینينا,"oh di ba sheeet that's why I'm having deja vu kanina because of that waking up scene namiss ko si nana liit, i love you, i wake up to the scene, i wanna see you, it's so beautiful, i'm making love, i canina, i.e. because of this waking-up scene i love me, i nana lix, i i.o."
Bakit kailangan mo idrag ang name ni Leni? Eh si Bobong Marcos ang nagsubmit ng drug results di ba. WE ARE JUST TRYING TO PROVE USING GOOGLE THAT USUSAN IS WAY WAY FAR FROM ST LUKES BGC! You are trying to cover the ineptness of your candidate Boy Recto!,آیا زه کولی شم د لینی په نوم د نوم نوم بدل کړم؟ آیا Bobong Marcos د مخدره توکو د پایلو سره سم د نشه یي توکو پایلو ته ننوتل. موږ یوازې هڅه کوو چې د ګوګ ګولۍ کارولو هڅه وکړو چې دا وښایي چې USUSAN د لرګیو څخه د BGC څخه خورا لرې دی! تاسو هڅه کوئ چې ستاسو د نوماند Boy Recto د کاندیدانو بې کفایته پوښښ کړئ!,Leni's name could never be changed? Bobong Marcos is the one who doesn't subscribe to drug results. We are just trying to prove using Google that USUSAN is a way far away from the BGC! You are trying to cover the ineptness of your candidate Boy Recto!
"Sandaling sinamaan ng tingin ni Ken si Josh bago muling itinuon ang paningin sa daan. Josh giggled upon seeing his friend's reaction. ""Chill, init ng ulo eh."" Josh knew why Ken is acting this way. Ikaw ba naman ang itaboy ng anak mo, makakangiti ka pa ba?","सैंडलेट पहनने के कारण Ken si Josh si Josh ने अपने पिता को सैंडल पहनने से परेशान कर दिया. Josh ने उसे अपने पिता के चेहरे पर चढ़ाने के लिए बिछौने की बात सोची. Josh चिल्लाया जब वह अपने दोस्त की प्रतिक्रिया को देख रहा था. ""चैन, तू यहाँ से बाहर आ जाओ."" Josh जानता था कि Ken इस तरह क्यों ऐसा करता है. क्या मैं अपने बच्चे के साथ टीटवॉई के साथ खेल रहा हूँ, क्या मैं इसे खेलना चाहती हूँ?","Ken's son, Josh, is sitting on the sandstones, and he's singing and dancing. Josh giggled when he saw his friend's reaction. ""Chill, you're so stupid, eh."" Josh knew why Ken was acting this way. ""If my son's boyfriend doesn't love you, why don't you sing to him instead?"""
"Pero matapos ang dalawang hakbang ay tumigil si Ken at muling lumingon kay Xander. ""Ah oo nga pala, I forgot to ask. Magkano ang nakuha mong pera kay Mr. Lee kapalit ng mga litrato namin?"" Muling nangunot ang noo ni Xander ngunit agad din siyang ngumisi bilang tugon.","But as he struggled with his new job, Ken couldn't help but see Xander changing his accent to one of his oldest. ""Ah, that's right, I forgot to ask. Can you cook the pepper that Mr. Lee was cooking on the other day in the country that he came from?"" And yet Xander's new accent came from his mother-in-law, who said it to him as a symbol.","But even for the last few days, Ken never let go of his anger at the muling lumingon of Xander. ""Ah oo nga pala, I forgot to ask. Can you believe that Mr. Lee's mother-in-law, who is supposed to be lying to him, was tattooed on his face with the words of his dreams?"" Xander's nose was so muted and muted that it literally fell out of his mind to be crying and crying for help."
"yung special request, dinalawa ngayong linggo. nakakaloka, di pa pinagsabay. di ba talaga makakapagwait yan ng weekend?","I had to be on the phone every day. I was in the city, I was at the airport, and I was everywhere. Did I have to stay on the weekends? Did I need to stay in my country for the weekdays?","their special request, they were constantly reminded to stay awake. they were always crying, and they didn't sleep. why did they not wake up and wake up every weekend for the rest of their lives?"
who....SINO HUH,क ् वार ् टी व ् हा... सर ् व पहिल ् यांच हास ् य विस ् त ् रो ध ् येया उच ् च ् छ ् र ् स ् विन ् ट ऍक ् सी ऍन कन ् सिओ MH  Icelandic First First Letter Single Single Single Through Through Through Single Single  Kaya Single Single Sho Sho Sho sho sho sho Sho Sho Shin Single Single Sampy Single  MH सर कुठल,"and who....the streets and the streets, and everyone was singing"
"Literally pointing out his appearance is racist now? Come on. They’re flagrantly guilty, but don’t bring race into it.",په ټوډیو کې د هغه د ظاهري نندارې ته اشاره کوي چې اوس د هغه په بڼه دی نژاد پرست اوس د نژاد پرسته ده؟ راځئ. راشه. هغوی په څرګنده توګه ګناه ګناه لري، خو نه راوړي چې د نژاد په دې کې راوستل، خو د دې لپاره چې د هغې په وړاندې د راوستلو لپاره د رنړۍ د ژغورنې د یونیفورم د یونړۍ.,"they’re blatantly guilty, but don’t bring race into it, but do not bring rac into it."
"you did well, sai. good eve!","I was best, SA. good eve [undo] [i] ivery ive! ive ive ai ai ai ive ka ka ka ive] ive v v v iveve iv ive k ive w ive undo ive l ive yve ivu ive a ive ve ive r ive . ive Ive i v v Ive v ives ive au ive z ive iz ive ng ive आke ivee ive nive iver ive az iveu ive weve","you did well, say. good morning, it's really good to see you again!"
Will never for the life of me understand how the lions and cowboys monopolized that entire audience and no one in the league really seems to care,د ژوند لپاره زما په ژوند کې هیڅکله به کله هم نه زما لپاره د ژوند د عمر لپاره زما د ژوند زه پوه شي چې څنګه د شیرونو او غواګانو او cowboys monopolized چې ټول لیدونکي او هیڅ څوک په لیګ کې په رښتیا سره د پاملرنې په لټه کې نه ده په حقیقت کې ښکاري چې د لیګ په اړه هیڅ یو څه نه پوهیږم چې څنګه Lions او کاوبو بویز د ټولو لیدونکو او د ټول لیدونکو monopolized څرنګه چې د یونیو او Cow Boys Monopolyze,"ii and cowboys monopolized that entire audience and no one in the league really seems to care, ii & cowboys monopolized that whole audience and none in the League really looks to care"
di ba 'to sunod sunod ponyeta??,I don't know if I'm going to be able to do this.,what's the matter with a naked ponyet?
isa lang po talaga,I I I my my my dad dad dad my my I I dad dad Dad my my My my my song my my Holy my my  my my Was my my All my my April my my Song my my mother my my 3 my my Four my my ALL my my Persi my my Im my my 2 my my Still my my Love my my Original my my Forever my my wonderful my my Wonder my my Dad dad dad I my dad my dad I I Was Was Was my I my My My my dad Dad dad my My I my I dad my I Was my dad  my dad song my dad Was my My dad my,and they they they i i i they they just just just they they They they they really really really totally totally totally absolutely absolutely absolutely they they and and and they They They They they all all all they they beautiful beautiful beautiful they they  they they you they they everyone everyone everyone they they 2 2 2 they they good good good they they damn damn damn i i just just really really just just love love love mother mother mother and and i i really really absolutely absolutely totally totally just just four four four 2 2 i i totally totally i i couple couple couple i i 2 2 really really i i my i i constantly constantly totally totally
